Section,Short_Title,Content
มาตรา 1,นิยามศัพท์กฎหมายอาญา,ในประมวลกฎหมายนี้ (1) 'โดยทุจริต' หมายความว่า เพื่อแสวงหาประโยชน์ที่มิควรได้โดยชอบด้วยกฎหมายสำหรับตนเองหรือผู้อื่น (2) 'ทางสาธารณประโยชน์' หมายความว่า ทางบกหรือทางน้ำสำหรับประชาชนใช้ในการจราจร และให้หมายความรวมถึงทางรถไฟและทางรถรางที่มีรถเดินสำหรับประชาชนโดยสารด้วย (3) 'สาธารณสถาน' หมายความว่า สถานที่ใดๆ ซึ่งประชาชนมีความชอบธรรมที่จะเข้าไปได้ (4) 'เคหสถาน' หมายความว่า ที่ซึ่งใช้เป็นที่อยู่อาศัย เช่น เรือน โรง เรือ หรือแพ ซึ่งคนอยู่อาศัย และให้หมายความรวมถึงบริเวณของที่ซึ่งใช้เป็นที่อยู่อาศัยนั้นด้วย จะมีรั้วล้อมหรือไม่ก็ตาม (5) 'อาวุธ' หมายความรวมถึงสิ่งซึ่งไม่เป็นอาวุธโดยสภาพ แต่ซึ่งได้ใช้หรือเจตนาจะใช้ประทุษร้ายร่างกายถึงอันตรายสาหัสอย่างอาวุธ (6) 'สิ่งพิมพ์' หมายความว่า สมุด แผ่นกระดาษ หรือวัตถุใดๆ ที่ได้ทำให้เป็นข้อความ ข้อเขียน หรือรูปรอยพิมพ์ โดยประเทศพิมพ์ การถ่ายรูป การถ่ายภาพยนตร์ การบันทึกเสียง การบันทึกภาพ หรือโดยวิธีอื่นใดเพื่อเผยแพร่ (7) 'เอกสาร' หมายความว่า กระดาษหรือวัตถุอื่นใดซึ่งได้ทำให้ปรากฏความหมายด้วยตัวอักษร ตัวเลข ผัง หรือแผนแบบอย่างอื่น จะเป็นโดยวิธีพิมพ์ ถ่ายภาพ หรือวิธีอื่นใดอันเป็นหลักฐานแห่งความหมายนั้น (8) 'เอกสารราชการ' หมายความว่า เอกสารซึ่งเจ้าพนักงานได้ทำขึ้นหรือรับรองในหน้าที่ และให้หมายความรวมถึงสำเนาเอกสารนั้นๆ ที่เจ้าพนักงานได้รับรองในหน้าที่ด้วย (9) 'เอกสารสิทธิ' หมายความว่า เอกสารที่เป็นหลักฐานแห่งการก่อ เปลี่ยนแปลง โอน สงวน หรือระงับซึ่งสิทธิ (10) 'ลายมือชื่อ' หมายความรวมถึงลายพิมพ์นิ้วมือและแกงไดหรือแกะสลักอย่างอื่นที่บุคคลทำลงไว้แทนลายมือชื่อด้วย (11) 'กลางคืน' หมายความว่า เวลาระหว่างพระอาทิตย์ตกและพระอาทิตย์ขึ้น (12) 'คุมขัง' หมายความว่า กักขัง คุมตัว ควบคุม หรือขัง (13) 'ค่าทำขวัญ' หมายความว่า เงินที่ศาลสั่งให้จ่ายเพื่อชดเชยความเสียหายแก่จิตใจ สุขภาพ อนามัย หรือเสรีภาพ (14) 'บัตรอิเล็กทรอนิกส์' หมายความว่า วัตถุใดๆ หรือข้อมูลประวัติต่างๆ ที่ผู้รับการออกบัตรให้แก่ผู้มีสิทธิใช้ โดยมอบให้เพื่อประโยชน์ในการชำระค่าสินค้า ค่าบริการ หรือหนี้อื่นแทนการชำระด้วยเงินสด หรือมอบให้เพื่อใช้เป็นหลักฐานในการเข้าถึงข้อมูลหรือสิทธิใดๆ (15) 'หนังสือเดินทาง' หมายความว่า เอกสารสำคัญประจำตัวไม่ว่าจะมีรูป ลักษณะ หรือการเรียกชื่ออย่างใดที่รัฐบาลไทย รัฐบาลต่างประเทศ หรือองค์การระหว่างประเทศออกให้แก่บุคคลใด เพื่อใช้แสดงตนในการเดินทางระหว่างประเทศ (16) 'เจ้าพนักงาน' หมายความว่า บุคคลซึ่งกฎหมายบัญญัติว่าเป็นเจ้าพนักงานหรือได้รับการแต่งตั้งตามกฎหมายให้ปฏิบัติหน้าที่ราชการ ไม่ว่าเป็นประจำหรือครั้งคราว และไม่ว่าจะได้รับค่าตอบแทนหรือไม่ (17) 'สื่อลามกอนาจารเด็ก' หมายความว่า วัตถุหรือสิ่งที่แสดงให้รู้หรือเห็นถึงการกระทำลามกอนาจารของเด็กอายุยังไม่เกินสิบแปดปี โดยอาศัยรูปแบบใดๆ ไม่ว่าจะเป็นภาพ ภาพเคลื่อนไหว เสียง ข้อความ หรือสิ่งอื่นใด (18) 'กระทำชำเรา' หมายความว่า กระทำเพื่อสนองความใคร่ของผู้กระทำ โดยการใช้อวัยวะเพศของผู้กระทำล่วงล้ำอวัยวะเพศ ทวารหนัก หรือช่องปากของผู้อื่น
มาตรา 2,หลักไม่มีความผิดไม่มีโทษโดยไม่มีกฎหมาย,บุคคลจักต้องรับโทษในทางอาญา ต่อเมื่อได้กระทำการอันกฎหมายที่ใช้ในขณะกระทำการนั้นบัญญัติเป็นความผิดและกำหนดโทษไว้ และโทษที่จะลงแก่ผู้กระทำความผิดนั้น ต้องเป็นโทษที่บัญญัติไว้ในกฎหมาย ถ้าตามกฎหมายที่บัญญัติในภายหลัง การกระทำเช่นนั้นไม่เป็นความผิดต่อไป ให้ผู้ที่ได้กระทำการนั้นพ้นจากการเป็นผู้ผิด และถ้าได้มีคำพิพากษาถึงที่สุดให้ลงโทษแล้ว ก็ให้ถือว่าผู้นั้นไม่เคยต้องคำพิพากษาว่าได้กระทำความผิดนั้น ถ้าในขณะนั้นรับโทษอยู่ก็ให้การลงโทษนั้นสิ้นสุดลง
มาตรา 3,การใช้กฎหมายที่เป็นคุณแก่ผู้กระทำผิด,ถ้ากฎหมายที่ใช้ในขณะกระทำความผิดแตกต่างกับกฎหมายที่ใช้ในภายหลังการกระทำความผิด ให้ใช้กฎหมายในส่วนที่เป็นคุณแก่ผู้กระทำความผิดไม่ว่าในทางใด เว้นแต่คดีถึงที่สุดแล้ว แต่ในกรณีที่คดีถึงที่สุดแล้วดังต่อไปนี้ (1) ถ้าผู้กระทำความผิดยังไม่ได้รับโทษ หรือกำลังรับโทษอยู่ และโทษที่กำหนดตามคำพิพากษาหนักกว่าโทษที่กำหนดตามกฎหมายที่บัญญัติในภายหลัง เมื่อความปรากฏแก่ศาลหรือเมื่อผู้กระทำความผิด ผู้แทนโดยชอบธรรมของผู้นั้น ผู้อนุบาลของผู้นั้นหรือพนักงานอัยการร้องขอ ให้ศาลกำหนดโทษใหม่ตามกฎหมายที่บัญญัติในภายหลังนั้น (2) ถ้ากฎหมายที่บัญญัติในภายหลังยกเลิกโทษเช่นนั้นเสีย ให้ศาลปล่อยผู้กระทำความผิดที่ยังรับโทษอยู่นั้นไป
มาตรา 4,ความผิดในราชอาณาจักร (เรือ/อากาศยานไทย),ผู้ใดกระทำความผิดในราชอาณาจักร ต้องรับโทษตามกฎหมาย การกระทำความผิดในเรือไทยหรืออากาศยานไทย ไม่ว่าจะอยู่ ณ ที่ใด ให้ถือว่ากระทำความผิดในราชอาณาจักร
มาตรา 5,ความผิดที่กระทำส่วนหนึ่งส่วนใดในราชอาณาจักร,ความผิดใดที่การกระทำแม้แต่ส่วนหนึ่งส่วนใดได้กระทำในราชอาณาจักรก็ดี ผลแห่งการกระทำเกิดในราชอาณาจักรโดยผู้กระทำประสงค์ให้ผลนั้นเกิดในราชอาณาจักร หรือโดยลักษณะแห่งการกระทำ ผลที่เกิดขึ้นควรเกิดในราชอาณาจักร หรือเล็งเห็นได้ว่าผลนั้นจะเกิดในราชอาณาจักรก็ดี ให้ถือว่าความผิดนั้นได้กระทำในราชอาณาจักร ในกรณีการตระเตรียมการ หรือพยายามกระทำการใดที่กฎหมายบัญญัติเป็นความผิด แม้การกระทำนั้นได้กระทำนอกราชอาณาจักร ถ้าหากการกระทำนั้นจะได้กระทำตลอดไปจนถึงขั้นความผิดสำเร็จ ผลจะเกิดขึ้นในราชอาณาจักร ให้ถือว่าการตระเตรียมการหรือพยายามกระทำความผิดนั้นได้กระทำในราชอาณาจักร
มาตรา 6,ความผิดนอกราชอาณาจักรที่ถือว่าในราชอาณาจักร,ความผิดใดที่ได้กระทำนอกราชอาณาจักรซึ่งเป็นความผิดเกี่ยวด้วย (1) ความผิดต่อองค์พระมหากษัตริย์ พระราชินี รัชทายาท และผู้สำเร็จราชการแทนองค์ (2) ความผิดต่อความมั่นคงของรัฐภายในราชอาณาจักร (3) ความผิดต่อความมั่นคงของรัฐภายนอกราชอาณาจักร (4) ความผิดเกี่ยวกับการปลอมและการแปลง ตามมาตรา 240 ถึงมาตรา 249 มาตรา 254 มาตรา 256 มาตรา 257 และมาตรา 266 (1) และ (2) ให้ถือว่ากระทำความผิดในราชอาณาจักร
มาตรา 7,ความผิดนอกราชอาณาจักรที่ต้องรับโทษในไทย,ผู้ใดกระทำความผิดนอกราชอาณาจักรดังต่อไปนี้ จะต้องรับโทษในราชอาณาจักร คือ (1) ความผิดเกี่ยวกับความมั่นคงแห่งราชอาณาจักร (1/2) ความผิดเกี่ยวกับการก่อการร้าย (2) ความผิดเกี่ยวกับการปลอมและการแปลง (2/ข) ความผิดเกี่ยวกับเพศตามมาตรา 282 และมาตรา 283 (3) ความผิดฐานชิงทรัพย์และปล้นทรัพย์ในทะเลหลวง
มาตรา 8,ความผิดนอกราชอาณาจักรที่ราษฎรหรือรัฐบาลขอให้ลงโทษ,ผู้ใดกระทำความผิดนอกราชอาณาจักร และ (ก) ผู้กระทำความผิดนั้นเป็นคนไทย และรัฐบาลแห่งประเทศที่ความผิดได้เกิดขึ้น หรือผู้เสียหายได้ร้องขอให้ลงโทษ หรือ (ข) ผู้กระทำความผิดนั้นเป็นคนต่างด้าว และรัฐบาลไทยหรือคนไทยเป็นผู้เสียหาย และผู้เสียหายได้ร้องขอให้ลงโทษ ถ้าความผิดนั้นเป็นความผิดดังระบุไว้ต่อไปนี้ จะต้องรับโทษภายในราชอาณาจักร คือ ความผิดเกี่ยวกับการก่อให้เกิดภยันตรายต่อประชาชน ความผิดเกี่ยวกับเอกสาร ความผิดเกี่ยวกับเพศ ความผิดต่อชีวิต ความผิดต่อร่างกาย ความผิดฐานหน่วงเหนี่ยวกักขัง ความผิดฐานลักทรัพย์ ชิงทรัพย์ ปล้นทรัพย์ ฉ้อโกง กรรโชก รีดเอาทรัพย์ รับของโจร และทำให้เสียทรัพย์
มาตรา 9,ความผิดฐานให้หรือรับสินบนเจ้าพนักงาน,เจ้าพนักงานของรัฐบาลไทยกระทำความผิดตามที่บัญญัติไว้ในมาตรา 147 ถึงมาตรา 166 และมาตรา 200 ถึงมาตรา 205 นอกราชอาณาจักร จะต้องรับโทษในราชอาณาจักร
มาตรา 10,มาตราความผิดทางอาญา,ผู้ใดกระทำการอันกฎหมายที่ใช้ในขณะกระทำการนั้นบัญญัติเป็นความผิดนอกราชอาณาจักร ห้ามมิให้ลงโทษผู้นั้นในราชอาณาจักรเพราะการกระทำนั้นอีก ถ้าได้มีคำพิพากษาของศาลในต่างประเทศอันถึงที่สุดให้ปล่อยตัวผู้นั้น หรือศาลในต่างประเทศพิพากษาให้ลงโทษ และผู้นั้นได้พ้นโทษแล้ว
มาตรา 11,มาตราความผิดทางอาญา,ผู้ใดกระทำความผิดในราชอาณาจักร หรือกระทำความผิดที่ประมวลกฎหมายนี้ถือว่าได้กระทำในราชอาณาจักร ถ้าผู้นั้นได้รับโทษสำหรับการกระทำนั้นตามคำพิพากษาของศาลในต่างประเทศมาแล้วทั้งหมดหรือบางส่วน ศาลจะลงโทษน้อยกว่าที่กฎหมายกำหนดไว้สำหรับความผิดนั้นเพียงใดก็ได้ หรือจะไม่ลงโทษเลยก็ได้
มาตรา 12,มาตราความผิดทางอาญา,วิธีการเพื่อความปลอดภัยจะลงแก่บุคคลใดได้ก็ต่อเมื่อมีบทบัญญัติแห่งกฎหมายให้ลงได้เท่านั้น และการลงวิธีการเพื่อความปลอดภัยนั้น ให้ใช้กฎหมายในขณะที่ศาลพิพากษา
มาตรา 13,มาตราความผิดทางอาญา,ถ้าตามกฎหมายที่บัญญัติในภายหลังได้ยกเลิกวิธีการเพื่อความปลอดภัยใดเสีย และในขณะนั้นผู้ใดกำลังรับวิธีการเพื่อความปลอดภัยนั้นอยู่ ก็ให้ศาลสั่งระงับการบังคับตามวิธีการเพื่อความปลอดภัยนั้นทันที
มาตรา 14,มาตราความผิดทางอาญา,ในกรณีที่มีผู้ถูกใช้สอย หรือสนับสนุนให้กระทำความผิด และผู้กระทำความผิดไม่ต้องรับโทษ หรือได้รับการลดโทษเพราะเหตุส่วนตัวของผู้กระทำความผิด เหตุส่วนตัวนั้นไม่ขยายไปถึงผู้ใช้หรือผู้สนับสนุนด้วย
มาตรา 15,มาตราความผิดทางอาญา,บทบัญญัติในภาค 1 แห่งประมวลกฎหมายนี้ ให้ใช้ในกรณีแห่งความผิดตามกฎหมายอื่นด้วย เว้นแต่กฎหมายนั้นๆ จะได้บัญญัติไว้เป็นอย่างอื่น
มาตรา 16,มาตราความผิดทางอาญา,ในการคำนวณระยะเวลาจำคุก วันเริ่มนับวันแรกให้นับเป็นหนึ่งวันเต็ม ไม่ว่าจะจำคุกในวันนั้นเพียงกี่ชั่วโมง และเมื่อจะพ้นกำหนดในวันใด การปล่อยตัวให้กระทำในวันถัดจากวันสิ้นสุดกำหนดนั้น
มาตรา 17,มาตราความผิดทางอาญา,ในการคำนวณอายุบุคคล ให้นับวันเกิดรวมคำนวณเข้าด้วยเป็นหนึ่งวันเต็ม
มาตรา 18,ประเภทโทษทางอาญา,โทษสำหรับลงแก่ผู้กระทำความผิดมีดังนี้ (1) ประหารชีวิต (2) จำคุก (3) กักขัง (4) ปรับ (5) ริบทรัพย์สิน
มาตรา 19,มาตราความผิดทางอาญา,โทษประหารชีวิตให้ดำเนินการด้วยวิธีฉีดยาหรือสารพิษให้ตาย
มาตรา 20,มาตราความผิดทางอาญา,ผู้ใดต้องโทษประหารชีวิต และมีครรภ์อยู่ ให้รอการประหารชีวิตไว้จนกว่าจะคลอดบุตรแล้ว และเมื่อคลอดบุตรแล้วให้รอไว้เป็นเวลาสามปีนับแต่วันคลอดบุตรเพื่อเลี้ยงดูบุตร เว้นแต่บุตรนั้นถึงแก่ความตายก่อนกำหนดเวลาดังกล่าว ในระหว่างสามปีถ้าศาลเห็นสมควรจะสั่งให้ลดโทษประหารชีวิตลงเป็นจำคุกตลอดชีวิตก็ได้
มาตรา 21,มาตราความผิดทางอาญา,ในการคำนวณระยะเวลากักขังหรือจำคุก ให้นับวันเริ่มรับโทษรวมเข้าด้วย และให้นับเป็นหนึ่งวันเต็มโดยไม่คำนึงถึงจำนวนชั่วโมง
มาตรา 22,มาตราความผิดทางอาญา,โทษจำคุกให้เริ่มนับแต่วันมีคำพิพากษา แต่ถ้าผู้ต้องคำพิพากษาถูกคุมขังก่อนศาลพิพากษา ให้หักจำนวนวันที่ถูกคุมขังนั้นออกจากระยะเวลาจำคุกตามคำพิพากษา เว้นแต่คำพิพากษานั้นจะสั่งเป็นอย่างอื่น
มาตรา 23,มาตราความผิดทางอาญา,ผู้ใดกระทำความผิดซึ่งมีโทษจำคุก และในคดีนั้นศาลจะลงโทษจำคุกไม่เกินสามเดือน ศาลจะลงโทษกักขังแทนโทษจำคุกนั้นก็ได้
มาตรา 24,มาตราความผิดทางอาญา,ผู้ต้องโทษกักขังจะถูกกักตัวไว้ในสถานที่กักขังซึ่งกำหนดไว้ อันมิใช่เรือนจำ
มาตรา 25,มาตราความผิดทางอาญา,ผู้ต้องโทษกักขังมีสิทธิทำงานตามระเบียบที่สถานกักขังกำหนด และถ้ามีความประสงค์จะทำงานของตนเอง ก็อาจทำได้หากไม่ขัดต่อระเบียบความสงบเรียบร้อย
มาตรา 26,มาตราความผิดทางอาญา,ถ้าผู้ต้องโทษกักขังเจ็บป่วย ศาลอาจสั่งให้ไปรักษาตัวในสถานพยาบาลนอกสถานที่กักขังได้ โดยให้นับระยะเวลาที่รักษาตัวนั้นรวมเข้าในระยะเวลากักขังด้วย
มาตรา 27,มาตราความผิดทางอาญา,ถ้าผู้ต้องโทษกักขังหลบหนีไปจากสถานที่กักขัง ระยะเวลาที่หลบหนีไม่ให้นับรวมเข้าในระยะเวลากักขัง
มาตรา 28,มาตราความผิดทางอาญา,ผู้ต้องโทษปรับต้องชำระเงินตามจำนวนที่กำหนดไว้ในคำพิพากษาต่อศาล
มาตรา 29,มาตราความผิดทางอาญา,ผู้ใดไม่ชำระค่าปรับภายในกำหนดสามสิบวันนับแต่วันที่ศาลมีคำพิพากษา ผู้นั้นจะต้องถูกยึดทรัพย์สินหรืออายัดสิทธิเรียกร้องในทรัพย์สินเพื่อใช้ค่าปรับ หรือมิฉะนั้นจะต้องถูกกักขังแทนค่าปรับ
มาตรา 30,มาตราความผิดทางอาญา,ในการกักขังแทนค่าปรับ ให้ถืออัตราห้าร้อยบาทต่อหนึ่งวัน และห้ามกักขังเกินกำหนดหนึ่งปี เว้นแต่ในกรณีที่ศาลพิพากษาให้ปรับตั้งแต่สองแสนบาทขึ้นไป ศาลจะสั่งให้กักขังแทนค่าปรับเป็นระยะเวลาเกินกว่าหนึ่งปีแต่ไม่เกินสองปีก็ได้
มาตรา 30/1,มาตราความผิดทางอาญา,ในกรณีที่ศาลพิพากษาลงโทษปรับ ผู้ต้องโทษปรับซึ่งไม่ใช่พระภิกษุ สามเณร และไม่มีเงินชำระค่าปรับ อาจยื่นคำร้องต่อศาลชั้นต้นที่พิพากษาคดีเพื่อขอทำงานบริการสังคมหรือทำงานสาธารณประโยชน์แทนค่าปรับได้
มาตรา 30/2,มาตราความผิดทางอาญา,การทำงานบริการสังคมหรือทำงานสาธารณประโยชน์แทนค่าปรับ ให้กระทำภายใต้การดูแลของพนักงานคุมประพฤติ หรือเจ้าหน้าที่ของรัฐที่ศาลกำหนด
มาตรา 30/3,มาตราความผิดทางอาญา,ถ้าผู้ต้องโทษปรับไม่ทำงานบริการสังคมหรือทำงานสาธารณประโยชน์ตามที่ศาลกำหนด ศาลอาจสั่งเพิกถอนคำสั่งและให้กักขังแทนค่าปรับที่เหลืออยู่ได้
มาตรา 31,มาตราความผิดทางอาญา,ในกรณีที่ศาลโปรดให้ปรับหลายกระทงความผิด การกักขังแทนค่าปรับรวมกันทุกกระทงห้ามเกินกำหนดสองปี
มาตรา 32,การริบทรัพย์สินที่ใช้ทำความผิด,ทรัพย์สินใดที่กฎหมายบัญญัติไว้ว่าผู้ใดทำหรือมีไว้เป็นความผิด ให้ริบเสียทั้งสิ้น ไม่ว่าจะเป็นของผู้กระทำความผิดและมีตัวผู้ต้องคำพิพากษาหรือไม่
มาตรา 33,การริบทรัพย์สินที่ได้มาโดยการทำความผิด,ในการริบทรัพย์สิน นอกจากที่กฎหมายบัญญัติไว้ในมาตรา 32 ศาลมีอำนาจสั่งให้ริบทรัพย์สินดังต่อไปนี้อีกด้วย คือ (1) ทรัพย์สินซึ่งบุคคลได้ใช้ หรือมีไว้เพื่อใช้ในการกระทำความผิด หรือ (2) ทรัพย์สินซึ่งบุคคลได้มาโดยได้กระทำความผิด เว้นแต่ทรัพย์สินเหล่านี้เป็นทรัพย์สินของผู้อื่นซึ่งมิได้รู้เห็นเป็นใจด้วยในการกระทำความผิด
มาตรา 34,มาตราความผิดทางอาญา,"บรรดาทรัพย์สิน (1) ซึ่งได้ให้ตามมาตรา 143, 144, 149, 150, 167, 201 หรือ 202 หรือ (2) ซึ่งได้ให้เพื่อจูงใจบุคคลให้กระทำความผิด หรือเพื่อเป็นรางวัลในการที่บุคคลได้กระทำความผิด ให้ริบเสียทั้งสิ้น เว้นแต่เป็นทรัพย์สินของผู้อื่นซึ่งมิได้รู้เห็นเป็นใจด้วยในการกระทำความผิด"
มาตรา 35,มาตราความผิดทางอาญา,"ทรัพย์สินที่ศาลสั่งริบตามมาตรา 32, 33 หรือ 34 ให้ตกเป็นของแผ่นดิน แต่ศาลจะสั่งให้ทำให้ทำลายทรัพย์สินนั้นเสีย หรือทำให้ใช้การไม่ได้ก็ได้"
มาตรา 36,มาตราความผิดทางอาญา,ในกรณีที่ศาลสั่งริบทรัพย์สินตามมาตรา 33 หรือมาตรา 34 ไปแล้ว หากปรากฏในภายหลังโดยคำร้องของเจ้าของแท้จริงว่าตนมิได้รู้เห็นเป็นใจด้วยในการกระทำความผิด ให้ศาลสั่งให้คืนทรัพย์สินนั้น
มาตรา 37,มาตราความผิดทางอาญา,ผู้ใดได้รับโทษกักขังแทนค่าปรับครบกำหนดแล้ว ให้พ้นจากความรับผิดชอบในค่าปรับนั้น แต่ถ้าศาลยึดทรัพย์สินก่อนครบกำหนด ทรัพย์สินนั้นก็ยังคงต้องถูกบังคับค่าปรับ
มาตรา 38,มาตราความผิดทางอาญา,ความรับผิดชอบในการชำระค่าปรับย่อมระงับไปด้วยความตายของผู้ต้องโทษปรับ แต่ถ้าศาลได้ยึดหรืออายัดทรัพย์สินไว้ก่อนความตาย การบังคับคดีแก่ทรัพย์สินนั้นยังทำต่อไปได้
มาตรา 39,มาตราความผิดทางอาญา,วิธีการเพื่อความปลอดภัยมีดังนี้ (1) การกักกัน (2) การห้ามเข้าเขตกำหนด (3) การเรียกประกันความทัณฑ์บน (4) การคุมตัวไว้ในสถานพยาบาล (5) การห้ามประกอบอาชีพบางอย่าง
มาตรา 40,มาตราความผิดทางอาญา,การกักกัน คือการควบคุมผู้กระทำความผิดติดนิสัยไว้ภายในเขตกำหนดเพื่อการดัดนิสัยและฝึกหัดอาชีพ
มาตรา 41,มาตราความผิดทางอาญา,ศาลมีอำนาจสั่งกักกันผู้ที่เคยถูกศาลพิพากษาให้ลงโทษจำคุกมาแล้วไม่น้อยกว่าสองครั้ง และกระทำความผิดซ้ำอีกในกำหนดเวลาที่กฎหมายบัญญัติ
มาตรา 42,มาตราความผิดทางอาญา,การกักกันให้มีกำหนดเวลาไม่ต่ำกว่าสองปีและไม่เกินสิบปี
มาตรา 43,มาตราความผิดทางอาญา,ศาลมีอำนาจสั่งห้ามเข้าเขตกำหนดแก่ผู้กระทำความผิดเพื่อความสงบเรียบร้อยของประชาชน
มาตรา 44,มาตราความผิดทางอาญา,การห้ามเข้าเขตกำหนด ให้ศาลสั่งห้ามมิให้เข้าไปในท้องที่ที่กำหนดไว้เป็นเวลาไม่เกินห้าปี
มาตรา 45,มาตราความผิดทางอาญา,ศาลมีอำนาจสั่งเรียกประกันความทัณฑ์บนแก่บุคคลที่มีพฤติการณ์น่าจะก่อเหตุร้ายให้เกิดภยันตรายแก่บุคคลหรือทรัพย์สินของผู้อื่น
มาตรา 46,มาตราความผิดทางอาญา,ถ้าศาลเห็นว่าผู้ใดจะก่อเหตุร้าย ศาลมีอำนาจสั่งให้ผู้นั้นทำทัณฑ์บนโดยมีประกันหรือไม่มีประกันว่าจะไม่ก่อเหตุร้ายตลอดเวลาที่ศาลกำหนดไม่เกินสองปี
มาตรา 47,มาตราความผิดทางอาญา,หากผู้ทำทัณฑ์บนละเมิดทัณฑ์บน ศาลมีอำนาจสั่งให้ศาลปรับผู้ประกัน หรือกักขังผู้ทำทัณฑ์บนไม่เกินหกเดือน
มาตรา 48,มาตราความผิดทางอาญา,ถ้าศาลเห็นว่าผู้กระทำความผิดมีจิตบกพร่อง โรคจิต หรือจิตฟั่นเฟือน ศาลอาจสั่งให้คุมตัวไว้ในสถานพยาบาลได้
มาตรา 49,มาตราความผิดทางอาญา,ศาลมีอำนาจสั่งห้ามประกอบอาชีพบางอย่างแก่ผู้กระทำความผิดที่ใช้อาชีพนั้นในการกระทำความผิดหรือโอกาสในการกระทำความผิด
มาตรา 50,มาตราความผิดทางอาญา,การห้ามประกอบอาชีพบางอย่าง ให้มีกำหนดเวลาไม่เกินห้าปีนับแต่วันพ้นโทษ
มาตรา 51,มาตราความผิดทางอาญา,ในการเพิ่มโทษ ลดโทษ หรือยกเว้นโทษจำคุกที่จะลงแก่ผู้กระทำความผิด ศาลจะคำนวณตามเกณฑ์ที่กฎหมายกำหนดไว้ในแต่ละมาตรา
มาตรา 52,มาตราความผิดทางอาญา,การลดโทษประหารชีวิต ไม่ว่าจะลดตามมาตราใด ให้ลดเป็นจำคุกตลอดชีวิต หรือจำคุกตั้งแต่สิบห้าปีถึงยี่สิบปี
มาตรา 53,มาตราความผิดทางอาญา,การลดโทษจำคุกตลอดชีวิต ไม่ว่าจะลดตามมาตราใด ให้ลดเป็นจำคุกตั้งแต่สิบห้าปีถึงยี่สิบปี หรือจำคุกตั้งแต่สิบปีถึงยี่สิบปี
มาตรา 54,มาตราความผิดทางอาญา,ในการคำนวณการลดโทษที่เป็นมาตราส่วน ให้ลดจากโทษที่ศาลจะลงแก่ผู้กระทำความผิดก่อนลดโทษ
มาตรา 55,มาตราความผิดทางอาญา,ถ้าโทษจำคุกที่จะลงแก่ผู้กระทำความผิดมีกำหนดเวลาไม่เกินสามเดือน ศาลจะลงโทษกักขังแทนจำคุกตามมาตรา 23 ก็ได้
มาตรา 56,การรอการลงโทษ (รอลงอาญา),ผู้ใดกระทำความผิดซึ่งมีโทษจำคุกหรือปรับ และในคดีนั้นศาลจะลงโทษจำคุกไม่เกินห้าปี ศาลอาจสั่งให้รอการลงโทษหรือรอการกำหนดโทษไว้ได้โดยกำหนดเงื่อนไขเพื่อคุมความประพฤติ
มาตรา 57,มาตราความผิดทางอาญา,เมื่อความปรากฏแก่ศาลหรือพนักงานคุมประพฤติว่า ผู้ศาลสั่งให้รอการลงโทษละเมิดเงื่อนไข ศาลอาจตักเตือน หรือสั่งให้ศาลลงโทษที่รอไว้ได้
มาตรา 58,มาตราความผิดทางอาญา,เมื่อความปรากฏแก่ศาลว่า ผู้ที่ถูกศาลสั่งรอการลงโทษไว้ได้กระทำความผิดซ้ำอีกในระหว่างเวลาที่รอ ศาลอาจสั่งเพิกถอนการรอการลงโทษและนำโทษที่รอไว้มาบวกเข้ากับโทษในคดีใหม่ได้
มาตรา 59,หลักเรื่องเจตนาและความประมาท,บุคคลจะต้องรับผิดในทางอาญาก็ต่อเมื่อได้กระทำโดยเจตนา เว้นแต่จะได้กระทำโดยประมาท ในกรณีที่กฎหมายบัญญัติไว้โดยชัดแจ้งให้ต้องรับผิดเมื่อได้กระทำโดยประมาท หรือเว้นแต่ในกรณีที่กฎหมายบัญญัติไว้โดยชัดแจ้งให้ต้องรับผิดแม้ได้กระทำโดยไม่มีเจตนา กระทำโดยเจตนา ได้แก่กระทำโดยรู้สำนึกในการที่กระทำและในขณะเดียวกันผู้กระทำประสงค์ต่อผล หรือย่อมเล็งเห็นผลของการกระทำนั้น ถ้าผู้กระทำมิได้รู้ข้อเท็จจริงอันเป็นองค์ประกอบของความผิด จะถือว่าผู้กระทำประสงค์ต่อผล หรือย่อมเล็งเห็นผลของการกระทำนั้นมิได้ กระทำโดยประมาท ได้แก่กระทำความผิดมิใช่โดยเจตนา แต่กระทำโดยปราศจากความระมัดระวังซึ่งบุคคลในภาวะเช่นนั้นจักต้องมีตามวิสัยและพฤติการณ์ และผู้กระทำอาจใช้ความระมัดระวังเช่นนั้นได้ แต่หาได้ใช้ให้เพียงพอไม่ การกระทำ ให้หมายความรวมถึงการให้เกิดผลอันหนึ่งอันใดขึ้นโดยงดเว้นการที่จักต้องกระทำเพื่อป้องกันผลนั้นด้วย
มาตรา 60,การกระทำโดยพลาด,ผู้ใดเจตนาจะกระทำต่อบุคคลหนึ่ง แต่ผลของการกระทำไปเกิดแก่ข้อมูลอีกบุคคลหนึ่งโดยพลาดไป ให้ถือว่าผู้กระทำได้กระทำโดยเจตนาต่อบุคคลซึ่งได้รับผลร้ายจากการกระทำนั้น แต่ในกรณีที่กฎหมายบัญญัติให้ลงโทษหนักขึ้นเพราะฐานะของบุคคลหรือเพราะความสัมพันธ์ระหว่างผู้กระทำกับบุคคลผู้ได้รับผลร้าย มิให้นำกฎหมายนั้นมาใช้บังคับเพื่อลงโทษผู้กระทำให้หนักขึ้น
มาตรา 61,การสำคัญผิดในตัวบุคคล,ผู้ใดเจตนาจะกระทำต่อบุคคลหนึ่ง แต่ได้กระทำต่ออีกบุคคลหนึ่งโดยสำคัญผิด ผู้ใดจะยกเอาความสำคัญผิดเป็นข้อแก้ตัวว่ามิได้กระทำโดยเจตนาหาได้ไม่
มาตรา 62,การสำคัญผิดในข้อเท็จจริง,ข้อเท็จจริงใด ถ้ามีอยู่จริงจะทำให้การกระทำไม่เป็นความผิด หรือทำให้ผู้กระทำไม่ต้องรับโทษ หรือได้รับโทษน้อยลง แม้ข้อเท็จจริงนั้นจะไม่มีอยู่จริง แต่ผู้กระทำสำคัญผิดว่ามีอยู่จริง ผู้กระทำย่อมไม่มีความผิด หรือได้รับยกเว้นโทษ หรือได้รับโทษน้อยลง แล้วแต่กรณี ถ้าความสำคัญผิดในข้อเท็จจริงตามความในวรรคแรกเกิดขึ้นด้วยความประมาทของผู้กระทำความผิด ให้ผู้กระทำรับผิดฐานกระทำโดยประมาท ในกรณีที่กฎหมายบัญญัติไว้โดยชัดแจ้งว่าการกระทำนั้นเป็นความผิดเมื่อได้กระทำโดยประมาท บุคคลจะต้องรับโทษหนักขึ้นเพราะอาศัยข้อเท็จจริงใด บุคคลนั้นจะต้องรู้ข้อเท็จจริงนั้น
มาตรา 63,มาตราความผิดทางอาญา,ถ้าผลของการกระทำความผิดบังฉุดให้ผู้กระทำต้องรับโทษหนักขึ้น ผลของการกระทำความผิดนั้นจะต้องเป็นผลที่ตามธรรมดาย่อมเกิดขึ้นได้
มาตรา 64,มาตราความผิดทางอาญา,บุคคลจะแก้ตัวว่าไม่รู้กฎหมายเพื่อให้พ้นจากความรับผิดในทางอาญาไม่ได้ แต่ถ้าศาลเห็นว่า ตามสภาพและพฤติการณ์ ผู้กระทำความผิดอาจจะไม่รู้ว่ากฎหมายบัญญัติว่าการกระทำนั้นเป็นความผิด ศาลอาจอนุญาตให้แสดงพยานหลักฐานต่อศาล และถ้าศาลเชื่อว่าผู้กระทำไม่รู้จริงๆ ศาลจะลงโทษน้อยกว่าที่กฎหมายกำหนดไว้สำหรับความผิดนั้นเพียงใดก็ได้
มาตรา 65,มาตราความผิดทางอาญา,ผู้ใดกระทำความผิดในขณะที่ไม่สามารถรู้ผิดชอบ หรือไม่สามารถบังคับตนเองได้เพราะมีจิตบกพร่อง โรคจิต หรือจิตฟั่นเฟือน ผู้นั้นไม่ต้องรับโทษสำหรับความผิดนั้น แต่ถ้าผู้กระทำความผิดยังสามารถรู้ผิดชอบอยู่บ้าง หรือยังสามารถบังคับตนเองได้บ้าง ผู้นั้นต้องรับโทษสำหรับความผิดนั้น แต่ศาลจะลงโทษน้อยกว่าที่กฎหมายกำหนดไว้สำหรับความผิดนั้นเพียงใดก็ได้
มาตรา 66,มาตราความผิดทางอาญา,ความมึนเมาเพราะเสพสุราหรือสิ่งมึนเมาอย่างอื่น จะยกขึ้นเป็นข้อแก้ตัวตามมาตรา 65 ไม่ได้ เว้นแต่ความมึนเมานั้นจะเกิดโดยผู้เสพไม่รู้ว่าสิ่งนั้นจะทำให้มึนเมา หรือได้เสพโดยถูกขืนใจให้เสพ และได้กระทำความผิดในขณะที่ไม่สามารถรู้ผิดชอบ หรือไม่สามารถบังคับตนเองได้ ผู้กระทำความผิดจึงได้รับยกเว้นโทษ หรือได้รับการลดโทษแล้วแต่กรณี
มาตรา 67,การกระทำด้วยความจำเป็น,ผู้ใดกระทำความผิดด้วยความจำเป็น (1) เพราะอยู่ในที่บังคับ หรือภายใต้ชำนาญอำนาจซึ่งไม่สามารถหลีกเลี่ยงหรือขัดขืนได้ หรือ (2) เพราะเพื่อให้ตนเองหรือผู้อื่นพ้นจากภยันตรายที่ใกล้จะถึง และไม่สามารถหลีกเลี่ยงให้พ้นโดยวิธีอื่นใดได้ เมื่อภยันตรายนั้นตนมิได้ก่อให้เกิดขึ้นโดยความผิดของตน ถ้าการกระทำนั้นไม่เกินกว่ากรณีแห่งความจำเป็น ผู้นั้นไม่ต้องรับโทษ
มาตรา 68,การป้องกันโดยชอบด้วยกฎหมาย,ผู้ใดจำต้องกระทำการใดเพื่อป้องกันสิทธิของตนหรือของผู้อื่น ให้พ้นจากภยันตรายอันละเมิดต่อกฎหมาย และเป็นภยันตรายที่ใกล้จะถึง ถ้าได้กระทำพอสมควรแก่เหตุ การกระทำนั้นเป็นการป้องกันโดยชอบด้วยกฎหมาย ผู้นั้นไม่มีความผิด
มาตรา 69,มาตราความผิดทางอาญา,ในกรณีที่บัญญัติไว้ในมาตรา 67 และมาตรา 68 นั้น ถ้าผู้กระทำได้กระทำไปเกินกว่ากรณีแห่งความจำเป็น หรือเกินกว่าเหตุแห่งการป้องกันชอบด้วยกฎหมาย หรือเกินกว่าสมควรแก่เหตุ ศาลจะลงโทษน้อยกว่าที่กฎหมายกำหนดไว้สำหรับความผิดนั้นเพียงใดก็ได้ แต่ถ้าการกระทำนั้นเกิดขึ้นด้วยความตื่นเต้น ความตกใจ หรือความกลัว ศาลจะไม่ลงโทษผู้กระทำก็ได้
มาตรา 70,ความผิดฐานให้หรือรับสินบนเจ้าพนักงาน,ผู้ใดกระทำการตามคำสั่งของเจ้าพนักงาน ซึ่งปฏิบัติการตามหน้าที่ แม้คำสั่งนั้นจะมิชอบด้วยกฎหมาย ถ้าผู้กระทำมีหน้าที่ต้องปฏิบัติตาม หรือเชื่อโดยสุจริตว่ามีหน้าที่ต้องปฏิบัติตาม ผู้นั้นไม่ต้องรับโทษ เว้นแต่ผู้กระทำรู้ว่าคำสั่งนั้นเป็นคำสั่งที่มิชอบด้วยกฎหมาย
มาตรา 71,มาตราความผิดทางอาญา,ความผิดตามที่บัญญัติไว้ในมาตรา 334 ถึงมาตรา 336 วรรคแรก และมาตรา 341 ถึงมาตรา 364 นั้น ถ้าเป็นการกระทำที่สามีกระทำต่อภริยา หรือภริยากระทำต่อสามี ผู้กระทำไม่ต้องรับโทษ ความผิดดังระบุมานี้ ถ้าเป็นการกระทำที่ผู้บุพการีกระทำต่อผู้สืบสันดาน ผู้สืบสันดานกระทำต่อผู้บุพการี หรือพี่น้องร่วมบิดามารดาเดียวกันกระทำต่อกัน แม้กฎหมายมิได้บัญญัติให้ยกเว้นโทษ ศาลจะลงโทษน้อยกว่าที่กฎหมายกำหนดไว้สำหรับความผิดนั้นเพียงใดก็ได้ หรือศาลจะสั่งไม่ลงโทษเลยก็ได้
มาตรา 72,มาตราความผิดทางอาญา,ผู้ใดบันดาลโทสะโดยถูกข่มเหงอย่างร้ายแรงด้วยเหตุอันไม่เป็นธรรม จึงกระทำความผิดต่อผู้ข่มเหงในขณะนั้น ศาลจะลงโทษผู้นั้นน้อยกว่าที่กฎหมายกำหนดไว้สำหรับความผิดนั้นเพียงใดก็ได้
มาตรา 73,มาตราความผิดทางอาญา,เด็กอายุยังไม่เกินสิบสองปี กระทำการอันกฎหมายบัญญัติเป็นความผิด เด็กนั้นไม่ต้องรับโทษ
มาตรา 74,มาตราความผิดทางอาญา,เด็กอายุกว่าสิบสองปีแต่ยังไม่เกินสิบห้าปี กระทำการอันกฎหมายบัญญัติเป็นความผิด เด็กนั้นไม่ต้องรับโทษ แต่ให้ศาลมีอำนาจที่จะดำเนินการตามที่กฎหมายกำหนด เช่น ว่ากล่าวตักเตือน ส่งไปสถานศึกษา หรือสถานฝึกและอบรม
มาตรา 75,มาตราความผิดทางอาญา,ผู้ใดอายุกว่าสิบห้าปีแต่ต่ำกว่าสิบแปดปี กระทำการอันกฎหมายบัญญัติเป็นความผิด ให้ศาลพิจารณาถึงความรู้ผิดชอบและสิ่งอื่นทั้งปวงของผู้ศาล ถ้าศาลเห็นสมควรจะลดมาตราส่วนโทษที่กำหนดไว้สำหรับความผิดนั้นลงกึ่งหนึ่งก็ได้
มาตรา 76,มาตราความผิดทางอาญา,ผู้ใดอายุกว่าสิบแปดปีแต่ยังไม่เกินยี่สิบปี กระทำการอันกฎหมายบัญญัติเป็นความผิด ถ้าศาลเห็นสมควรจะลดมาตราส่วนโทษที่กำหนดไว้สำหรับความผิดนั้นลงหนึ่งในสามหรือกึ่งหนึ่งก็ได้
มาตรา 77,มาตราความผิดทางอาญา,ในกรณีที่ศาลตั้งผู้จัดการทรัพย์สินหรือสั่งบังคับเกี่ยวกับทรัพย์สินของบุคคลใด ให้ถือว่าบุคคลนั้นต้องรับผิดชอบ
มาตรา 78,ความผิดฐานให้หรือรับสินบนเจ้าพนักงาน,เมื่อปรากฏว่ามีเหตุบรรเทาโทษ ไม่ว่าจะได้มีบทบัญญัติลดโทษไว้ในมาตราใดแล้วหรือไม่ ถ้าศาลเห็นสมควร จะลดโทษที่จะลงแก่ผู้กระทำความผิดนั้นลงกึ่งหนึ่งก็ได้ เหตุบรรเทาโทษนั้น ได้แก่การที่ผู้กระทำความผิดเป็นผู้โฉดเขลาเบาปัญญา ตกอยู่ในความทุกข์สาหัส มีคุณความดีมาแต่ก่อน รู้สึกความผิดและพยายามบรรเทาผลร้ายแห่งความผิดนั้น หรือลุแก่โทษต่อเจ้าพนักงาน หรือให้ความรู้แก่ศาลอันเป็นประโยชน์แก่การพิจารณา
มาตรา 79,มาตราความผิดทางอาญา,ในกรณีที่ศาลจะลงโทษจำคุกตลอดชีวิตแก่ผู้กระทำความผิด ถ้ามีเหตุลดโทษตามมาตรา 78 หรือมาตราอื่น ให้เปลี่ยนโทษจำคุกตลอดชีวิตเป็นจำคุกสิบห้าปีถึงยี่สิบปี หรือจำคุกตั้งแต่สิบปีถึงยี่สิบปี แล้วแต่กรณี
มาตรา 80,พยายามกระทำความผิด,ผู้ใดลงมือกระทำความผิดแต่กระทำไปไม่ตลอด หรือกระทำไปตลอดแล้วแต่การกระทำนั้นไม่บรรลุผล ผู้นั้นได้ชื่อว่าพยายามกระทำความผิด ผู้ใดพยายามกระทำความผิด ต้องระวางโทษสองในสามส่วนของโทษที่กฎหมายกำหนดไว้สำหรับความผิดนั้น
มาตรา 81,มาตราความผิดทางอาญา,ผู้ใดกระทำการโดยมุ่งต่อผลซึ่งกฎหมายบัญญัติเป็นความผิด แต่การกระทำนั้นไม่สามารถจะบรรลุผลได้อย่างแน่แท้ เพราะเหตุปัจจัยซึ่งใช้ในการกระทำหรือเหตุแห่งวัตถุที่มุ่งกระทำต่อ ให้ถือว่าผู้นั้นพยายามกระทำความผิด แต่ให้ลงโทษไม่เกินกึ่งหนึ่งของโทษที่กฎหมายกำหนดไว้สำหรับความผิดนั้น ถ้าการกระทำดังกล่าวในวรรคแรกเกิดขึ้นเนื่องจากความเชื่อถืออันงมงาย ศาลจะไม่ลงโทษเลยก็ได้
มาตรา 82,มาตราความผิดทางอาญา,ผู้ใดพยายามกระทำความผิด หากยับยั้งเสียเองไม่กระทำการไปให้ตลอด หรือกลับใจแก้ไขไม่ให้การกระทำนั้นบรรลุผล ผู้นั้นไม่ต้องรับโทษสำหรับการพยายามกระทำความผิดนั้น แต่ถ้าการที่ได้กระทำไปแล้วต้องบทกฎหมายที่บัญญัติเป็นความผิด ผู้นั้นต้องรับโทษสำหรับความผิดนั้นๆ
มาตรา 83,ตัวการร่วมในการกระทำความผิด,ในกรณีความผิดใดเกิดขึ้นโดยการกระทำของบุคคลตั้งแต่สองคนขึ้นไป ผู้ที่ได้ร่วมกระทำความผิดด้วยกันนั้นเป็นตัวการ ต้องระวางโทษตามที่กฎหมายกำหนดไว้สำหรับความผิดนั้น
มาตรา 84,ผู้ใช้ให้กระทำความผิด,ผู้ใดก่อให้ผู้อื่นกระทำความผิดไม่ว่าด้วยการสั่ง บังคับ ขู่เข็ญ จ้าง วาน หรือยุยงส่งเสริม หรือด้วยวิธีอื่นใด ผู้นั้นเป็นผู้ใช้ให้กระทำความผิด ถ้าผู้ถูกใช้ได้ลงมือกระทำความผิด ผู้ใช้ต้องรับโทษเสมือนเป็นตัวการ ถ้าความผิดมิได้กระทำลง ไม่ว่าจะเป็นเพราะผู้ถูกใช้ไม่ยอมกระทำ หรือกระทำยังไม่ถึงขั้นพยายาม หรือด้วยเหตุอื่นใด ผู้ใช้ต้องระวางโทษเพียงหนึ่งในสามของโทษที่กฎหมายกำหนดไว้สำหรับความผิดนั้น
มาตรา 85,มาตราความผิดทางอาญา,ผู้ใดโฆษณาหรือประกาศแก่บุคคลทั่วไปให้กระทำความผิด และความผิดนั้นมีกำหนดโทษจำคุกตั้งแต่หกเดือนขึ้นไป ผู้นั้นต้องระวางโทษกึ่งหนึ่งของโทษที่กำหนดไว้สำหรับความผิดนั้น
มาตรา 86,ผู้สนับสนุนการกระทำความผิด,ผู้ใดกระทำด้วยประการใดๆ อันเป็นการช่วยเหลือ หรือให้ความสะดวกในการที่ผู้อื่นกระทำความผิด ก่อนหรือในขณะกระทำความผิด แม้ผู้กระทำความผิดจะมิได้รู้ถึงการช่วยเหลือหรือให้ความสะดวกนั้นก็ตาม ผู้นั้นเป็นผู้สนับสนุนการกระทำความผิด ต้องระวางโทษสองในสามส่วนของโทษที่กฎหมายกำหนดไว้สำหรับความผิดนั้น
มาตรา 87,มาตราความผิดทางอาญา,ในกรณีที่มีการกระทำความผิดเพราะมีผู้ใช้ตามมาตรา 84 หรือผู้สนับสนุนตามมาตรา 86 ถ้าความผิดที่เกิดขึ้นนั้นเกินขอบเขตที่ผู้ใช้ได้ใช้ หรือเกินขอบเขตที่ผู้สนับสนุนได้รู้เห็น ให้ผู้ใช้หรือผู้สนับสนุนรับผิดเฉพาะในขอบเขตที่ตนได้ใช้หรือสนับสนุนเท่านั้น เว้นแต่ความผิดที่เกิดขึ้นนั้นเป็นผลที่ตามธรรมดาย่อมเกิดขึ้นได้จากการใช้หรือการสนับสนุน
มาตรา 88,มาตราความผิดทางอาญา,ถ้าตัวการ ผู้ใช้ หรือผู้สนับสนุน กลับใจและเข้าขัดขวางไม่ให้ความผิดสำเร็จ หรือได้แก้ไขผลร้ายที่จะเกิดขึ้น ผู้นั้นย่อมได้รับยกเว้นโทษหรือได้รับการลดโทษตามกฎหมาย
มาตรา 89,มาตราความผิดทางอาญา,ถ้ามีเหตุส่วนตัวอันควรยกเว้นโทษ ลดโทษ หรือเพิ่มโทษแก่ตัวการ ผู้ใช้ หรือผู้สนับสนุนคนใดคนหนึ่ง เหตุส่วนตัวนั้นย่อมมีผลเฉพาะแก่บุคคลนั้น จะขยายไปถึงคนอื่นด้วยมิได้
มาตรา 90,กรรมเดียวผิดกฎหมายหลายบท,เมื่อการกระทำใดอันเป็นกรรมเดียวเป็นความผิดต่อกฎหมายหลายบท ให้ใช้กฎหมายบทที่มีโทษหนักที่สุดลงโทษแก่ผู้กระทำความผิด
มาตรา 91,หลายกรรมต่างกัน (กระทงความผิด),เมื่อปรากฏว่าผู้ใดได้กระทำการอันเป็นความผิดหลายกรรมต่างกัน ให้ศาลลงโทษผู้นั้นทุกกรรมเป็นกระทงความผิดไป แต่โทษจำคุกรวมกันทั้งหมดต้องไม่เกินกำหนดที่กฎหมายบัญญัติไว้ในแต่ละกรณี
มาตรา 92,มาตราความผิดทางอาญา,ผู้ใดต้องคำพิพากษาถึงที่สุดให้ลงโทษจำคุก ถ้าและได้กระทำความผิดใดๆ อีกในระหว่างที่ยังต้องรับโทษอยู่ หรือภายในเวลาห้าปีนับแต่วันที่พ้นโทษ หากศาลจะลงโทษจำคุกสำหรับคดีหลัง ให้เพิ่มโทษที่จะลงแก่ผู้นั้นหนึ่งในสามของโทษที่ศาลกำหนดสำหรับคดีหลัง
มาตรา 93,มาตราความผิดทางอาญา,ผู้ใดต้องคำพิพากษาถึงที่สุดให้ลงโทษจำคุก ถ้าและได้กระทำความผิดซ้ำอีกในกรณีความผิดบางประเภทที่กฎหมายระบุไว้ ภายในเวลาสามปีนับแต่วันพ้นโทษ ให้เพิ่มโทษเป็นกึ่งหนึ่ง
มาตรา 94,มาตราความผิดทางอาญา,ความผิดอันได้กระทำโดยประมาท ความผิดลหุโทษ หรือความผิดซึ่งผู้กระทำได้กระทำในขณะที่มีอายุยังไม่เกินสิบแปดปีนั้น ไม่ว่าจะได้กระทำในระหว่างที่ยังต้องรับโทษอยู่ หรือภายในเวลาห้าปีนับแต่วันที่พ้นโทษก็ตาม มิให้นำมาพิจารณาเพื่อเพิ่มโทษตามมาตรา 92 หรือมาตรา 93
มาตรา 95,อายุความฟ้องร้องคดีอาญา,ในคดีอาญา ถ้ามิได้ฟ้องและได้ตัวผู้กระทำความผิดมายังศาลภายในกำหนดเวลาดังต่อไปนี้ นับแต่วันกระทำความผิด เป็นอันขาดอายุความ คือ (1) ยี่สิบปี สำหรับความผิดที่ต้องระวางโทษประหารชีวิต จำคุกตลอดชีวิต หรือจำคุกยี่สิบปี (2) สิบห้าปี สำหรับความผิดที่ต้องระวางโทษจำคุกกว่าเจ็ดปีแต่ยังไม่ถึงยี่สิบปี (3) สิบปี สำหรับความผิดที่ต้องระวางโทษจำคุกกว่าหนึ่งปีถึงเจ็ดปี (4) ห้าปี สำหรับความผิดที่ต้องระวางโทษจำคุกกว่าหนึ่งเดือนถึงหนึ่งปี (5) หนึ่งปี สำหรับความผิดที่ต้องระวางโทษจำคุกตั้งแต่หนึ่งเดือนลงมา หรือต้องระวางโทษอย่างอื่น
มาตรา 96,มาตราความผิดทางอาญา,ภายใต้บังคับมาตรา 95 ในความผิดอันยอมความได้ ถ้าผู้เสียหายมิได้ร้องทุกข์ภายในสามเดือนนับแต่วันที่รู้เรื่องความผิดและรู้ตัวผู้กระทำความผิด เป็นอันขาดอายุความ
มาตรา 97,มาตราความผิดทางอาญา,ในกรณีที่มีการร้องทุกข์ตามระเบียบแล้ว แต่อายุความตามมาตรา 95 ใกล้จะสิ้นสุดลง ให้ขยายอายุความออกไปอีกตามที่กฎหมายกำหนด
มาตรา 98,มาตราความผิดทางอาญา,เมื่อได้มีคำพิพากษาถึงที่สุดให้ลงโทษผู้ใด ถ้ายังไม่ได้ลงโทษผู้นั้น หรือยังลงโทษไม่ครบถ้วน เพราะผู้นั้นหลบหนีไป หากพ้นกำหนดเวลาดังต่อไปนี้ นับแต่วันที่มีคำพิพากษาถึงที่สุด จะลงโทษผู้นั้นไม่ได้ คือ (1) ยี่สิบปี สำหรับโทษประหารชีวิต จำคุกตลอดชีวิต หรือจำคุกยี่สิบปี (2) สิบห้าปี สำหรับโทษจำคุกกว่าเจ็ดปีแต่ยังไม่ถึงยี่สิบปี (3) สิบปี สำหรับโทษจำคุกกว่าหนึ่งปีถึงเจ็ดปี (4) ห้าปี สำหรับโทษจำคุกอื่น
มาตรา 99,มาตราความผิดทางอาญา,การยึดทรัพย์สินหรือการอายัดสิทธิเรียกร้องในทรัพย์สินเพื่อใช้ค่าปรับตามมาตรา 29 นั้น ถ้าไม่ได้ทำภายในกำหนดสิบปีนับแต่วันที่มีคำพิพากษาถึงที่สุด จะยึดหรืออายัดอีกไม่ได้
มาตรา 100,มาตราความผิดทางอาญา,เมื่อศาลพิพากษาให้ลงวิธีการเพื่อความปลอดภัยแก่บุคคลใด ถ้ายังไม่ได้บังคับ หรือยังบังคับไม่ครบถ้วน หากพ้นกำหนดเวลาสามปีนับแต่วันพ้นโทษ หรือวันสิ้นสุดแห่งวิธีการนั้น จะบังคับอีกไม่ได้
มาตรา 101,มาตราความผิดทางอาญา,การเรียกประกันความทัณฑ์บนตามมาตรา 46 นั้น ถ้าไม่ได้ทำสัญญาประกันภายในกำหนดหกเดือนนับแต่วันที่มีคำสั่ง คำสั่งนั้นเป็นอันยกเลิก
มาตรา 102,มาตราความผิดทางอาญา,ความผิดลหุโทษ คือ ความผิดซึ่งต้องระวางโทษจำคุกไม่เกินหนึ่งเดือน หรือปรับไม่เกินหนึ่งหมื่นบาท หรือทั้งจำทั้งปรับ
มาตรา 103,มาตราความผิดทางอาญา,บทบัญญัติในภาค 1 นี้ ให้ใช้ในกรณีแห่งความผิดลหุโทษด้วย เว้นแต่ความผิดลหุโทษนั้นๆ จะได้บัญญัติไว้เป็นอย่างอื่น
มาตรา 104,มาตราความผิดทางอาญา,ผู้ใดพยายามกระทำความผิดลหุโทษ ผู้นั้นไม่ต้องรับโทษ
มาตรา 105,มาตราความผิดทางอาญา,ผู้ใดเป็นผู้สนับสนุนในความผิดลหุโทษ ผู้นั้นไม่ต้องรับโทษ
มาตรา 106,มาตราความผิดทางอาญา,ผู้ใดใช้ให้กระทำความผิดลหุโทษ หรือผู้สนับสนุนในการกระทำความผิดลหุโทษ ต้องรับโทษเสมือนเป็นตัวการต่อเมื่อความผิดนั้นได้กระทำลงสำเร็จแล้ว
มาตรา 107,ความผิดต่อองค์พระมหากษัตริย์และพระบรมวงศานุวงศ์,ผู้ใดปลงพระชนม์พระมหากษัตริย์ ต้องระวางโทษประหารชีวิต ผู้ใดพยายามกระทำความผิดตามวรรคแรก ต้องระวางโทษประหารชีวิต ผู้ใดตระเตรียมการเพื่อกระทำความผิดตามวรรคแรก หรือรู้ว่ามีผู้จะปลงพระชนม์พระมหากษัตริย์ กระทำการใดๆ อันเป็นการช่วยปกปิดไว้ ต้องระวางโทษจำคุกตลอดชีวิต
มาตรา 108,ความผิดต่อองค์พระมหากษัตริย์และพระบรมวงศานุวงศ์,ผู้ใดกระทำการประทุษร้ายต่อพระองค์ หรือเสรีภาพของพระมหากษัตริย์ ต้องระวางโทษประหารชีวิตหรือจำคุกตลอดชีวิต ผู้ใดพยายามกระทำความผิดตามวรรคแรก ต้องระวางโทษเช่นเดียวกัน ผู้ใดตระเตรียมการเพื่อกระทำความผิดตามวรรคแรก หรือรู้ว่ามีผู้จะกระทำการประทุษร้ายต่อพระองค์หรือเสรีภาพของพระมหากษัตริย์ กระทำการใดๆ อันเป็นการช่วยปกปิดไว้ ต้องระวางโทษจำคุกตั้งแต่สิบหกปีถึงยี่สิบปี ถ้าการกระทำตามวรรคแรกหรือวรรคสองเป็นการกระทำอันน่าจะเกิดอันตรายแก่พระชนม์ ผู้กระทำต้องระวางโทษประหารชีวิต
มาตรา 109,ความผิดต่อองค์พระมหากษัตริย์และพระบรมวงศานุวงศ์,ผู้ใดปลงพระชนม์พระราชินีหรือรัชทายาท หรือฆ่าผู้สำเร็จราชการแทนองค์พระองค์ ต้องระวางโทษประหารชีวิต ผู้ใดพยายามกระทำความผิดตามวรรคแรก ต้องระวางโทษประหารชีวิต ผู้ใดตระเตรียมการเพื่อกระทำความผิดตามวรรคแรก หรือรู้ว่ามีผู้จะกระทำการดังกล่าว กระทำการใดๆ อันเป็นการช่วยปกปิดไว้ ต้องระวางโทษจำคุกตั้งแต่สิบสองปีถึงยี่สิบปี
มาตรา 110,ความผิดต่อองค์พระมหากษัตริย์และพระบรมวงศานุวงศ์,ผู้ใดกระทำการประทุษร้ายต่อพระองค์ หรือเสรีภาพของพระราชินีหรือรัชทายาท หรือประทุษร้ายต่อร่างกายหรือเสรีภาพของผู้สำเร็จราชการแทนองค์พระองค์ ต้องระวางโทษจำคุกตลอดชีวิต หรือจำคุกตั้งแต่สิบหกปีถึงยี่สิบปี ผู้ใดพยายามกระทำความผิดตามวรรคแรก ต้องระวางโทษเช่นเดียวกัน ผู้ใดตระเตรียมการเพื่อกระทำความผิดตามวรรคแรก หรือรู้ว่ามีผู้จะกระทำการดังกล่าว กระทำการใดๆ อันเป็นการช่วยปกปิดไว้ ต้องระวางโทษจำคุกตั้งแต่สิบปีถึงยี่สิบปี ถ้าการกระทำตามวรรคแรกหรือวรรคสองเป็นการกระทำอันน่าจะเกิดอันตรายแก่พระชนม์หรือชีวิต ผู้กระทำต้องระวางโทษประหารชีวิต
มาตรา 111,มาตราความผิดทางอาญา,ผู้ใดเป็นผู้สนับสนุนในการกระทำความผิดตามมาตรา 107 ถึงมาตรา 110 ต้องระวางโทษเช่นเดียวกับตัวการในความผิดนั้นๆ
มาตรา 112,ความผิดต่อองค์พระมหากษัตริย์และพระบรมวงศานุวงศ์,ผู้ใดหมิ่นประมาท ดูหมิ่น หรือแสดงความอาฆาตมาดร้ายพระมหากษัตริย์ พระราชินี รัชทายาท หรือผู้สำเร็จราชการแทนองค์ ต้องระวางโทษจำคุกตั้งแต่สามปีถึงสิบห้าปี
มาตรา 113,มาตราความผิดทางอาญา,ผู้ใดใช้กำลังประทุษร้าย หรือขู่เข็ญว่าจะใช้กำลังประทุษร้าย เพื่อ (1) ล้มล้างหรือเปลี่ยนแปลงรัฐธรรมนูญ (2) ล้มล้างอำนาจนิติบัญญัติ อำนาจบริหาร หรืออำนาจตุลาการแห่งรัฐธรรมนูญ หรือแบ่งแยกราชอาณาจักรหรือยึดอำนาจปกครองในส่วนหนึ่งส่วนใดแห่งราชอาณาจักร ผู้นั้นกระทำความผิดฐานเป็นกบฏ ต้องระวางโทษประหารชีวิต หรือจำคุกตลอดชีวิต
มาตรา 114,มาตราความผิดทางอาญา,ผู้ใดสะสมกำลังพลหรืออาวุธ ตระเตรียมการอื่นใด หรือสมคบกันเพื่อเป็นกบฏ หรือผู้ใดกระทำการใดๆ อันเป็นอุบายเพื่อเป็นกบฏ หรือยุยงราษฎรให้เป็นกบฏ หรือรู้ว่ามีผู้จะเป็นกบฏและช่วยปกปิดไว้ ต้องระวางโทษจำคุกตั้งแต่สามปีถึงสิบห้าปี
มาตรา 115,มาตราความผิดทางอาญา,ผู้ใดเสี้ยมสอนให้อาสาสมัครทหาร ทหาร หรือตำรวจ ละเลยไม่ปฏิบัติการตามหน้าที่ หรือให้ละเมิดวินัยทหารหรือตำรวจ หรือให้ก่อการทรยศ ต้องระวางโทษจำคุกไม่เกินห้าปี ถ้าความผิดนั้นได้กระทำลงโดยมุ่งหมายจะก่อให้เกิดกบฏ หรือเพื่อประโยชน์ของกำลังรบต่างชาติ ต้องระวางโทษจำคุกตั้งแต่ห้าปีถึงสิบห้าปี
มาตรา 116,มาตราความผิดทางอาญา,ผู้ใดกระทำให้ปรากฏแก่ประชาชนด้วยวาจา หนังสือ หรือวิธีอื่นใดอันมิใช่เป็นการกระทำภายในความมุ่งหมายแห่งรัฐธรรมนูญ หรือมิใช่เพื่อแสดงความคิดเห็นหรือติชมโดยสุจริต (1) เพื่อให้เกิดการเปลี่ยนแปลงในกฎหมายแผ่นดินหรือรัฐบาล โดยใช้กำลังข่มขืนใจหรือใช้กำลังประทุษร้าย (2) เพื่อให้เกิดความปั่นป่วนหรือกระด้างกระเดื่องในหมู่ประชาชนถึงขนาดที่จะก่อความไม่สงบขึ้นในราชอาณาจักร หรือ (3) เพื่อให้ประชาชนล่วงละเมิดกฎหมายแผ่นดิน ต้องระวางโทษจำคุกไม่เกินเจ็ดปี
มาตรา 117,มาตราความผิดทางอาญา,ผู้ใดจูงใจหรือยุยงประชาชนให้ร่วมกันหยุดงาน นัดหยุดงาน ปิดงานงดจ้าง หรือร่วมกันไม่ยอมค้าขายหรือติดต่อทางธุรกิจกับบุคคลใดๆ เพื่อให้เกิดการเปลี่ยนแปลงในกฎหมายแผ่นดิน เพื่อข่มขืนใจรัฐบาล หรือเพื่อทำลายระเบียบเศรษฐกิจและการขนส่ง ต้องระวางโทษจำคุกไม่เกินเจ็ดปี หรือปรับไม่เกินหนึ่งแสนสี่หมื่นบาท หรือทั้งจำทั้งปรับ ผู้ใดทราบความมุ่งหมายดังกล่าวและเข้ามีส่วนร่วมในการหยุดงาน นัดหยุดงาน ปิดงานงดจ้าง หรือไม่ยอมค้าขายหรือติดต่อทางธุรกิจกับบุคคลใดๆ นั้น ต้องระวางโทษจำคุกไม่เกินสามปี หรือปรับไม่เกิน六หมื่นบาท หรือทั้งจำทั้งปรับ ผู้ใดเป็นผู้จัดการหรือหัวหน้าในการกระทำความผิดตามวรรคแรกหรือวรรคสอง ต้องระวางโทษจำคุกไม่เกินห้าปี หรือปรับไม่เกินหนึ่งแสนบาท หรือทั้งจำทั้งปรับ
มาตรา 118,มาตราความผิดทางอาญา,ผู้ใดกระทำการใดๆ ต่อธงชาติหรือเครื่องหมายอื่นใดอันมีความหมายถึงรัฐ เพื่อเหยียดหยามประเทศชาติ ต้องระวางโทษจำคุกไม่เกินสองปี หรือปรับไม่เกินสี่หมื่นบาท หรือทั้งจำทั้งปรับ
มาตรา 119,มาตราความผิดทางอาญา,ผู้ใดกระทำการใดๆ เพื่อให้ราชอาณาจักรหรือส่วนหนึ่งส่วนใดตกไปอยู่ใต้เอกราชของต่างประเทศ หรือเพื่อให้เอกราชของรัฐเสื่อมเสียไป ต้องระวางโทษประหารชีวิต หรือจำคุกตลอดชีวิต
มาตรา 120,มาตราความผิดทางอาญา,ผู้ใดคบคิดกับบุคคลผู้กระทำการเพื่อประโยชน์ของรัฐต่างประเทศ โดยมุ่งหมายจะก่อให้เกิดสงครามหรือการรบพุ่งต่อราชอาณาจักร หรือกระทำการอื่นใดอันเป็นการช่วยเหลือในทางใดๆ แก่รัฐต่างประเทศในการรบพุ่งต่อราชอาณาจักร ต้องระวางโทษประหารชีวิต หรือจำคุกตลอดชีวิต
มาตรา 121,มาตราความผิดทางอาญา,คนไทยผู้ใดเข้าส่วนในกำลังรบของต่างประเทศที่ทำสงครามหรือรบพุ่งต่อราชอาณาจักร ต้องระวางโทษประหารชีวิต หรือจำคุกตลอดชีวิต
มาตรา 122,มาตราความผิดทางอาญา,ผู้ใดกระทำการใดๆ อันเป็นการช่วยเหลือหรือให้ความสะดวกแก่กำลังรบต่างประเทศที่ทำสงครามหรือรบพุ่งต่อราชอาณาจักร ต้องระวางโทษประหารชีวิต หรือจำคุกตลอดชีวิต
มาตรา 123,มาตราความผิดทางอาญา,ผู้ใดกระทำการใดๆ เพื่อประโยชน์ของรัฐต่างประเทศที่ทำสงครามหรือรบพุ่งต่อราชอาณาจักร โดยมุ่งหมายจะทำให้การป้องกันราชอาณาจักรเสื่อมเสียไป ต้องระวางโทษจำคุกตลอดชีวิต หรือจำคุกตั้งแต่สิบปีถึงยี่สิบปี
มาตรา 124,มาตราความผิดทางอาญา,ผู้ใดกระทำการใดๆ เพื่อให้ได้มาซึ่งข้อความ ผัง แบบ หรือข้อมูลใดๆ ที่ปกปิดไว้เป็นความลับสำหรับความมั่นคงของราชอาณาจักร ต้องระวางโทษจำคุกไม่เกินสิบปี ถ้าความผิดนั้นได้กระทำในระหว่างทำสงครามหรือรบพุ่ง หรือเพื่อประโยชน์ของกำลังรบต่างชาติ ต้องระวางโทษจำคุกตั้งแต่ห้าปีถึงสิบห้าปี
มาตรา 125,มาตราความผิดทางอาญา,ผู้ใดปลอมแปลง แปลง หรือทำลายข้อความ ผัง แบบ หรือข้อมูลใดๆ ที่เกี่ยวกับความมั่นคงของราชอาณาจักร ต้องระวางโทษจำคุกไม่เกินสิบปี ถ้าความผิดนั้นได้กระทำในระหว่างทำสงครามหรือรบพุ่ง หรือเพื่อประโยชน์ของกำลังรบต่างชาติ ต้องระวางโทษจำคุกตั้งแต่ห้าปีถึงสิบห้าปี
มาตรา 126,มาตราความผิดทางอาญา,ผู้ใดเปิดเผยข้อความ ผัง แบบ หรือข้อมูลใดๆ ที่ปกปิดไว้เป็นความลับสำหรับความมั่นคงของราชอาณาจักร ต้องระวางโทษจำคุกไม่เกินสิบปี ถ้าความผิดนั้นได้กระทำในระหว่างทำสงครามหรือรบพุ่ง หรือเพื่อประโยชน์ของกำลังรบต่างชาติ ต้องระวางโทษจำคุกตั้งแต่ห้าปีถึงสิบห้าปี
มาตรา 127,มาตราความผิดทางอาญา,ผู้ใดทำลาย ซ่อนเร้น ทำให้สูญหาย หรือทำให้ใช้การไม่ได้ซึ่งเอกสารหรือวัตถุใดๆ อันเป็นหลักฐานเกี่ยวกับข้อตกลงหรือความสัมพันธ์ระหว่างประเทศ เพื่อก่อให้เกิดผลร้ายแก่ราชอาณาจักร ต้องระวางโทษจำคุกไม่เกินสิบปี
มาตรา 128,มาตราความผิดทางอาญา,ผู้ใดตระเตรียมการเพื่อกระทำความผิดตามมาตรา 119 ถึงมาตรา 127 ต้องระวางโทษจำคุกตั้งแต่สองปีถึงสิบปี
มาตรา 129,มาตราความผิดทางอาญา,ผู้ใดเป็นผู้สนับสนุนในการกระทำความผิดตามมาตรา 119 ถึงมาตรา 127 ต้องระวางโทษเช่นเดียวกับตัวการในความผิดนั้นๆ
มาตรา 130,มาตราความผิดทางอาญา,ผู้ใดทำร้าย ทำลาย หรือเหยียดหยามผู้แทนของรัฐต่างประเทศซึ่งได้รับแต่งตั้งมายังราชอาณาจักร ต้องระวางโทษจำคุกไม่เกินห้าปี หรือปรับไม่เกินหนึ่งแสนบาท หรือทั้งจำทั้งปรับ
มาตรา 131,มาตราความผิดทางอาญา,ผู้ใดทำลาย ซ่อนเร้น หรือทำให้สูญหายซึ่งเอกสารหรือวัตถุใดๆ อันเกี่ยวข้องกับสิทธิของรัฐต่างประเทศ เพื่อก่อให้เกิดผลร้ายแก่รัฐต่างประเทศนั้น ต้องระวางโทษจำคุกไม่เกินห้าปี หรือปรับไม่เกินหนึ่งแสนบาท หรือทั้งจำทั้งปรับ
มาตรา 132,มาตราความผิดทางอาญา,ผู้ใดกระทำการใดๆ ต่อธงหรือเครื่องหมายอื่นใดอันมีความหมายถึงรัฐต่างประเทศซึ่งมีสัมพันธไมตรีกับราชอาณาจักร เพื่อเหยียดหยามรัฐต่างประเทศนั้น ต้องระวางโทษจำคุกไม่เกินสองปี หรือปรับไม่เกินสี่หมื่นบาท หรือทั้งจำทั้งปรับ
มาตรา 133,ความผิดต่อองค์พระมหากษัตริย์และพระบรมวงศานุวงศ์,ผู้ใดหมิ่นประมาท ดูหมิ่น หรือแสดงความอาฆาตมาดร้ายราชาธิบดี ราชินี ราชสามี รัชทายาท หรือประมุขแห่งรัฐต่างประเทศ ต้องระวางโทษจำคุกตั้งแต่หนึ่งปีถึงเจ็ดปี หรือปรับไม่เกินสองหมื่นบาทถึงหนึ่งแสนสี่หมื่นบาท หรือทั้งจำทั้งปรับ
มาตรา 134,ความผิดฐานหมิ่นประมาท,ผู้ใดหมิ่นประมาท ดูหมิ่น หรือแสดงความอาฆาตมาดร้ายผู้แทนรัฐต่างประเทศซึ่งได้รับแต่งตั้งมายังราชอาณาจักร ต้องระวางโทษจำคุกตั้งแต่หกเดือนถึงห้าปี หรือปรับไม่เกินหนึ่งหมื่นบาทถึงหนึ่งแสนบาท หรือทั้งจำทั้งปรับ
มาตรา 135,มาตราความผิดทางอาญา,ผู้ใดเป็นผู้สนับสนุนในการกระทำความผิดตามมาตรา 130 ถึงมาตรา 134 ต้องระวางโทษสองในสามส่วนของโทษที่กำหนดไว้สำหรับความผิดนั้น
มาตรา 135/1,ความผิดฐานก่อการร้าย,ผู้ใดกระทำการอันเป็นความผิดอาญาที่ก่อให้เกิดภยันตรายร้ายแรงต่อชีวิต ร่างกาย หรือเสรีภาพของบุคคล หรือสร้างความเสียหายร้ายแรงต่อระบบขนส่งสาธารณะ ระบบโทรคมนาคม หรือโครงสร้างพื้นฐานอันเป็นประโยชน์สาธารณะ โดยมีความมุ่งหมายเพื่อขู่เข็ญหรือบังคับรัฐบาลไทย รัฐบาลต่างประเทศ หรือองค์การระหว่างประเทศ หรือเพื่อสร้างความปั่นป่วนโดยให้เกิดความกลัวในหมู่ประชาชน ผู้นั้นกระทำความผิดฐานก่อการร้าย ต้องระวางโทษประหารชีวิต จำคุกตลอดชีวิต หรือจำคุกตั้งแต่สิบห้าปีถึงยี่สิบปี และปรับตั้งแต่หกแสนบาทถึงหนึ่งล้านบาท
มาตรา 135/2,ความผิดฐานก่อการร้าย,ผู้ใดขู่เข็ญว่าจะกระทำการก่อการร้าย โดยมีพฤติการณ์อันควรเชื่อได้ว่าผู้นั้นจะกระทำการตามที่ขู่เข็ญจริง ต้องระวางโทษจำคุกตั้งแต่สองปีถึงสิบปี และปรับตั้งแต่แปดหมื่นบาทถึงสี่แสนบาท ผู้ใดสะสมกำลังพลหรืออาวุธ จัดหาหรือรวบรวมทรัพย์สิน ให้การฝึกการก่อการร้าย จัดเตรียมอุบาย หรือสมคบกันเพื่อก่อการร้าย หรือกระทำการใดๆ อันเป็นส่วนหนึ่งของแผนการก่อการร้าย หรือยุยงราษฎรให้เข้ามีส่วนในการก่อการร้าย หรือรู้ว่ามีผู้จะก่อการร้ายและช่วยปกปิดไว้ ต้องระวางโทษจำคุกตั้งแต่ห้าปีถึงยี่สิบปี และปรับตั้งแต่สองแสนบาทถึงแปดแสนบาท
มาตรา 135/3,มาตราความผิดทางอาญา,ผู้ใดเป็นผู้ขัดขวาง ให้ความสะดวก หรือให้การช่วยเหลือในการกระทำความผิดตามมาตรา 135/1 หรือมาตรา 135/2 ต้องระวางโทษเช่นเดียวกับตัวการในความผิดนั้นๆ
มาตรา 135/4,ความผิดฐานก่อการร้าย,ผู้ใดเป็นสมาชิกของคณะบุคคลหรือสมาคมที่มีวัตถุประสงค์เพื่อการก่อการร้าย หรือเข้ามีส่วนร่วมในคณะบุคคลหรือสมาคมดังกล่าว ต้องระวางโทษจำคุกตั้งแต่หนึ่งปีถึงเจ็ดปี และปรับตั้งแต่สองหมื่นบาทถึงหนึ่งแสนสี่หมื่นบาท
มาตรา 136,ความผิดต่อเจ้าพนักงาน,ผู้ใดดูหมิ่นเจ้าพนักงานซึ่งกระทำการตามหน้าที่ หรือเพราะได้กระทำการตามหน้าที่ ต้องระวางโทษจำคุกไม่เกินหนึ่งปี หรือปรับไม่เกินสองหมื่นบาท หรือทั้งจำทั้งปรับ
มาตรา 137,ความผิดฐานให้หรือรับสินบนเจ้าพนักงาน,ผู้ใดแจ้งข้อความอันเป็นเท็จแก่เจ้าพนักงาน ซึ่งอาจทำให้ผู้อื่นหรือประชาชนเสียหาย ต้องระวางโทษจำคุกไม่เกินหกเดือน หรือปรับไม่เกินหนึ่งหมื่นบาท หรือทั้งจำทั้งปรับ
มาตรา 138,ความผิดต่อเจ้าพนักงาน,ผู้ใดต่อสู้ หรือขัดขวางเจ้าพนักงานหรือผู้ซึ่งต้องช่วยเจ้าพนักงานตามกฎหมายในการปฏิบัติการตามหน้าที่ ต้องระวางโทษจำคุกไม่เกินหนึ่งปี หรือปรับไม่เกินสองหมื่นบาท หรือทั้งจำทั้งปรับ ถ้าการต่อสู้หรือขัดขวางนั้น ได้กระทำโดยใช้กำลังประทุษร้ายหรือขู่เข็ญว่าจะใช้กำลังประทุษร้าย ผู้กระทำต้องระวางโทษจำคุกไม่เกินสองปี หรือปรับไม่เกินสี่หมื่นบาท หรือทั้งจำทั้งปรับ
มาตรา 139,ความผิดฐานให้หรือรับสินบนเจ้าพนักงาน,ผู้ใดข่มขืนใจเจ้าพนักงานให้ปฏิบัติการอันมิชอบด้วยหน้าที่ หรือให้ละเว้นการปฏิบัติการตามหน้าที่โดยใช้กำลังประทุษร้าย หรือขู่เข็ญว่าจะใช้กำลังประทุษร้าย ต้องระวางโทษจำคุกไม่เกินสามปี หรือปรับไม่เกินหกหมื่นบาท หรือทั้งจำทั้งปรับ
มาตรา 140,ความผิดฐานอั้งยี่,ถ้าการกระทำความผิดตามมาตรา 138 วรรคสอง หรือมาตรา 139 ได้กระทำโดยมีหรือใช้อาวุธ หรือโดยร่วมกระทำความผิดด้วยกันตั้งแต่สามคนขึ้นไป ผู้กระทำต้องระวางโทษจำคุกไม่เกินห้าปี หรือปรับไม่เกินหนึ่งแสนบาท หรือทั้งจำทั้งปรับ ถ้ากระทำโดยอ้างอำนาจอั้งยี่หรือซ่องโจร ไม่ว่าอั้งยี่หรือซ่องโจรนั้นจะมีอยู่หรือไม่ ผู้กระทำต้องระวางโทษจำคุกตั้งแต่หนึ่งปีถึงเจ็ดปี และปรับตั้งแต่สองหมื่นบาทถึงหนึ่งแสนสี่หมื่นบาท ถ้าการกระทำความผิดตามมาตรานี้ได้กระทำโดยมีหรือใช้อาวุธปืนหรือวัตถุระเบิด ผู้กระทำต้องระวางโทษหนักกว่าที่กฎหมายบัญญัติไว้ในสองวรรคก่อนกึ่งหนึ่ง
มาตรา 141,ความผิดฐานให้หรือรับสินบนเจ้าพนักงาน,ผู้ใดถอน ทำให้เสียหาย ทำลายหรือทำให้ไร้ประโยชน์ซึ่งตราหรือเครื่องหมายอันเจ้าพนักงานได้ประทับหรือหมายไว้ที่สิ่งใดๆ ในการปฏิบัติการตามหน้าที่ เพื่อเป็นหลักฐานในการยึด อายัด หรือเพื่อการใดๆ ต้องระวางโทษจำคุกไม่เกินสามปี หรือปรับไม่เกินหกหมื่นบาท หรือทั้งจำทั้งปรับ
มาตรา 142,ความผิดฐานให้หรือรับสินบนเจ้าพนักงาน,ผู้ใดทำให้เสียหาย ทำลาย ซ่อนเร้น เอาไปเสีย หรือทำให้สูญหายหรือไร้ประโยชน์ซึ่งทรัพย์สินหรือเอกสารใดๆ อันเจ้าพนักงานได้ยึด รักษาไว้ หรือสั่งให้ส่งเพื่อเป็นพยานหลักฐาน หรือเพื่อบังคับการให้เป็นไปตามกฎหมาย ไม่ว่าเจ้าพนักงานจะรักษาทรัพย์หรือเอกสารนั้นไว้เอง หรือสั่งให้ผู้นั้นหรือผู้อื่นรักษาไว้ก็ตาม ต้องระวางโทษจำคุกไม่เกินสามปี หรือปรับไม่เกินหกหมื่นบาท หรือทั้งจำทั้งปรับ
มาตรา 143,ความผิดฐานให้หรือรับสินบนเจ้าพนักงาน,ผู้ใดเรียก รับหรือยอมจะรับทรัพย์สิน หรือประโยชน์อื่นใดสำหรับตนเองหรือผู้อื่น เป็นการตอบแทนในการที่จะจูงใจหรือได้จูงใจเจ้าพนักงาน สมาชิกสภานิติบัญญัติแห่งรัฐ สมาชิกสภาจังหวัดหรือสมาชิกสภาเทศบาล โดยวิธีอันทุจริตหรือผิดกฎหมายหรือโดยอิทธิพลของตนให้กระทำการหรือไม่กระทำการในหน้าที่อันเป็นคุณหรือเป็นโทษแก่บุคคลใด ต้องระวางโทษจำคุกไม่เกินห้าปี หรือปรับไม่เกินหนึ่งแสนบาท หรือทั้งจำทั้งปรับ
มาตรา 144,ความผิดฐานให้หรือรับสินบนเจ้าพนักงาน,ผู้ใดให้ ขอให้ หรือรับว่าจะให้ทรัพย์สินหรือประโยชน์อื่นใดแก่เจ้าพนักงาน สมาชิกสภานิติบัญญัติแห่งรัฐ สมาชิกสภาจังหวัดหรือสมาชิกสภาเทศบาล เพื่อจูงใจให้กระทำการ ไม่กระทำการ หรือประวิงการกระทำอันมิชอบด้วยหน้าที่ ต้องระวางโทษจำคุกไม่เกินห้าปี หรือปรับไม่เกินหนึ่งแสนบาท หรือทั้งจำทั้งปรับ
มาตรา 145,ความผิดฐานให้หรือรับสินบนเจ้าพนักงาน,ผู้ใดแสดงตนเป็นเจ้าพนักงาน และกระทำการเป็นเจ้าพนักงาน โดยตนเองไม่ได้เป็นเจ้าพนักงานที่มีอำนาจกระทำการนั้น ต้องระวางโทษจำคุกไม่เกินหนึ่งปี หรือปรับไม่เกินสองหมื่นบาท หรือทั้งจำทั้งปรับ เจ้าพนักงานผู้ใดได้รับคำสั่งมิให้ปฏิบัติหน้าที่ต่อไปแล้ว ยังฝ่าฝืนกระทำการใดๆ ในตำแหน่งหน้าที่นั้น ต้องระวางโทษเช่นเดียวกัน
มาตรา 146,ความผิดฐานให้หรือรับสินบนเจ้าพนักงาน,ผู้ใดไม่มีสิทธิที่จะสวมเครื่องแบบหรือประดับเครื่องหมายของเจ้าพนักงาน สมาชิกสภานิติบัญญัติแห่งรัฐ สมาชิกสภาจังหวัดหรือสมาชิกสภาเทศบาล หรือไม่มีสิทธิใช้ยศ รายชื่อ บรรดาศักดิ์หรือเครื่องราชอิสริยาภรณ์ กระทำการเช่นนั้นเพื่อให้บุคคลอื่นเชื่อว่าตนมีสิทธิ ต้องระวางโทษจำคุกไม่เกินหนึ่งปี หรือปรับไม่เกินสองหมื่นบาท หรือทั้งจำทั้งปรับ
มาตรา 147,ความผิดฐานให้หรือรับสินบนเจ้าพนักงาน,ผู้ใดเป็นเจ้าพนักงาน มีหน้าที่ซื้อ ทำ จัดการหรือรักษาทรัพย์ใด เบียดบังทรัพย์นั้นเป็นของตนหรือเป็นของผู้อื่นโดยทุจริต หรือทุจริตยอมให้ผู้อื่นเอาทรัพย์นั้นไปเสีย ต้องระวางโทษจำคุกตั้งแต่ห้าปีถึงยี่สิบปี หรือจำคุกตลอดชีวิต และปรับตั้งแต่หนึ่งแสนบาทถึงสี่แสนบาท
มาตรา 148,ความผิดฐานให้หรือรับสินบนเจ้าพนักงาน,ผู้ใดเป็นเจ้าพนักงาน ใช้อำนาจในตำแหน่งโดยมิชอบ ข่มขืนใจหรือจูงใจเพื่อให้บุคคลใดมอบให้หรือหามาให้ซึ่งทรัพย์สินหรือประโยชน์อื่นใดแก่ตนเองหรือผู้อื่น ต้องระวางโทษจำคุกตั้งแต่ห้าปีถึงยี่สิบปี หรือจำคุกตลอดชีวิต และปรับตั้งแต่หนึ่งแสนบาทถึงสี่แสนบาท หรือประหารชีวิต
มาตรา 149,ความผิดต่อเจ้าพนักงาน,ผู้ใดเป็นเจ้าพนักงาน สมาชิกสภานิติบัญญัติแห่งรัฐ สมาชิกสภาจังหวัด หรือสมาชิกสภาเทศบาล เรียก รับ หรือยอมจะรับทรัพย์สินหรือประโยชน์อื่นใดสำหรับตนเองหรือผู้อื่นโดยมิชอบ เพื่อกระทำการหรือไม่กระทำการอย่างใดในตำแหน่ง ไม่ว่าการนั้นจะชอบหรือมิชอบด้วยหน้าที่ ต้องระวางโทษจำคุกตั้งแต่ห้าปีถึงยี่สิบปี หรือจำคุกตลอดชีวิต และปรับตั้งแต่หนึ่งแสนบาทถึงสี่แสนบาท หรือประหารชีวิต
มาตรา 150,ความผิดต่อเจ้าพนักงาน,ผู้ใดเป็นเจ้าพนักงาน กระทำการหรือไม่กระทำการอย่างใดในตำแหน่ง โดยเห็นแก่ทรัพย์สินหรือประโยชน์อื่นใด ซึ่งตนได้เรียก รับ หรือยอมจะรับไว้ก่อนที่ตนได้รับแต่งตั้งเป็นเจ้าพนักงานในตำแหน่งนั้น ต้องระวางโทษจำคุกตั้งแต่ห้าปีถึงยี่สิบปี หรือจำคุกตลอดชีวิต และปรับตั้งแต่หนึ่งแสนบาทถึงสี่แสนบาท
มาตรา 151,ความผิดฐานให้หรือรับสินบนเจ้าพนักงาน,ผู้ใดเป็นเจ้าพนักงาน มีหน้าที่ซื้อ ทำ จัดการหรือรักษาทรัพย์ใดๆ ใช้อำนาจในตำแหน่งโดยทุจริต อันเป็นการเสียหายแก่รัฐ เทศบาล สุขาภิบาลหรือเจ้าของทรัพย์นั้น ต้องระวางโทษจำคุกตั้งแต่ห้าปีถึงยี่สิบปี หรือจำคุกตลอดชีวิต และปรับตั้งแต่หนึ่งแสนบาทถึงสี่แสนบาท
มาตรา 152,ความผิดต่อเจ้าพนักงาน,ผู้ใดเป็นเจ้าพนักงาน มีหน้าที่จัดการหรือดูแลกิจการใด เข้ามีส่วนได้เสียเพื่อประโยชน์สำหรับตนเองหรือผู้อื่นเนื่องด้วยกิจการนั้น ต้องระวางโทษจำคุกตั้งแต่หนึ่งปีถึงสิบปี และปรับตั้งแต่สองหมื่นบาทถึงสองแสนบาท
มาตรา 153,ความผิดต่อเจ้าพนักงาน,ผู้ใดเป็นเจ้าพนักงาน มีหน้าที่จ่ายทรัพย์ จ่ายทรัพย์นั้นเกินกว่าที่ควรจ่ายเพื่อประโยชน์สำหรับตนเองหรือผู้อื่น ต้องระวางโทษจำคุกตั้งแต่หนึ่งปีถึงสิบปี และปรับตั้งแต่สองหมื่นบาทถึงสองแสนบาท
มาตรา 154,ความผิดฐานให้หรือรับสินบนเจ้าพนักงาน,ผู้ใดเป็นเจ้าพนักงาน มีหน้าที่เรียกเก็บหรือตรวจสอบภาษีอากร ค่าธรรมเนียม หรือเงินอื่นใด โดยทุจริตเรียกเก็บหรือละเว้นไม่เรียกเก็บภาษีอากร ค่าธรรมเนียมหรือเงินนั้น หรือกระทำการใดๆ เพื่อให้ผู้มีหน้าที่เสียภาษีอากรหรือค่าธรรมเนียมนั้นมิต้องเสียหรือเสียน้อยกว่าที่จะต้องเสีย ต้องระวางโทษจำคุกตั้งแต่ห้าปีถึงยี่สิบปี หรือจำคุกตลอดชีวิต และปรับตั้งแต่หนึ่งแสนบาทถึงสี่แสนบาท
มาตรา 155,ความผิดฐานให้หรือรับสินบนเจ้าพนักงาน,ผู้ใดเป็นเจ้าพนักงาน มีหน้าที่กำหนดราคาทรัพย์สินหรือสินค้าใดๆ เพื่อเรียกเก็บภาษีอากรหรือค่าธรรมเนียมตามมาตรา 154 โดยทุจริตกำหนดราคาทรัพย์สินหรือสินค้านั้นๆ เพื่อให้ผู้มีหน้าที่เสียภาษีอากรหรือค่าธรรมเนียมมิต้องเสียหรือเสียน้อยกว่าที่จะต้องเสีย ต้องระวางโทษจำคุกตั้งแต่ห้าปีถึงยี่สิบปี หรือจำคุกตลอดชีวิต และปรับตั้งแต่หนึ่งแสนบาทถึงสี่แสนบาท
มาตรา 156,ความผิดฐานให้หรือรับสินบนเจ้าพนักงาน,ผู้ใดเป็นเจ้าพนักงาน มีหน้าที่ตรวจสอบบัญชีตามกฎหมาย โดยทุจริตแนะนำ หรือกระทำการใดๆ เพื่อให้มีการปกปิดอันไม่แสดงรายการตามจริง หรือแสดงรายการเท็จในบัญชีอันเป็นการเสียหายแก่รัฐ เทศบาล สุขาภิบาล หรือประชาชน ต้องระวางโทษจำคุกตั้งแต่สามปีถึงสิบปี และปรับตั้งแต่หกหมื่นบาทถึงสองแสนบาท
มาตรา 157,ความผิดฐานให้หรือรับสินบนเจ้าพนักงาน,ผู้ใดเป็นเจ้าพนักงาน ปฏิบัติหรือละเว้นการปฏิบัติหน้าที่โดยมิชอบ เพื่อให้เกิดความเสียหายแก่ผู้หนึ่งผู้ใด หรือปฏิบัติหรือละเว้นการปฏิบัติหน้าที่โดยทุจริต ต้องระวางโทษจำคุกตั้งแต่หนึ่งปีถึงสิบปี หรือปรับตั้งแต่สองหมื่นบาทถึงสองแสนบาท หรือทั้งจำทั้งปรับ
มาตรา 158,ความผิดฐานให้หรือรับสินบนเจ้าพนักงาน,ผู้ใดเป็นเจ้าพนักงาน มีหน้าที่รักษาหรือใช้เอกสารใด ทำลาย ทำให้เสียหาย ซ่อนเร้น เอาไปเสีย หรือทำให้สูญหายหรือทำให้ไร้ประโยชน์ซึ่งเอกสารนั้น ต้องระวางโทษจำคุกไม่เกินห้าปี หรือปรับไม่เกินหนึ่งแสนบาท หรือทั้งจำทั้งปรับ
มาตรา 159,ความผิดฐานให้หรือรับสินบนเจ้าพนักงาน,ผู้ใดเป็นเจ้าพนักงาน มีหน้าที่ดูแล รักษาทรัพย์หรือเอกสารใด กระทำการอันมิชอบด้วยหน้าที่ โดยถอน ทำให้เสียหาย ทำลายหรือทำให้ไร้ประโยชน์ซึ่งตราหรือเครื่องหมายอันเจ้าพนักงานอื่นได้ประทับหรือหมายไว้ที่สิ่งนั้นในการปฏิบัติการตามหน้าที่ เพื่อเป็นหลักฐานในการยึด อายัด หรือเพื่อการใดๆ ต้องระวางโทษจำคุกไม่เกินห้าปี หรือปรับไม่เกินหนึ่งแสนบาท หรือทั้งจำทั้งปรับ
มาตรา 160,ความผิดฐานให้หรือรับสินบนเจ้าพนักงาน,ผู้ใดเป็นเจ้าพนักงาน มีหน้าที่ดูแล รักษาทรัพย์หรือเอกสารใด รู้ว่าตราหรือเครื่องหมายอันเจ้าพนักงานได้ประทับหรือหมายไว้ที่สิ่งนั้นในการปฏิบัติการตามหน้าที่ เพื่อเป็นหลักฐานในการยึด อายัด หรือเพื่อการใดๆ ถูกถอน ทำให้เสียหาย ทำลาย หรือทำให้ไร้ประโยชน์เสีย ละเลยไม่แจ้งแก่เจ้าพนักงานผู้เกี่ยวข้อง หรือไม่กระทำการตามหน้าที่เพื่อป้องกันหรือระงับการกระทำนั้น ต้องระวางโทษจำคุกไม่เกินห้าปี หรือปรับไม่เกินหนึ่งแสนบาท หรือทั้งจำทั้งปรับ
มาตรา 161,ความผิดฐานปลอมเอกสาร,ผู้ใดเป็นเจ้าพนักงาน มีหน้าที่ทำเอกสาร กรอกข้อความลงในเอกสารหรือดูแลรักษาเอกสาร ปลอมเอกสารโดยอาศัยโอกาสที่ตนมีหน้าที่นั้น ต้องระวางโทษจำคุกตั้งแต่หนึ่งปีถึงสิบปี และปรับตั้งแต่สองหมื่นบาทถึงสองแสนบาท
มาตรา 162,ความผิดต่อเจ้าพนักงาน,ผู้ใดเป็นเจ้าพนักงาน มีหน้าที่ทำเอกสาร รับเอกสารหรือกรอกข้อความลงในเอกสาร กระทำการดังต่อไปนี้ในการปฏิบัติการตามหน้าที่ (1) รับรองเป็นเท็จว่าได้ทำการอย่างใดขึ้นต่อหน้าตนหรือรายละเอียดอย่างอื่นอันเป็นเท็จ (2) รับรองเป็นเท็จว่าได้มีการแจ้งข้อความลงในเอกสารอันตนมีหน้าที่จัดทำหรือรับรอง (3) ละเว้นไม่จดข้อความซึ่งตนมีหน้าที่ต้องรับจด หรือจดเปลี่ยนแปลงข้อความเช่นว่านั้น หรือ (4) รับรองเป็นเท็จในข้อเท็จจริงอันเอกสารนั้นมุ่งเป็นหลักฐานว่าตนได้สำรวจหรือพบเห็นมา ต้องระวางโทษจำคุกไม่เกินสามปี หรือปรับไม่เกินหกหมื่นบาท หรือทั้งจำทั้งปรับ
มาตรา 163,ความผิดฐานให้หรือรับสินบนเจ้าพนักงาน,ผู้ใดเป็นเจ้าพนักงาน มีหน้าที่เกี่ยวกับการไปรษณีย์ โทรเลข หรือโทรศัพท์ กระทำการอันมิชอบด้วยหน้าที่ โดยเปิด ทำลาย ทำให้สูญหาย หรือทำให้ไร้ประโยชน์ ซึ่งไปรษณียภัณฑ์ โทรเลข หรือข้อมูลการสื่อสารทางโทรศัพท์ หรือเปิดเผยข้อความที่ส่งทางไปรษณีย์ โทรเลข หรือโทรศัพท์ ต้องระวางโทษจำคุกไม่เกินห้าปี หรือปรับไม่เกินหนึ่งแสนบาท หรือทั้งจำทั้งปรับ
มาตรา 164,ความผิดฐานเปิดเผยความลับ,ผู้ใดเป็นเจ้าพนักงาน รู้หรืออาจรู้ความลับในราชการโดยหน้าที่ กระทำการใดๆ อันมิชอบด้วยหน้าที่ เปิดเผยความลับนั้น ต้องระวางโทษจำคุกไม่เกินห้าปี หรือปรับไม่เกินหนึ่งแสนบาท หรือทั้งจำทั้งปรับ
มาตรา 165,ความผิดฐานให้หรือรับสินบนเจ้าพนักงาน,ผู้ใดเป็นเจ้าพนักงาน มีหน้าที่ดูแล รักษา ทรัพย์หรือเอกสารใด กระทำการอันทุจริตละเลย หรือยอมให้ผู้อื่นเอาทรัพย์หรือเอกสารนั้นไปเสีย ต้องระวางโทษจำคุกตั้งแต่หนึ่งปีถึงสิบปี และปรับตั้งแต่สองหมื่นบาทถึงสองแสนบาท
มาตรา 166,ความผิดฐานให้หรือรับสินบนเจ้าพนักงาน,ผู้ใดเป็นเจ้าพนักงาน ละทิ้งหน้าที่หรือกระทำการอย่างใดๆ เพื่อให้งานหยุดชะงักหรือเสียหาย โดยร่วมกันกระทำการเช่นนั้นตั้งแต่ห้าคนขึ้นไป ต้องระวางโทษจำคุกไม่เกินห้าปี หรือปรับไม่เกินหนึ่งแสนบาท หรือทั้งจำทั้งปรับ ถ้าความผิดนั้นได้กระทำลงเพื่อมุ่งหมายจะเปลี่ยนแปลงกฎหมายแผ่นดิน ข่มขืนใจรัฐบาล หรือทำลายระเบียบเศรษฐกิจและการขนส่ง ต้องระวางโทษจำคุกตั้งแต่หนึ่งปีถึงสิบปี และปรับตั้งแต่สองหมื่นบาทถึงสองแสนบาท
มาตรา 167,ความผิดฐานให้หรือรับสินบนเจ้าพนักงาน,ผู้ใดให้ ขอให้ หรือรับว่าจะให้ทรัพย์สินหรือประโยชน์อื่นใดแก่เจ้าพนักงานในตำแหน่งตุลาการ พนักงานอัยการ ผู้ว่าคดีหรือพนักงานสอบสวน เพื่อจูงใจให้กระทำการ ไม่กระทำการ หรือประวิงการกระทำอันมิชอบด้วยหน้าที่ ต้องระวางโทษจำคุกไม่เกินเจ็ดปี และปรับไม่เกินหนึ่งแสนสี่หมื่นบาท
มาตรา 168,ความผิดฐานให้หรือรับสินบนเจ้าพนักงาน,ผู้ใดขัดขืนคำสั่งของเจ้าพนักงานในตำแหน่งตุลาการ พนักงานอัยการ ผู้ว่าคดี หรือพนักงานสอบสวน ซึ่งให้มาเพื่อให้ถ้อยคำ โดยได้รับหมายเรียกแล้วไม่มา หรือมาแต่ไม่ยอมให้ถ้อยคำโดยไม่มีข้อแก้ตัวอันสมควร ต้องระวางโทษจำคุกไม่เกินสามเดือน หรือปรับไม่เกินห้าพันบาท หรือทั้งจำทั้งปรับ
มาตรา 169,ความผิดฐานให้หรือรับสินบนเจ้าพนักงาน,ผู้ใดขัดขืนคำสั่งของเจ้าพนักงานในตำแหน่งตุลาการ พนักงานอัยการ ผู้ว่าคดี หรือพนักงานสอบสวน ซึ่งสั่งให้ส่งเอกสารหรือวัตถุใดๆ เพื่อเป็นพยานหลักฐาน โดยได้รับหมายเรียกแล้วไม่ส่งโดยไม่มีข้อแก้ตัวอันสมควร ต้องระวางโทษจำคุกไม่เกินสามเดือน หรือปรับไม่เกินห้าพันบาท หรือทั้งจำทั้งปรับ
มาตรา 170,มาตราความผิดทางอาญา,ผู้ใดขัดขืนหมายหรือคำสั่งของศาลให้มาให้ถ้อยคำ มาปฏิญาณตน ให้ปากคำ หรือส่งเอกสารหรือวัตถุใดๆ ในการพิจารณาคดี ต้องระวางโทษจำคุกไม่เกินหกเดือน หรือปรับไม่เกินหนึ่งหมื่นบาท หรือทั้งจำทั้งปรับ
มาตรา 171,มาตราความผิดทางอาญา,ผู้ใดขัดขืนคำสั่งของศาลที่สั่งให้เจ้าทรัพย์ เจ้าของ หรือผู้ครอบครองทรัพย์สิน ส่งทรัพย์สินหรือเอกสาร หรือให้ความร่วมมือในการตรวจพิสูจน์ตามกฎหมาย ต้องระวางโทษจำคุกไม่เกินหกเดือน หรือปรับไม่เกินหนึ่งหมื่นบาท หรือทั้งจำทั้งปรับ
มาตรา 172,ความผิดฐานให้หรือรับสินบนเจ้าพนักงาน,ผู้ใดแจ้งข้อความอันเป็นเท็จเกี่ยวกับความผิดอาญาแก่พนักงานอัยการ ผู้ว่าคดี พนักงานสอบสวน หรือเจ้าพนักงานผู้มีอำนาจสืบสวนคดีอาญา ซึ่งอาจทำให้ผู้อื่นหรือประชาชนเสียหาย ต้องระวางโทษจำคุกไม่เกินสองปี หรือปรับไม่เกินสี่หมื่นบาท หรือทั้งจำทั้งปรับ
มาตรา 173,ความผิดต่อเจ้าพนักงาน,ผู้ใดรู้ว่ามิได้มีการกระทำความผิดอาญาเกิดขึ้น แจ้งข้อความแก่พนักงานสอบสวน หรือเจ้าพนักงานผู้มีอำนาจสืบสวนคดีอาญาว่าได้มีการกระทำความผิดอาญา ต้องระวางโทษจำคุกไม่เกินสามปี หรือปรับไม่เกินหกหมื่นบาท หรือทั้งจำทั้งปรับ
มาตรา 174,มาตราความผิดทางอาญา,ถ้าการแจ้งข้อความตามมาตรา 172 หรือมาตรา 173 เป็นการเพื่อจะแกล้งให้บุคคลใดต้องรับโทษ หรือรับโทษหนักขึ้น ผู้กระทำต้องระวางโทษจำคุกไม่เกินห้าปี และปรับไม่เกินหนึ่งแสนบาท
มาตรา 175,มาตราความผิดทางอาญา,ผู้ใดเอาความอันเป็นเท็จฟ้องผู้อื่นต่อศาลว่ากระทำความผิดอาญา หรือหาว่ากระทำความผิดอาญาหนักกว่าที่เป็นจริง ต้องระวางโทษจำคุกไม่เกินห้าปี และปรับไม่เกินหนึ่งแสนบาท
มาตรา 176,มาตราความผิดทางอาญา,ผู้ใดกระทำความผิดตามมาตรา 175 แล้วลุแก่โทษต่อศาล และขอถอนฟ้องหรือแก้ฟ้องก่อนมีคำพิพากษา ให้ศาลลงโทษน้อยกว่าที่กฎหมายกำหนดไว้ หรือจะไม่ลงโทษเลยก็ได้
มาตรา 177,มาตราความผิดทางอาญา,ผู้ใดเบิกความอันเป็นเท็จในการพิจารณาคดีต่อศาล ถ้าความเท็จนั้นเป็นข้อสำคัญในคดี ต้องระวางโทษจำคุกไม่เกินห้าปี หรือปรับไม่เกินหนึ่งแสนบาท หรือทั้งจำทั้งปรับ ถ้าความผิดดังกล่าวได้กระทำในการพิจารณาคดีอาญา ผู้กระทำต้องระวางโทษจำคุกไม่เกินเจ็ดปี และปรับไม่เกินหนึ่งแสนสี่หมื่นบาท
มาตรา 178,ความผิดฐานให้หรือรับสินบนเจ้าพนักงาน,ผู้ใดซึ่งเจ้าพนักงานในตำแหน่งตุลาการ พนักงานอัยการ ผู้ว่าคดี หรือพนักงานสอบสวน ให้แปลข้อความหรือความหมายใดๆ แปลข้อความหรือความหมายนั้นให้ผิดไปในข้อสำคัญ ต้องระวางโทษจำคุกไม่เกินสามปี หรือปรับไม่เกินหกหมื่นบาท หรือทั้งจำทั้งปรับ
มาตรา 179,ความผิดฐานให้หรือรับสินบนเจ้าพนักงาน,ผู้ใดทำพยานหลักฐานอันเป็นเท็จ เพื่อให้พนักงานสอบสวนหรือเจ้าพนักงานผู้มีอำนาจสืบสวนคดีอาญาเชื่อว่าได้มีความผิดอาญาอย่างใดอย่างหนึ่งเกิดขึ้น หรือเชื่อว่าความผิดอาญาที่เกิดขึ้นนั้นหนักกว่าที่เป็นจริง ต้องระวางโทษจำคุกไม่เกินสองปี หรือปรับไม่เกินสี่หมื่นบาท หรือทั้งจำทั้งปรับ
มาตรา 180,มาตราความผิดทางอาญา,ผู้ใดนำสืบหรือแสดงพยานหลักฐานอันเป็นเท็จในการพิจารณาคดี ถ้าความเท็จนั้นเป็นข้อสำคัญในคดี ต้องระวางโทษจำคุกไม่เกินห้าปี หรือปรับไม่เกินหนึ่งแสนบาท หรือทั้งจำทั้งปรับ ถ้าความผิดดังกล่าวได้กระทำในการพิจารณาคดีอาญา ผู้กระทำต้องระวางโทษจำคุกไม่เกินเจ็ดปี และปรับไม่เกินหนึ่งแสนสี่หมื่นบาท
มาตรา 181,มาตราความผิดทางอาญา,ถ้าความผิดตามมาตรา 174 มาตรา 175 มาตรา 177 หรือมาตรา 180 เป็นเหตุให้บุคคลอื่นต้องรับโทษประหารชีวิต หรือจำคุกตลอดชีวิต ผู้กระทำต้องระวางโทษจำคุกตั้งแต่สิบห้าปีถึงยี่สิบปี และปรับตั้งแต่สามแสนบาทถึงสี่แสนบาท
มาตรา 182,ความผิดฐานให้หรือรับสินบนเจ้าพนักงาน,ผู้ใดกระทำความผิดตามมาตรา 177 หรือมาตรา 178 แล้วกลับใจแสดงความจริงต่อศาลหรือเจ้าพนักงานก่อนจบคำเบิกความหรือคำแปล ให้ศาลลงโทษน้อยกว่าที่กฎหมายกำหนดไว้ หรือจะไม่ลงโทษเลยก็ได้
มาตรา 183,ความผิดต่อเจ้าพนักงาน,ผู้ใดกระทำความผิดตามมาตรา 177 มาตรา 178 หรือมาตรา 180 แล้วกลับใจแสดงความจริงต่อศาลหรือเจ้าพนักงานก่อนมีคำพิพากษา และก่อนความเท็จนั้นเกิดเสียหายแก่บุคคลใด ศาลจะลงโทษน้อยกว่าที่กฎหมายกำหนดไว้เพียงใดก็ได้ หรือจะไม่ลงโทษเลยก็ได้
มาตรา 184,มาตราความผิดทางอาญา,ผู้ใดเพื่อจะช่วยผู้อื่นมิให้ต้องรับโทษ หรือให้ได้รับโทษน้อยลง ทำให้เสียหาย ทำลาย ซ่อนเร้น เอาไปเสีย หรือทำให้สูญหายหรือไร้ประโยชน์ ซึ่งพยานหลักฐานในการกระทำความผิด ต้องระวางโทษจำคุกไม่เกินห้าปี หรือปรับไม่เกินหนึ่งแสนบาท หรือทั้งจำทั้งปรับ
มาตรา 185,ความผิดฐานให้หรือรับสินบนเจ้าพนักงาน,ผู้ใดทำให้เสียหาย ทำลาย ซ่อนเร้น เอาไปเสีย หรือทำให้สูญหายหรือไร้ประโยชน์ ซึ่งทรัพย์สินหรือเอกสารใดๆ ที่ศาลหรือเจ้าพนักงานได้ยึด อายัด หรือรักษาไว้เพื่อเป็นพยานหลักฐาน ต้องระวางโทษจำคุกไม่เกินห้าปี หรือปรับไม่เกินหนึ่งแสนบาท หรือทั้งจำทั้งปรับ
มาตรา 186,ความผิดฐานให้หรือรับสินบนเจ้าพนักงาน,ผู้ใดทำให้เสียหาย ทำลาย ซ่อนเร้น เอาไปเสีย หรือทำให้สูญหายหรือไร้ประโยชน์ ซึ่งตราหรือเครื่องหมายอันเจ้าพนักงานในตำแหน่งตุลาการ พนักงานอัยการ หรือพนักงานสอบสวน ได้ประทับหรือหมายไว้ที่สิ่งใดๆ ในการปฏิบัติการตามหน้าที่ ต้องระวางโทษจำคุกไม่เกินสามปี หรือปรับไม่เกินหกหมื่นบาท หรือทั้งจำทั้งปรับ
มาตรา 187,ความผิดฐานให้หรือรับสินบนเจ้าพนักงาน,ผู้ใดทำลาย ซ่อนเร้น เอาไปเสีย หรือทำให้สูญหายหรือไร้ประโยชน์ ซึ่งเอกสารหรือวัตถุใดๆ ที่ได้ส่งต่อศาลหรือเจ้าพนักงานในการพิจารณาคดี ต้องระวางโทษจำคุกไม่เกินสามปี หรือปรับไม่เกินหกหมื่นบาท หรือทั้งจำทั้งปรับ
มาตรา 188,มาตราความผิดทางอาญา,ผู้ใดทำให้เสียหาย ทำลาย ซ่อนเร้น เอาไปเสีย หรือทำให้สูญหายหรือไร้ประโยชน์ ซึ่งพินัยกรรมหรือเอกสารใดๆ ของผู้อื่น ในประการที่น่าจะเกิดความเสียหายแก่ผู้อื่นหรือประชาชน ต้องระวางโทษจำคุกไม่เกินห้าปี หรือปรับไม่เกินหนึ่งแสนบาท หรือทั้งจำทั้งปรับ
มาตรา 189,มาตราความผิดทางอาญา,ผู้ใดช่วยผู้อื่นซึ่งเป็นผู้กระทำความผิด หรือเป็นผู้ต้องหาว่ากระทำความผิด อันมิใช่ความผิดลหุโทษ เพื่อไม่ให้ต้องถูกจับกุม โดยให้ที่พำนัก ซ่อนเร้น หรือช่วยด้วยประการใดๆ เพื่อมิให้ถูกจับกุม ต้องระวางโทษจำคุกไม่เกินสองปี หรือปรับไม่เกินสี่หมื่นบาท หรือทั้งจำทั้งปรับ
มาตรา 190,ความผิดฐานให้หรือรับสินบนเจ้าพนักงาน,ผู้ใดหลบหนีไปในระหว่างที่ถูกคุมขังตามอำนาจของศาล ของพนักงานอัยการ ของพนักงานสอบสวน หรือของเจ้าพนักงานผู้มีอำนาจสืบสวนคดีอาญา ต้องระวางโทษจำคุกไม่เกินสามปี หรือปรับไม่เกินหกหมื่นบาท หรือทั้งจำทั้งปรับ ถ้าการหลบหนีตามวรรคแรกได้กระทำโดยแหกที่คุมขัง โดยใช้กำลังประทุษร้ายหรือโดยขู่เข็ญว่าจะใช้กำลังประทุษร้าย หรือโดยร่วมกระทำความผิดด้วยกันตั้งแต่สามคนขึ้นไป ผู้กระทำต้องระวางโทษจำคุกไม่เกินห้าปี หรือปรับไม่เกินหนึ่งแสนบาท หรือทั้งจำทั้งปรับ
มาตรา 191,ความผิดฐานให้หรือรับสินบนเจ้าพนักงาน,ผู้ใดกระทำด้วยประการใดๆ ให้ผู้ที่ถูกคุมขังตามอำนาจของศาล ของพนักงานอัยการ ของพนักงานสอบสวน หรือของเจ้าพนักงานผู้มีอำนาจสืบสวนคดีอาญา หลุดพ้นจากการคุมขังไป ต้องระวางโทษจำคุกไม่เกินห้าปี หรือปรับไม่เกินหนึ่งแสนบาท หรือทั้งจำทั้งปรับ ถ้าผู้ที่หลุดพ้นจากการคุมขังไปนั้นเป็นบุคคลที่ต้องระวางโทษประหารชีวิต จำคุกตลอดชีวิต หรือจำคุกตั้งแต่สิบปีขึ้นไป หรือมีจำนวนตั้งแต่สามคนขึ้นไป ผู้กระทำต้องระวางโทษจำคุกตั้งแต่หกเดือนถึงเจ็ดปี และปรับตั้งแต่หนึ่งหมื่นบาทถึงหนึ่งแสนสี่หมื่นบาท
มาตรา 192,มาตราความผิดทางอาญา,ผู้ใดให้ที่พำนัก ซ่อนเร้น หรือช่วยด้วยประการใดๆ ให้ผู้ที่หลบหนีจากการคุมขังตามมาตรา 190 หรือมาตรา 191 พ้นจากการจับกุม ต้องระวางโทษจำคุกไม่เกินสามปี หรือปรับไม่เกินหกหมื่นบาท หรือทั้งจำทั้งปรับ
มาตรา 193,มาตราความผิดทางอาญา,ถ้าการกระทำความผิดตามมาตรา 189 หรือมาตรา 192 เป็นการกระทำเพื่อช่วยบิดา มารดา บุตร สามี หรือภริยาของผู้กระทำ ศาลจะไม่ลงโทษเลยก็ได้
มาตรา 194,มาตราความผิดทางอาญา,ผู้ใดต้องคำพิพากษาของศาลให้กักกัน ฝ่าฝืนคำสั่งกักกัน หรือหลบหนีไปจากสถานที่กักกัน ต้องระวางโทษจำคุกไม่เกินหกเดือน หรือปรับไม่เกินหนึ่งหมื่นบาท หรือทั้งจำทั้งปรับ
มาตรา 195,มาตราความผิดทางอาญา,ผู้ใดหลบหนีจากสถานพยาบาลที่ศาลสั่งให้คุมตัวไว้ตามมาตรา 48 ต้องระวางโทษจำคุกไม่เกินหกเดือน หรือปรับไม่เกินหนึ่งหมื่นบาท หรือทั้งจำทั้งปรับ
มาตรา 196,มาตราความผิดทางอาญา,ผู้ใดฝ่าฝืนคำสั่งห้ามของศาลที่สั่งห้ามเข้าเขตกำหนดตามมาตรา 43 หรือห้ามประกอบอาชีพบางอย่างตามมาตรา 49 ต้องระวางโทษจำคุกไม่เกินหกเดือน หรือปรับไม่เกินหนึ่งหมื่นบาท หรือทั้งจำทั้งปรับ
มาตรา 197,มาตราความผิดทางอาญา,ผู้ใดใช้กำลังประทุษร้าย ขู่เข็ญว่าจะใช้กำลังประทุษร้าย หรือให้ทรัพย์สินหรือประโยชน์อื่นใดแก่ผู้บริหารงานหรือเจ้าหน้าที่ของสถานกักกัน หรือสถานพยาบาล เพื่อให้ผู้ต้องโทษกักกันหรือคุมตัวหลุดพ้นไป ต้องระวางโทษจำคุกไม่เกินห้าปี หรือปรับไม่เกินหนึ่งแสนบาท หรือทั้งจำทั้งปรับ
มาตรา 198,มาตราความผิดทางอาญา,ผู้ใดดูหมิ่นศาลหรือผู้พิพากษาในการพิจารณาหรือพิพากษาคดี หรือกระทำการใดๆ อันเป็นการขัดขวางการพิจารณาคดีของศาล ต้องระวางโทษจำคุกตั้งแต่หนึ่งปีถึงเจ็ดปี หรือปรับตั้งแต่สองหมื่นบาทถึงหนึ่งแสนสี่หมื่นบาท หรือทั้งจำทั้งปรับ
มาตรา 199,มาตราความผิดทางอาญา,ผู้ใดลักลอบฝัง ซ่อนเร้น ย้ายหรือทำลายศพหรือส่วนของศพเพื่อปิดบังการเกิด การตาย หรือเหตุแห่งการตาย ต้องระวางโทษจำคุกไม่เกินหนึ่งปี หรือปรับไม่เกินสองหมื่นบาท หรือทั้งจำทั้งปรับ
มาตรา 200,ความผิดฐานให้หรือรับสินบนเจ้าพนักงาน,ผู้ใดเป็นเจ้าพนักงานในตำแหน่งตุลาการ พนักงานอัยการ ผู้ว่าคดี หรือพนักงานสอบสวน กระทำการหรือไม่กระทำการอย่างใดๆ ในตำแหน่งอันเป็นการมิชอบเพื่อจะช่วยบุคคลใดมิให้ต้องรับโทษ หรือให้ได้รับโทษน้อยลง ต้องระวางโทษจำคุกตั้งแต่หกเดือนถึงเจ็ดปี และปรับตั้งแต่หนึ่งหมื่นบาทถึงหนึ่งแสนสี่หมื่นบาท ถ้าการกระทำหรือไม่กระทำนั้น เป็นการเพื่อจะแกล้งให้บุคคลใดต้องรับโทษ รับโทษหนักขึ้น หรือต้องถูกบังคับตามวิธีการเพื่อความปลอดภัย ผู้กระทำต้องระวางโทษจำคุกตั้งแต่ตลอดชีวิต หรือจำคุกตั้งแต่ห้าปีถึงยี่สิบปี และปรับตั้งแต่หนึ่งแสนบาทถึงสี่แสนบาท
มาตรา 201,ความผิดต่อเจ้าพนักงาน,ผู้ใดเป็นเจ้าพนักงานในตำแหน่งตุลาการ พนักงานอัยการ ผู้ว่าคดี หรือพนักงานสอบสวน เรียก รับ หรือยอมจะรับทรัพย์สินหรือประโยชน์อื่นใดสำหรับตนเองหรือผู้อื่นโดยมิชอบ เพื่อกระทำการหรือไม่กระทำการอย่างใดในตำแหน่ง ไม่ว่าการนั้นจะชอบหรือมิชอบด้วยหน้าที่ ต้องระวางโทษจำคุกตั้งแต่ห้าปีถึงยี่สิบปี หรือจำคุกตลอดชีวิต และปรับตั้งแต่หนึ่งแสนบาทถึงสี่แสนบาท หรือประหารชีวิต
มาตรา 202,ความผิดต่อเจ้าพนักงาน,ผู้ใดเป็นเจ้าพนักงานในตำแหน่งตุลาการ พนักงานอัยการ ผู้ว่าคดี หรือพนักงานสอบสวน กระทำการหรือไม่กระทำการอย่างใดในตำแหน่ง โดยเห็นแก่ทรัพย์สินหรือประโยชน์อื่นใด ซึ่งตนได้เรียก รับ หรือยอมจะรับไว้ก่อนที่ตนได้รับแต่งตั้งในตำแหน่งนั้น ต้องระวางโทษจำคุกตั้งแต่ห้าปีถึงยี่สิบปี หรือจำคุกตลอดชีวิต และปรับตั้งแต่หนึ่งแสนบาทถึงสี่แสนบาท หรือประหารชีวิต
มาตรา 203,ความผิดฐานให้หรือรับสินบนเจ้าพนักงาน,ผู้ใดเป็นเจ้าพนักงาน มีหน้าที่ปฏิบัติการให้เป็นไปตามคำสั่งหรือคำพิพากษาของศาล ปฏิบัติการหรือไม่ปฏิบัติการอย่างใดๆ อันเป็นการมิชอบเพื่อจะช่วยบุคคลใดมิให้ต้องถูกบังคับตามคำสั่งหรือคำพิพากษาของศาล หรือให้ถูกบังคับน้อยลง ต้องระวางโทษจำคุกไม่เกินสามปี หรือปรับไม่เกินหกหมื่นบาท หรือทั้งจำทั้งปรับ
มาตรา 204,ความผิดฐานให้หรือรับสินบนเจ้าพนักงาน,ผู้ใดเป็นเจ้าพนักงาน มีหน้าที่ควบคุมดูแลผู้ที่ถูกคุมขังตามอำนาจของศาล ของพนักงานอัยการ ของพนักงานสอบสวน หรือของเจ้าพนักงานผู้มีอำนาจสืบสวนคดีอาญา กระทำการด้วยประการใดๆ ให้ผู้ที่อยู่ในระหว่างการควบคุมดูแลนั้นหลุดพ้นจากการคุมขังไป ต้องระวางโทษจำคุกตั้งแต่หนึ่งปีถึงเจ็ดปี และปรับตั้งแต่สองหมื่นบาทถึงหนึ่งแสนสี่หมื่นบาท ถ้าผู้ที่หลุดพ้นจากการคุมขังไปนั้นเป็นบุคคลที่ต้องระวางโทษประหารชีวิต จำคุกตลอดชีวิต หรือจำคุกตั้งแต่สิบปีขึ้นไป หรือมีจำนวนตั้งแต่สามคนขึ้นไป ผู้กระทำต้องระวางโทษจำคุกตั้งแต่สองปีถึงสิบปี และปรับตั้งแต่สี่หมื่นบาทถึงสองแสนบาท
มาตรา 205,มาตราความผิดทางอาญา,ถ้าการกระทำความผิดตามมาตรา 204 เกิดขึ้นเนื่องจากความประมาทของผู้มีหน้าที่ควบคุมดูแล ผู้กระทำต้องระวางโทษจำคุกไม่เกินหนึ่งปี หรือปรับไม่เกินสองหมื่นบาท หรือทั้งจำทั้งปรับ ถ้าผู้ที่หลุดพ้นจากการคุมขังไปเนื่องจากความประมาทนั้น เป็นบุคคลที่ต้องระวางโทษประหารชีวิต จำคุกตลอดชีวิต หรือจำคุกตั้งแต่สิบปีขึ้นไป หรือมีจำนวนตั้งแต่สามคนขึ้นไป ผู้กระทำต้องระวางโทษจำคุกไม่เกินสองปี หรือปรับไม่เกินสี่หมื่นบาท หรือทั้งจำทั้งปรับ
มาตรา 206,มาตราความผิดทางอาญา,ผู้ใดกระทำการใดๆ แก่วัตถุหรือสถานอันเป็นที่เคารพในทางศาสนาของหมู่คณะใดๆ ในประการที่น่าจะเกิดการเหยียดหยามศาสนานั้น ต้องระวางโทษจำคุกตั้งแต่หนึ่งปีถึงเจ็ดปี หรือปรับตั้งแต่สองหมื่นบาทถึงหนึ่งแสนสี่หมื่นบาท หรือทั้งจำทั้งปรับ
มาตรา 207,มาตราความผิดทางอาญา,ผู้ใดก่อให้เกิดการวุ่นวายขึ้นในที่ประชุมศาสนิกชนเมื่อประชุมกันปฏิบัติพิธีกรรมตามศาสนาโดยชอบด้วยกฎหมาย ต้องระวางโทษจำคุกไม่เกินหนึ่งปี หรือปรับไม่เกินสองหมื่นบาท หรือทั้งจำทั้งปรับ
มาตรา 208,มาตราความผิดทางอาญา,ผู้ใดแต่งกายหรือใช้เครื่องหมายที่แสดงว่าเป็นภิกษุ สามเณร นักพรตหรือนักบวชในศาสนาใดโดยมิชอบ เพื่อให้บุคคลอื่นเชื่อว่าตนเป็นบุคคลเช่นนั้น ต้องระวางโทษจำคุกไม่เกินหนึ่งปี หรือปรับไม่เกินสองหมื่นบาท หรือทั้งจำทั้งปรับ
มาตรา 209,ความผิดฐานอั้งยี่,ผู้ใดเป็นสมาชิกของคณะบุคคลซึ่งปกปิดวิธีดำเนินการและมีความมุ่งหมายอันมิชอบด้วยกฎหมาย ผู้นั้นกระทำความผิดฐานเป็นอั้งยี่ ต้องระวางโทษจำคุกไม่เกินเจ็ดปี และปรับไม่เกินหนึ่งแสนสี่หมื่นบาท ถ้าผู้กระทำความผิดเป็นหัวหน้า ผู้จัดการหรือผู้มีตำแหน่งหน้าที่ในคณะบุคคลนั้น ต้องระวางโทษจำคุกตั้งแต่หนึ่งปีถึงสิบปี และปรับตั้งแต่สองหมื่นบาทถึงสองแสนบาท
มาตรา 210,ความผิดฐานซ่องโจร,ผู้ใดสมคบกันตั้งแต่ห้าคนขึ้นไปเพื่อกระทำความผิดอย่างหนึ่งอย่างใดตามที่บัญญัติไว้ในภาค 2 นี้ และความผิดนั้นมีกำหนดโทษจำคุกอย่างสูงตั้งแต่หนึ่งปีขึ้นไป ผู้นั้นกระทำความผิดฐานเป็นซ่องโจร ต้องระวางโทษจำคุกไม่เกินห้าปี หรือปรับไม่เกินหนึ่งแสนบาท หรือทั้งจำทั้งปรับ ถ้าการสมคบเพื่อกระทำความผิดที่มีกำหนดโทษประหารชีวิต จำคุกตลอดชีวิต หรือจำคุกอย่างสูงตั้งแต่สิบปีขึ้นไป ผู้กระทำต้องระวางโทษจำคุกตั้งแต่สองปีถึงสิบปี และปรับตั้งแต่สี่หมื่นบาทถึงสองแสนบาท
มาตรา 211,ความผิดฐานอั้งยี่,ผู้ใดประชุมในที่ประชุมอั้งยี่หรือซ่องโจร ให้สันนิษฐานไว้ก่อนว่าผู้นั้นเป็นสมาชิกอั้งยี่หรือซ่องโจร เว้นแต่จะแสดงได้ว่าตนประชุมโดยไม่รู้ว่าเป็นการประชุมของอั้งยี่หรือซ่องโจร
มาตรา 212,ความผิดฐานอั้งยี่,ผู้ใด (1) จัดหาที่พำนัก ซ่อนเร้น หรือช่วยด้วยประการใดๆ ให้สมาชิกอั้งยี่หรือซ่องโจรพ้นจากการจับกุม (2) ได้สั่งสอนหรือจัดแจงการฝึกอาวุธหรือกายกรรมของอั้งยี่หรือซ่องโจร หรือ (3) ช่วยเหลือด้วยการให้ทรัพย์สิน ประโยชน์ หรือการสื่อสาร แก่อั้งยี่หรือซ่องโจร ต้องระวางโทษจำคุกไม่เกินห้าปี หรือปรับไม่เกินหนึ่งแสนบาท หรือทั้งจำทั้งปรับ
มาตรา 213,ความผิดฐานอั้งยี่,ถ้าสมาชิกอั้งยี่หรือซ่องโจรคนใดได้กระทำความผิดตามความมุ่งหมายของอั้งยี่หรือซ่องโจรนั้น สมาชิกอั้งยี่หรือซ่องโจรที่อยู่ในที่ประชุมในขณะที่มีการตกลงให้กระทำความผิด หรือที่ได้เข้าส่วนร่วมในการกระทำความผิดนั้น ต้องรับโทษตามที่กฎหมายกำหนดไว้สำหรับความผิดนั้นๆ แม้ตนจะมิได้เป็นผู้ลงมือกระทำความผิดเอง
มาตรา 214,มาตราความผิดทางอาญา,ผู้ใดประพฤติตนเป็นนักเลงโต ขู่เข็ญ ข่มขืนใจ หรือลุแก่อำนาจโดยมิชอบด้วยกฎหมาย เพื่อให้ผู้อื่นเกรงกลัว หรือยอมทำตามที่ตนสั่ง ต้องระวางโทษจำคุกไม่เกินสามปี หรือปรับไม่เกินหกหมื่นบาท หรือทั้งจำทั้งปรับ
มาตรา 215,มาตราความผิดทางอาญา,ผู้ใดมั่วสุมกันตั้งแต่สิบคนขึ้นไป ใช้กำลังประทุษร้าย ขู่เข็ญว่าจะใช้กำลังประทุษร้าย หรือกระทำการอย่างใดให้เกิดการวุ่นวายขึ้นในบ้านเมือง ต้องระวางโทษจำคุกไม่เกินห้าเดือน หรือปรับไม่เกินหนึ่งหมื่นบาท หรือทั้งจำทั้งปรับ ถ้าผู้กระทำความผิดคนหนึ่งคนใดมีอาวุธ บรรดาผู้ที่มั่วสุมต้องระวางโทษจำคุกไม่เกินสองปี หรือปรับไม่เกินสี่หมื่นบาท หรือทั้งจำทั้งปรับ ถ้าผู้กระทำความผิดเป็นหัวหน้า หรือเป็นผู้มีหน้าที่สั่งการในการมั่วสุมนั้น ต้องระวางโทษจำคุกตั้งแต่ห้าปีถึงสิบปี และปรับตั้งแต่หนึ่งแสนบาทถึงสองแสนบาท
มาตรา 216,ความผิดฐานให้หรือรับสินบนเจ้าพนักงาน,เมื่อเจ้าพนักงานสั่งผู้ที่มั่วสุมตามมาตรา 215 ให้เลิกไป แต่ผู้นั้นไม่เลิก ต้องระวางโทษจำคุกไม่เกินสามปี หรือปรับไม่เกินหกหมื่นบาท หรือทั้งจำทั้งปรับ
มาตรา 217,ความผิดฐานวางเพลิงเผาทรัพย์,ผู้ใดวางเพลิงเผาทรัพย์ของผู้อื่น ต้องระวางโทษจำคุกตั้งแต่หกเดือนถึงเจ็ดปี และปรับตั้งแต่หนึ่งหมื่นบาทถึงหนึ่งแสนสี่หมื่นบาท
มาตรา 218,ความผิดฐานวางเพลิงเผาทรัพย์,ผู้ใดวางเพลิงเผาทรัพย์ดังต่อไปนี้ (1) โรงเรือน เรือ หรือแพที่คนอยู่อาศัย (2) โรงเรือน เรือ หรือแพที่เป็นที่เก็บหรือที่ทำสินค้า (3) สถานสาธารณะ หรือสถานที่ประชุม (4) ทรัพย์สินอันเป็นสาธารณประโยชน์ ต้องระวางโทษประหารชีวิต จำคุกตลอดชีวิต หรือจำคุกตั้งแต่สิบห้าปีถึงยี่สิบปี
มาตรา 219,มาตราความผิดทางอาญา,ผู้ใดตระเตรียมการเพื่อกระทำความผิดตามมาตรา 217 หรือมาตรา 218 ต้องระวางโทษเช่นเดียวกับพยายามกระทำความผิดนั้นๆ
มาตรา 220,มาตราความผิดทางอาญา,ผู้ใดทำให้เกิดเพลิงไหม้แก่สิ่งใดๆ ถึงแม้จะเป็นของตนเอง จนน่าจะเป็นอันตรายแก่บุคคลอื่นหรือทรัพย์สินของผู้อื่น ต้องระวางโทษจำคุกไม่เกินเจ็ดปี และปรับไม่เกินหนึ่งแสนสี่หมื่นบาท
มาตรา 221,มาตราความผิดทางอาญา,ผู้ใดทำให้เกิดระเบิดจนน่าจะเป็นอันตรายแก่บุคคลอื่นหรือทรัพย์สินของผู้อื่น ต้องระวางโทษจำคุกไม่เกินเจ็ดปี และปรับไม่เกินหนึ่งแสนสี่หมื่นบาท
มาตรา 222,มาตราความผิดทางอาญา,ผู้ใดทำให้เกิดระเบิดจนเป็นอันตรายแก่ทรัพย์สินตามที่ระบุไว้ในมาตรา 218 ต้องระวางโทษประหารชีวิต จำคุกตลอดชีวิต หรือจำคุกตั้งแต่สิบห้าปีถึงยี่สิบปี
มาตรา 223,มาตราความผิดทางอาญา,ถ้าความผิดตามมาตรา 220 หรือมาตรา 221 เป็นเหตุให้เกิดอันตรายแก่ทรัพย์สินมีค่าน้อย และไม่น่าจะเป็นอันตรายแก่บุคคลอื่น ผู้กระทำต้องระวางโทษจำคุกไม่เกินสามปี หรือปรับไม่เกินหกหมื่นบาท หรือทั้งจำทั้งปรับ
มาตรา 224,มาตราความผิดทางอาญา,ถ้าการกระทำความผิดตามมาตรา 217 มาตรา 218 มาตรา 221 หรือมาตรา 222 เป็นเหตุให้บุคคลอื่นถึงแก่ความตาย ผู้กระทำต้องระวางโทษประหารชีวิต หรือจำคุกตลอดชีวิต ถ้าเป็นเหตุให้บุคคลอื่นรับอันตรายสาหัส ต้องระวางโทษประหารชีวิต จำคุกตลอดชีวิต หรือจำคุกตั้งแต่สิบห้าปีถึงยี่สิบปี
มาตรา 225,มาตราความผิดทางอาญา,ผู้ใดทำให้เกิดเพลิงไหม้หรือระเบิดโดยประมาท และเป็นเหตุให้ทรัพย์สินของผู้อื่นเสียหาย หรือน่าจะเป็นอันตรายแก่ชีวิตของบุคคลอื่น ต้องระวางโทษจำคุกไม่เกินเจ็ดปี หรือปรับไม่เกินหนึ่งแสนสี่หมื่นบาท หรือทั้งจำทั้งปรับ
มาตรา 226,มาตราความผิดทางอาญา,ผู้ใดกระทำการใดๆ แก่โรงเรือน อู่เรือ ทุ่นจอดเรือ สิ่งปลูกสร้าง หรือเครื่องจักรกลอันเป็นทางคมนาคม ในประการที่น่าจะเป็นเหตุให้เกิดภยันตรายแก่ความปลอดภัยในการเดินรถ การเดินเรือ หรือการบิน ต้องระวางโทษจำคุกตั้งแต่หกเดือนถึงเจ็ดปี และปรับตั้งแต่หนึ่งหมื่นบาทถึงหนึ่งแสนสี่หมื่นบาท
มาตรา 227,มาตราความผิดทางอาญา,ผู้ใดเป็นผู้รับผิดชอบในการจัดหา คุมดูแล หรือตรวจสอบการเดินรถ การเดินเรือ หรือการบิน ละเลยไม่ทำตามหน้าที่จนน่าจะเป็นอันตรายแก่ความปลอดภัยในการเดินทาง ต้องระวางโทษจำคุกไม่เกินห้าปี หรือปรับไม่เกินหนึ่งแสนบาท หรือทั้งจำทั้งปรับ
มาตรา 228,มาตราความผิดทางอาญา,ผู้ใดทำลาย ซ่อนเร้น หรือทำให้สูญหายซึ่งสัญญาณ หรือเครื่องหมายในการเดินรถ เดินเรือ หรือการบิน ต้องระวางโทษจำคุกไม่เกินห้าปี หรือปรับไม่เกินหนึ่งแสนบาท หรือทั้งจำทั้งปรับ
มาตรา 229,มาตราความผิดทางอาญา,ผู้ใดกระทำการใดๆ ให้ทางสาธารณะ ทางรถไฟ หรือทางรถราง อยู่ในลักษณะที่น่าจะเป็นอันตรายแก่การคมนาคม ต้องระวางโทษจำคุกไม่เกินห้าปี หรือปรับไม่เกินหนึ่งแสนบาท หรือทั้งจำทั้งปรับ
มาตรา 230,มาตราความผิดทางอาญา,ผู้ใดนำสิ่งใดๆ มากีดขวางทางสาธารณะ ทางรถไฟ หรือทางรถราง จนน่าจะเป็นอันตรายแก่การคมนาคม ต้องระวางโทษจำคุกไม่เกินสามปี หรือปรับไม่เกินหกหมื่นบาท หรือทั้งจำทั้งปรับ
มาตรา 231,มาตราความผิดทางอาญา,ผู้ใดทำลาย หรือทำให้เสียหายซึ่งประภาคาร ทุ่น สัญญาณ หรือสิ่งอื่นใดที่จัดไว้เพื่อความปลอดภัยในการเดินเรือหรือการบิน ต้องระวางโทษจำคุกตั้งแต่หกเดือนถึงเจ็ดปี และปรับตั้งแต่หนึ่งหมื่นบาทถึงหนึ่งแสนสี่หมื่นบาท
มาตรา 232,มาตราความผิดทางอาญา,ผู้ใดกระทำการใดๆ แก่ยานพาหนะสาธารณะ จนน่าจะเป็นเหตุให้เกิดอันตรายแก่บุคคล ต้องระวางโทษจำคุกตั้งแต่หกเดือนถึงเจ็ดปี และปรับตั้งแต่หนึ่งหมื่นบาทถึงหนึ่งแสนสี่หมื่นบาท
มาตรา 233,มาตราความผิดทางอาญา,ผู้ใดใช้ยานพาหนะสาธารณะโดยประมาท จนน่าจะเป็นอันตรายแก่บุคคลอื่น ต้องระวางโทษจำคุกไม่เกินหนึ่งปี หรือปรับไม่เกินสองหมื่นบาท หรือทั้งจำทั้งปรับ
มาตรา 234,มาตราความผิดทางอาญา,ผู้ใดทำลาย หรือทำให้เสียหายซึ่งท่อส่งน้ำ ท่อส่งแก๊ส หรือสายไฟสาธารณะ ต้องระวางโทษจำคุกไม่เกินห้าปี หรือปรับไม่เกินหนึ่งแสนบาท หรือทั้งจำทั้งปรับ
มาตรา 235,ความผิดฐานเปิดเผยความลับ,ผู้ใดเปิดเผยความลับเกี่ยวกับการสื่อสารสาธารณะ หรือระบบการขนส่ง จนน่าจะเกิดความเสียหายแก่ความมั่นคงหรือความปลอดภัยสาธารณะ ต้องระวางโทษจำคุกไม่เกินห้าปี หรือปรับไม่เกินหนึ่งแสนบาท หรือทั้งจำทั้งปรับ
มาตรา 236,มาตราความผิดทางอาญา,ผู้ใดปลอมปนอาหาร ยา หรือเครื่องอุปโภคบริโภคอื่นใด เพื่อบุคคลอื่นเสพหรือใช้ และการปลอมปนนั้นน่าจะเป็นอันตรายแก่สุขภาพอนามัย ต้องระวางโทษจำคุกไม่เกินสามปี หรือปรับไม่เกินหกหมื่นบาท หรือทั้งจำทั้งปรับ
มาตรา 237,มาตราความผิดทางอาญา,ผู้ใดเอาสิ่งมีพิษหรือสิ่งอื่นอันน่าจะเป็นอันตรายแก่สุขภาพเจือปนลงในบ่อน้ำ สระน้ำ หรือที่ขังน้ำสาธารณะ ต้องระวางโทษจำคุกตั้งแต่หกเดือนถึงเจ็ดปี และปรับตั้งแต่หนึ่งหมื่นบาทถึงหนึ่งแสนสี่หมื่นบาท
มาตรา 238,มาตราความผิดทางอาญา,ถ้าการกระทำความผิดตามมาตรา 226 ถึงมาตรา 237 เป็นเหตุให้บุคคลอื่นถึงแก่ความตาย ผู้กระทำต้องระวางโทษประหารชีวิต หรือจำคุกตลอดชีวิต หรือจำคุกตั้งแต่สิบห้าปีถึงยี่สิบปี ถ้าเป็นเหตุให้บุคคลอื่นรับอันตรายสาหัส ต้องระวางโทษจำคุกตั้งแต่สิบปีถึงยี่สิบปี และปรับตั้งแต่สองแสนบาทถึงสี่แสนบาท
มาตรา 239,มาตราความผิดทางอาญา,ถ้าการกระทำความผิดตามมาตรา 226 ถึงมาตรา 237 เป็นการกระทำโดยประมาท และเป็นเหตุให้เกิดอันตรายแก่บุคคลอื่น หรือทรัพย์สินของผู้อื่นเสียหาย ผู้กระทำต้องระวางโทษจำคุกไม่เกินหนึ่งปี หรือปรับไม่เกินสองหมื่นบาท หรือทั้งจำทั้งปรับ
มาตรา 240,ความผิดเกี่ยวกับเงินตราและธนบัตร,ผู้ใดทำปลอมขึ้นซึ่งเงินตรา ไม่ว่าจะปลอมขึ้นเพื่อให้เป็นเหรียญกษาปณ์ ธนบัตรหรือสิ่งอื่นใด ซึ่งรัฐบาลออกใช้หรือให้อำนาจให้ออกใช้ หรือทำปลอมขึ้นซึ่งพันธบัตรรัฐบาลหรือใบสำคัญสำหรับรับดอกเบี้ยพันธบัตรนั้นๆ ผู้นั้นกระทำความผิดฐานปลอมเงินตรา ต้องระวางโทษจำคุกตลอดชีวิต หรือจำคุกตั้งแต่สิบปีถึงยี่สิบปี และปรับตั้งแต่สองแสนบาทถึงสี่แสนบาท
มาตรา 241,ความผิดเกี่ยวกับเงินตราและธนบัตร,ผู้ใดแปลงเงินตรา ไม่ว่าจะเป็นการแปลงเหรียญกษาปณ์ ธนบัตรหรือสิ่งอื่นใดซึ่งรัฐบาลออกใช้หรือให้อำนาจให้ออกใช้ หรือแปลงพันธบัตรรัฐบาลหรือใบสำคัญสำหรับรับดอกเบี้ยพันธบัตรนั้นๆ ให้มีมูลค่าสูงขึ้น ผู้นั้นกระทำความผิดฐานแปลงเงินตรา ต้องระวางโทษจำคุกตลอดชีวิต หรือจำคุกตั้งแต่ห้าปีถึงยี่สิบปี และปรับตั้งแต่หนึ่งแสนบาทถึงสี่แสนบาท
มาตรา 242,มาตราความผิดทางอาญา,ผู้ใดกระทำด้วยประการใดๆ ให้เหรียญกษาปณ์ซึ่งรัฐบาลออกใช้มีน้ำหนักลดลง ผู้นั้นต้องระวางโทษจำคุกไม่เกินเจ็ดปี และปรับไม่เกินหนึ่งแสนสี่หมื่นบาท ผู้ใดนำเข้าในราชอาณาจักร นำออกใช้ หรือมีไว้เพื่อนำออกใช้ซึ่งเหรียญกษาปณ์ที่มีน้ำหนักลดลงดังกล่าว ต้องระวางโทษเช่นเดียวกัน
มาตรา 243,มาตราความผิดทางอาญา,ผู้ใดนำเข้าในราชอาณาจักรซึ่งสิ่งใดๆ อันเป็นของปลอมตามมาตรา 240 หรือของแปลงตามมาตรา 241 ต้องระวางโทษจำคุกตลอดชีวิต หรือจำคุกตั้งแต่สิบปีถึงยี่สิบปี และปรับตั้งแต่สองแสนบาทถึงสี่แสนบาท
มาตรา 244,มาตราความผิดทางอาญา,ผู้ใดมีไว้เพื่อนำออกใช้ซึ่งสิ่งใดๆ อันตนได้มาโดยรู้ว่าเป็นของปลอมตามมาตรา 240 หรือของแปลงตามมาตรา 241 ต้องระวางโทษจำคุกตั้งแต่หนึ่งปีถึงสิบห้าปี และปรับตั้งแต่สองหมื่นบาทถึงสามแสนบาท
มาตรา 245,มาตราความผิดทางอาญา,ผู้ใดได้มาซึ่งสิ่งใดๆ โดยไม่รู้ว่าเป็นของปลอมตามมาตรา 240 หรือของแปลงตามมาตรา 241 แต่ต่อมามารู้ว่าเป็นของปลอมหรือของแปลงเช่นว่านั้น ยังขืนนำออกใช้ ต้องระวางโทษจำคุกไม่เกินสิบปี หรือปรับไม่เกินสองแสนบาท หรือทั้งจำทั้งปรับ
มาตรา 246,มาตราความผิดทางอาญา,ผู้ใดทำเครื่องมือหรือวัตถุสำหรับปลอมหรือแปลงเงินตรา หรือมีเครื่องมือหรือวัตถุเช่นว่านั้นเพื่อใช้ในการปลอมหรือแปลง ต้องระวางโทษจำคุกตั้งแต่สามปีถึงสิบห้าปี และปรับตั้งแต่หกหมื่นบาทถึงสามแสนบาท
มาตรา 247,มาตราความผิดทางอาญา,ถ้าการกระทำความผิดตามมาตรา 240 ถึงมาตรา 246 เป็นการกระทำเกี่ยวกับเงินตราต่างประเทศ หรือพันธบัตรรัฐบาลต่างประเทศ ผู้กระทำต้องระวางโทษกึ่งหนึ่งของโทษที่บัญญัติไว้ในมาตรานั้นๆ
มาตรา 248,มาตราความผิดทางอาญา,ถ้าผู้กระทำความผิดตามมาตรา 240 ถึงมาตรา 245 หรือมาตรา 247 ได้กระทำความผิดตามมาตราอื่นที่บัญญัติไว้ในหมวดนี้ด้วย ให้ลงโทษฐานปลอมหรือแปลงเงินตราแต่บทเดียว
มาตรา 249,ความผิดเกี่ยวกับเงินตราและธนบัตร,ผู้ใดทำบัตรหรือโลหะธาตุให้มีลักษณะและขนาดคล้ายคลึงกับเงินตรา ไม่ว่าจะเป็นเหรียญกษาปณ์ ธนบัตร หรือสิ่งอื่นใดที่รัฐบาลออกใช้ เพื่อให้ประชาชนเชื่อว่าเป็นเงินตรา ต้องระวางโทษปรับไม่เกินสองหมื่นบาท
มาตรา 250,มาตราความผิดทางอาญา,ผู้ใดทำปลอมขึ้นซึ่งดวงตราแผ่นดิน พระปรมาภิไธย หรือดวงตราของทางราชการ ต้องระวางโทษจำคุกตั้งแต่ห้าปีถึงยี่สิบปี และปรับตั้งแต่หนึ่งแสนบาทถึงสี่แสนบาท
มาตรา 251,มาตราความผิดทางอาญา,ผู้ใดทำปลอมขึ้นซึ่งดวงตราหรือรอยตราของบุคคลอื่น หรือของนิติบุคคล บรรดาที่ใช้ในทางราชการ หรือใช้เป็นหลักฐานในทางการค้า ต้องระวางโทษจำคุกไม่เกินสามปี หรือปรับไม่เกินหกหมื่นบาท หรือทั้งจำทั้งปรับ
มาตรา 252,มาตราความผิดทางอาญา,ผู้ใดใช้ดวงตรา พระปรมาภิไธย หรือรอยตราอันเกิดจากการปลอมแปลงตามมาตรา 250 หรือมาตรา 251 ต้องระวางโทษเช่นเดียวกับผู้ปลอมดวงตราหรือรอยตรานั้นๆ
มาตรา 253,มาตราความผิดทางอาญา,ผู้ใดได้มาซึ่งดวงตราหรือรอยตราอันแท้จริงโดยมิชอบ และใช้ดวงตราหรือรอยตรานั้นในประการที่น่าจะเกิดความเสียหายแก่ผู้อื่นหรือประชาชน ต้องระวางโทษจำคุกไม่เกินสามปี หรือปรับไม่เกินหกหมื่นบาท หรือทั้งจำทั้งปรับ
มาตรา 254,มาตราความผิดทางอาญา,ผู้ใดทำปลอมขึ้นซึ่งแสตมป์รัฐบาล หรือแสตมป์ต่างประเทศ ซึ่งรัฐบาลออกใช้ในการไปรษณีย์หรือการภาษีอากร ต้องระวางโทษจำคุกตั้งแต่หนึ่งปีถึงเจ็ดปี และปรับตั้งแต่สองหมื่นบาทถึงหนึ่งแสนสี่หมื่นบาท
มาตรา 255,มาตราความผิดทางอาญา,ผู้ใดแปลงแสตมป์รัฐบาลหรือแสตมป์ต่างประเทศ ซึ่งรัฐบาลออกใช้ในการไปรษณีย์หรือการภาษีอากร ให้มีมูลค่าสูงขึ้น ต้องระวางโทษจำคุกตั้งแต่หนึ่งปีถึงเจ็ดปี และปรับตั้งแต่สองหมื่นบาทถึงหนึ่งแสนสี่หมื่นบาท
มาตรา 256,มาตราความผิดทางอาญา,ผู้ใดนำเข้าในราชอาณาจักร นำออกใช้ หรือมีไว้เพื่อนำออกใช้ซึ่งแสตมป์อันเกิดจากการปลอมแปลงตามมาตรา 254 หรือการแปลงตามมาตรา 255 ต้องระวางโทษจำคุกไม่เกินห้าปี หรือปรับไม่เกินหนึ่งแสนบาท หรือทั้งจำทั้งปรับ
มาตรา 257,มาตราความผิดทางอาญา,ผู้ใดลบรอยดำหรือรอยตราอันประทับไว้บนแสตมป์รัฐบาล เพื่อให้แสตมป์นั้นนำกลับมาใช้ใหม่ได้อีก ต้องระวางโทษจำคุกไม่เกินสามปี หรือปรับไม่เกินหกหมื่นบาท หรือทั้งจำทั้งปรับ
มาตรา 258,มาตราความผิดทางอาญา,ผู้ใดทำปลอมขึ้นซึ่งตั๋วโดยสารยานพาหนะสาธารณะ หรือตั๋วผ่านทางสาธารณะ ต้องระวางโทษจำคุกไม่เกินสามปี หรือปรับไม่เกินหกหมื่นบาท หรือทั้งจำทั้งปรับ
มาตรา 259,มาตราความผิดทางอาญา,ผู้ใดแปลงตั๋วโดยสารยานพาหนะสาธารณะ หรือตั๋วผ่านทางสาธารณะ ให้มีมูลค่าสูงขึ้น ต้องระวางโทษจำคุกไม่เกินสามปี หรือปรับไม่เกินหกหมื่นบาท หรือทั้งจำทั้งปรับ
มาตรา 260,มาตราความผิดทางอาญา,ผู้ใดนำออกใช้ หรือมีไว้เพื่อนำออกใช้ซึ่งตั๋วอันเกิดจากการปลอมแปลงตามมาตรา 258 หรือการแปลงตามมาตรา 259 ต้องระวางโทษจำคุกไม่เกินสองปี หรือปรับไม่เกินสี่หมื่นบาท หรือทั้งจำทั้งปรับ
มาตรา 261,มาตราความผิดทางอาญา,ผู้ใดลบรอยตราหรือเครื่องหมายอันประทับไว้บนตั๋วโดยสารยานพาหนะสาธารณะ เพื่อให้ตั๋วนั้นนำกลับมาใช้ใหม่ได้อีก ต้องระวางโทษจำคุกไม่เกินหนึ่งปี หรือปรับไม่เกินสองหมื่นบาท หรือทั้งจำทั้งปรับ
มาตรา 262,มาตราความผิดทางอาญา,ผู้ใดทำเครื่องมือหรือวัตถุสำหรับปลอมหรือแปลงแสตมป์หรือตั๋ว หรือมีเครื่องมือหรือวัตถุเช่นว่านั้นเพื่อใช้ในการปลอมหรือแปลง ต้องระวางโทษจำคุกไม่เกินสองปี หรือปรับไม่เกินสี่หมื่นบาท หรือทั้งจำทั้งปรับ
มาตรา 263,มาตราความผิดทางอาญา,ถ้าผู้กระทำความผิดตามมาตรา 254 ถึงมาตรา 257 หรือมาตรา 258 ถึงมาตรา 261 ได้กระทำความผิดตามมาตรา 262 ด้วย ให้ลงโทษฐานปลอมหรือแปลงแสตมป์หรือตั๋วแต่บทเดียว
มาตรา 264,ความผิดฐานปลอมเอกสาร,ผู้ใดทำเอกสารปลอมขึ้นทั้งฉบับหรือแต่ส่วนหนึ่งส่วนใด เติมหรือตัดทอนข้อความ หรือแก้ไขด้วยประการใดๆ ในเอกสารที่แท้จริง หรือประทับตราปลอมหรือลงลายมือชื่อปลอมในเอกสาร โดยประการที่น่าจะเกิดความเสียหายแก่ผู้อื่นหรือประชาชน ถ้าได้กระทำเพื่อให้ผู้หนึ่งผู้ใดหลงเชื่อว่าเป็นเอกสารที่แท้จริง ผู้นั้นกระทำความผิดฐานปลอมเอกสาร ต้องระวางโทษจำคุกไม่เกินสามปี หรือปรับไม่เกินหกหมื่นบาท หรือทั้งจำทั้งปรับ
มาตรา 265,ความผิดฐานปลอมเอกสาร,ผู้ใดปลอมเอกสารสิทธิ หรือเอกสารราชการ ต้องระวางโทษจำคุกตั้งแต่หกเดือนถึงห้าปี และปรับตั้งแต่หนึ่งหมื่นบาทถึงหนึ่งแสนบาท
มาตรา 266,ความผิดฐานปลอมเอกสาร,ผู้ใดปลอมเอกสารดังต่อไปนี้ (1) เอกสารสิทธิอันเป็นเอกสารราชการ (2) พินัยกรรม (3) ใบหุ้น ใบหุ้นกู้ หรือใบสำคัญของใบหุ้นหรือใบหุ้นกู้ (4) ตั๋วเงิน หรือ (5) บัตรเงินฝาก ต้องระวางโทษจำคุกตั้งแต่หนึ่งปีถึงสิบปี และปรับตั้งแต่สองหมื่นบาทถึงสองแสนบาท
มาตรา 267,ความผิดฐานให้หรือรับสินบนเจ้าพนักงาน,ผู้ใดแจ้งให้เจ้าพนักงานผู้กระทำการตามหน้าที่จดข้อความอันเป็นเท็จลงในเอกสารมหาชนหรือเอกสารราชการ ซึ่งมีวัตถุประสงค์สำหรับใช้เป็นหลักฐาน โดยประการที่น่าจะเกิดความเสียหายแก่ผู้อื่นหรือประชาชน ต้องระวางโทษจำคุกไม่เกินสามปี หรือปรับไม่เกินหกหมื่นบาท หรือทั้งจำทั้งปรับ
มาตรา 268,ความผิดฐานปลอมเอกสาร,ผู้ใดใช้หรืออ้างเอกสารอันเกิดจากการกระทำความผิดตามมาตรา 264 มาตรา 265 มาตรา 266 หรือมาตรา 267 ในประการที่น่าจะเกิดความเสียหายแก่ผู้อื่นหรือประชาชน ต้องระวางโทษเช่นเดียวกับผู้กระทำความผิดฐานปลอมเอกสารนั้นๆ
มาตรา 269,มาตราความผิดทางอาญา,ผู้ใดประกอบการงานในวิชาแพทย์ กฎหมาย บัญชี หรือวิชาชีพอื่นใด รับรองเป็นเอกสารอันเป็นเท็จในประการที่น่าจะเกิดความเสียหายแก่ผู้อื่นหรือประชาชน ต้องระวางโทษจำคุกไม่เกินสามปี หรือปรับไม่เกินหกหมื่นบาท หรือทั้งจำทั้งปรับ
มาตรา 269/1,ความผิดเกี่ยวกับบัตรอิเล็กทรอนิกส์,ผู้ใดทำบัตรอิเล็กทรอนิกส์ปลอมขึ้นทั้งฉบับหรือแต่ส่วนหนึ่งส่วนใด เติมหรือตัดทอนข้อความ หรือแก้ไขด้วยประการใดๆ ในบัตรอิเล็กทรอนิกส์ที่แท้จริง โดยประการที่น่าจะเกิดความเสียหายแก่ผู้อื่นหรือประชาชน ถ้าได้กระทำเพื่อให้ผู้หนึ่งผู้ใดหลงเชื่อว่าเป็นบัตรอิเล็กทรอนิกส์ที่แท้จริงหรือเพื่อใช้ประโยชน์ในการชำระค่าสินค้า ค่าบริการหรือหนี้อื่นแทนการชำระด้วยเงินสด หรือใช้ประโยชน์ในการเบิกถอนเงินสด ผู้นั้นกระทำความผิดฐานปลอมบัตรอิเล็กทรอนิกส์ ต้องระวางโทษจำคุกตั้งแต่หนึ่งปีถึงห้าปี และปรับตั้งแต่สองหมื่นบาทถึงแสนบาท
มาตรา 269/2,ความผิดเกี่ยวกับบัตรอิเล็กทรอนิกส์,ผู้ใดทำเครื่องมือหรือวัตถุสำหรับปลอมหรือแปลง หรือสำหรับให้ได้ข้อมูลในการปลอมหรือแปลงบัตรอิเล็กทรอนิกส์ตามมาตรา 269/1 หรือมีเครื่องมือหรือวัตถุเช่นว่านั้นเพื่อใช้หรือให้ได้ข้อมูลในการปลอมหรือแปลง ต้องระวางโทษจำคุกตั้งแต่หนึ่งปีถึงห้าปี และปรับตั้งแต่สองหมื่นบาทถึงหนึ่งแสนบาท
มาตรา 269/3,ความผิดเกี่ยวกับบัตรอิเล็กทรอนิกส์,ผู้ใดนำเข้าในราชอาณาจักร นำออกใช้ หรือมีไว้เพื่อนำออกใช้ซึ่งสิ่งที่ตนรู้ว่าเป็นบัตรอิเล็กทรอนิกส์ปลอมหรือแปลงตามมาตรา 269/1 ต้องระวางโทษจำคุกตั้งแต่หนึ่งปีถึงเจ็ดปี และปรับตั้งแต่สองหมื่นบาทถึงหนึ่งแสนสี่หมื่นบาท
มาตรา 269/4,ความผิดเกี่ยวกับบัตรอิเล็กทรอนิกส์,ผู้ใดใช้บัตรอิเล็กทรอนิกส์ที่ผู้อื่นออกให้แก่ผู้มีสิทธิใช้ โดยมิชอบในประการที่น่าจะเกิดความเสียหายแก่ผู้อื่นหรือประชาชน ต้องระวางโทษจำคุกไม่เกินห้าปี หรือปรับไม่เกินหนึ่งแสนบาท หรือทั้งจำทั้งปรับ
มาตรา 269/5,ความผิดเกี่ยวกับบัตรอิเล็กทรอนิกส์,ผู้ใดมีไว้เพื่อนำออกใช้ซึ่งบัตรอิเล็กทรอนิกส์ของผู้อื่นโดยมิชอบตามมาตรา 269/4 ในประการที่น่าจะเกิดความเสียหายแก่ผู้อื่นหรือประชาชน ต้องระวางโทษจำคุกไม่เกินสามปี หรือปรับไม่เกินหกหมื่นบาท หรือทั้งจำทั้งปรับ
มาตรา 269/6,ความผิดเกี่ยวกับบัตรอิเล็กทรอนิกส์,ผู้ใดลักลอบทำซ้ำ เกณฑ์ข้อมูล บันทึกข้อมูล หรือรับข้อมูลจากบัตรอิเล็กทรอนิกส์ของผู้อื่นโดยมิชอบ เพื่อประโยชน์ในการชำระค่าสินค้า ค่าบริการ หรือหนี้อื่นแทนการชำระด้วยเงินสด หรือใช้ประโยชน์ในการเบิกถอนเงินสด ต้องระวางโทษจำคุกตั้งแต่หนึ่งปีถึงห้าปี และปรับตั้งแต่สองหมื่นบาทถึงหนึ่งแสนบาท
มาตรา 269/7,ความผิดเกี่ยวกับบัตรอิเล็กทรอนิกส์,ถ้าการกระทำความผิดตามมาตรา 269/1 หรือมาตรา 269/4 เป็นการกระทำเกี่ยวกับบัตรอิเล็กทรอนิกส์ที่ผู้อื่นออกให้แก่ผู้มีสิทธิใช้เพื่อประโยชน์ในการชำระค่าสินค้า ค่าบริการ หรือหนี้อื่นแทนการชำระด้วยเงินสด หรือใช้ประโยชน์ในการเบิกถอนเงินสด ผู้กระทำต้องระวางโทษจำคุกตั้งแต่หนึ่งปีถึงสิบปี และปรับตั้งแต่สองหมื่นบาทถึงสองแสนบาท
มาตรา 269/8,ความผิดเกี่ยวกับหนังสือเดินทาง,ผู้ใดทำปลอมขึ้นซึ่งหนังสือเดินทางปลอมขึ้นทั้งฉบับหรือแต่ส่วนหนึ่งส่วนใด เติมหรือตัดทอนข้อความ หรือแก้ไขด้วยประการใดๆ ในหนังสือเดินทางที่แท้จริง หรือประทับตราปลอมหรือลงลายมือชื่อปลอมในหนังสือเดินทาง โดยประการที่น่าจะเกิดความเสียหายแก่ผู้อื่นหรือประชาชน ถ้าได้กระทำเพื่อให้ผู้หนึ่งผู้ใดหลงเชื่อว่าเป็นหนังสือเดินทางที่แท้จริง ผู้นั้นกระทำความผิดฐานปลอมหนังสือเดินทาง ต้องระวางโทษจำคุกตั้งแต่หนึ่งปีถึงสิบปี และปรับตั้งแต่สองหมื่นบาทถึงสองแสนบาท
มาตรา 269/9,ความผิดเกี่ยวกับหนังสือเดินทาง,ผู้ใดใช้หรืออ้างหนังสือเดินทางปลอมตามมาตรา 269/8 ต้องระวางโทษจำคุกตั้งแต่หนึ่งปีถึงสิบปี และปรับตั้งแต่สองหมื่นบาทถึงสองแสนบาท ผู้ใดมีไว้เพื่อใช้ซึ่งหนังสือเดินทางปลอมตามมาตรา 269/8 ต้องระวางโทษเช่นเดียวกัน
มาตรา 269/10,ความผิดเกี่ยวกับหนังสือเดินทาง,ผู้ใดนำเข้าในราชอาณาจักร หรือส่งออกไปนอกราชอาณาจักรซึ่งหนังสือเดินทางปลอมตามมาตรา 269/8 ต้องระวางโทษจำคุกตั้งแต่หนึ่งปีถึงสิบปี และปรับตั้งแต่สองหมื่นบาทถึงสองแสนบาท
มาตรา 269/11,ความผิดเกี่ยวกับหนังสือเดินทาง,ผู้ใดใช้หนังสือเดินทางของผู้อื่นโดยมิชอบ ในประการที่น่าจะเกิดความเสียหายแก่ผู้อื่นหรือประชาชน ต้องระวางโทษจำคุกไม่เกินห้าปี หรือปรับไม่เกินหนึ่งแสนบาท หรือทั้งจำทั้งปรับ ผู้ใดจัดหาหนังสือเดินทางของผู้อื่นให้แก่ผู้กระทำความผิดตามวรรคแรก ต้องระวางโทษเช่นเดียวกัน
มาตรา 269/12,มาตราความผิดทางอาญา,ผู้ใดทำปลอมดวงตรา รอยตรา หรือแผ่นปะตรวจลงตราอันใช้ในการตรวจคนเข้าเมืองปลอมขึ้นทั้งฉบับหรือแต่ส่วนหนึ่งส่วนใด เติมหรือตัดทอนข้อความ หรือแก้ไขด้วยประการใดๆ ในดวงตรา รอยตรา หรือแผ่นปะตรวจลงตราอันแท้จริง บรรดาที่ใช้ในการตรวจคนเข้าเมือง ต้องระวางโทษจำคุกตั้งแต่หนึ่งปีถึงสิบปี และปรับตั้งแต่สองหมื่นบาทถึงสองแสนบาท
มาตรา 269/13,มาตราความผิดทางอาญา,ผู้ใดใช้ดวงตรา รอยตรา หรือแผ่นปะตรวจลงตราอันเกิดจากการปลอมหรือแปลงตามมาตรา 269/12 ต้องระวางโทษจำคุกตั้งแต่หนึ่งปีถึงสิบปี และปรับตั้งแต่สองหมื่นบาทถึงสองแสนบาท
มาตรา 269/14,มาตราความผิดทางอาญา,ผู้ใดนำเข้าในราชอาณาจักร หรือส่งออกไปนอกราชอาณาจักรซึ่งดวงตรา รอยตรา หรือแผ่นปะตรวจลงตราอันเกิดจากการปลอมหรือแปลงตามมาตรา 269/12 ต้องระวางโทษจำคุกตั้งแต่หนึ่งปีถึงสิบปี และปรับตั้งแต่สองหมื่นบาทถึงสองแสนบาท
มาตรา 269/15,มาตราความผิดทางอาญา,ผู้ใดมีไว้เพื่อใช้ซึ่งดวงตรา รอยตรา หรือแผ่นปะตรวจลงตราอันเกิดจากการปลอมหรือแปลงตามมาตรา 269/12 ต้องระวางโทษจำคุกตั้งแต่หนึ่งปีถึงสิบปี และปรับตั้งแต่สองหมื่นบาทถึงสองแสนบาท
มาตรา 270,มาตราความผิดทางอาญา,ผู้ใดใช้หรือมีไว้เพื่อใช้ซึ่งเครื่องชั่ง เครื่องตวง หรือเครื่องวัด ที่ผิดอัตราเพื่อเอาเปรียบในการค้า หรือมีเครื่องเช่นว่านั้นไว้เพื่อขายหรือเสนอขาย ต้องระวางโทษจำคุกไม่เกินสามปี หรือปรับไม่เกินหกหมื่นบาท หรือทั้งจำทั้งปรับ
มาตรา 271,ความผิดฐานฉ้อโกง,ผู้ใดขายของโดยหลอกลวงด้วยประการใดๆ ให้ผู้ซื้อหลงเชื่อในแหล่งกำเนิด สภาพ คุณภาพ หรือปริมาณแห่งของนั้นอันเป็นเท็จ ถ้าการกระทำนั้นไม่เข้าลักษณะความผิดฐานฉ้อโกง ต้องระวางโทษจำคุกไม่เกินสามปี หรือปรับไม่เกินหกหมื่นบาท หรือทั้งจำทั้งปรับ
มาตรา 272,มาตราความผิดทางอาญา,ผู้ใด (1) เอาชื่อ รูป รอยประดิษฐ์หรือข้อความใดๆ ในทางการค้าของผู้อื่นมาใช้ หรือทำให้ปรากฏที่สินค้า ที่บรรจุภัณฑ์ ที่ผูกมัด ใบส่งของ ใบแจ้งความ รายการสินค้าหรือสิ่งทำนองเดียวกัน เพื่อให้ประชาชนหลงเชื่อว่าเป็นสินค้าหรือการค้าของผู้อื่นนั้น (2) เลียนป้าย หรือสิ่งอื่นใดทำนองเดียวกันจนประชาชนน่าจะหลงเชื่อผิวเผินว่าเป็นสถานการค้าของผู้อื่น (3) ไขข่าวแพร่หลายซึ่งข้อความเท็จเพื่อทำลายชื่อเสียงของสถานการค้าใดๆ เพื่อให้ได้ประโยชน์แก่การค้าของตน ต้องระวางโทษจำคุกไม่เกินหนึ่งปี หรือปรับไม่เกินสองหมื่นบาท หรือทั้งจำทั้งปรับ
มาตรา 273,มาตราความผิดทางอาญา,ผู้ใดปลอมเครื่องหมายการค้าของผู้อื่น ซึ่งได้จดทะเบียนแล้วไม่ว่าจะได้จดทะเบียนภายในหรือภายนอกราชอาณาจักร ต้องระวางโทษจำคุกไม่เกินสามปี หรือปรับไม่เกินหกหมื่นบาท หรือทั้งจำทั้งปรับ
มาตรา 274,มาตราความผิดทางอาญา,ผู้ใดเลียนเครื่องหมายการค้าของผู้อื่น ซึ่งได้จดทะเบียนแล้วไม่ว่าจะได้จดทะเบียนภายในหรือภายนอกราชอาณาจักร เพื่อให้ประชาชนหลงเชื่อว่าเป็นเครื่องหมายการค้าของผู้อื่นนั้น ต้องระวางโทษจำคุกไม่เกินหนึ่งปี หรือปรับไม่เกินสองหมื่นบาท หรือทั้งจำทั้งปรับ
มาตรา 275,มาตราความผิดทางอาญา,ผู้ใดนำเข้าในราชอาณาจักร จำหน่าย หรือเสนอจำหน่าย ซึ่งสินค้าอันเป็นสินค้าที่มีเครื่องหมายการค้าปลอมตามมาตรา 273 หรือเลียนตามมาตรา 274 ต้องระวางโทษเช่นเดียวกับผู้ปลอมหรือผู้เลียนเครื่องหมายการค้านั้นๆ
มาตรา 276,ความผิดฐานข่มขืนกระทำชำเรา,ผู้ใดข่มขืนกระทำชำเราผู้อื่นโดยขู่เข็ญด้วยประการใดๆ โดยใช้กำลังประทุษร้าย โดยผู้อื่นนั้นอยู่ในภาวะที่ไม่สามารถขัดขืนได้ หรือโดยทำให้ผู้อื่นนั้นเข้าใจผิดว่าตนเป็นบุคคลอื่น ต้องระวางโทษจำคุกตั้งแต่สี่ปีถึงยี่สิบปี และปรับตั้งแต่แปดหมื่นบาทถึงสี่แสนบาท (หากมีอาวุธหรือร่วมกระทำความผิดด้วยกันอันมีลักษณะเป็นการโทรมหญิงหรือกระทำกับชายในลักษณะเดียวกัน โทษจะสูงขึ้นตามวรรคสองและวรรคสาม)
มาตรา 277,มาตราความผิดทางอาญา,ผู้ใดกระทำชำเราเด็กอายุยังไม่เกินสิบห้าปีซึ่งมิใช่ภริยาหรือสามีของตน โดยเด็กนั้นจะยินยอมหรือไม่ก็ตาม ต้องระวางโทษจำคุกตั้งแต่ห้าปีถึงยี่สิบปี และปรับตั้งแต่หนึ่งแสนบาทถึงสี่แสนบาท (หากเด็กอายุยังไม่เกินสิบสามปี โทษจะสูงขึ้นตามวรรคสาม)
มาตรา 277 ทวิ,มาตราความผิดทางอาญา,ถ้าการกระทำความผิดตามมาตรา 276 หรือมาตรา 277 เป็นเหตุให้ผู้ถูกกระทำชำเรา (1) รับอันตรายสาหัส ต้องระวางโทษจำคุกตลอดชีวิต หรือจำคุกตั้งแต่สิบห้าปีถึงยี่สิบปี และปรับตั้งแต่สามแสนบาทถึงสี่แสนบาท (2) ถึงแก่ความตาย ต้องระวางโทษประหารชีวิต หรือจำคุกตลอดชีวิต
มาตรา 277 ตรี,มาตราความผิดทางอาญา,ถ้าการกระทำความผิดตามมาตรา 276 วรรคสาม หรือมาตรา 277 วรรคสี่ (ลักษณะโทรม/มีอาวุธร้ายแรง) เป็นเหตุให้ผู้ถูกกระทำชำเรา (1) รับอันตรายสาหัส ต้องระวางโทษประหารชีวิต หรือจำคุกตลอดชีวิต (2) ถึงแก่ความตาย ต้องระวางโทษประหารชีวิต
มาตรา 278,ความผิดฐานกระทำอนาจาร,ผู้ใดกระทำอนาจารแก่บุคคลอายุกว่าสิบห้าปีโดยใช้กำลังประทุษร้าย โดยบุคคลนั้นอยู่ในภาวะที่ไม่สามารถขัดขืนได้ หรือโดยทำให้บุคคลนั้นเข้าใจผิดว่าตนเป็นบุคคลอื่น ต้องระวางโทษจำคุกไม่เกินสิบปี หรือปรับไม่เกินสองแสนบาท หรือทั้งจำทั้งปรับ
มาตรา 279,ความผิดฐานกระทำอนาจาร,ผู้ใดกระทำอนาจารแก่เด็กอายุยังไม่เกินสิบห้าปี โดยเด็กนั้นจะยินยอมหรือไม่ก็ตาม ต้องระวางโทษจำคุกไม่เกินสิบปี หรือปรับไม่เกินสองแสนบาท หรือทั้งจำทั้งปรับ (หากเด็กอายุยังไม่เกินสิบสามปี หรือมีการใช้กำลังประทุษร้าย โทษจะสูงขึ้นตามวรรคสองและวรรคสาม)
มาตรา 280,มาตราความผิดทางอาญา,ถ้าการกระทำความผิดตามมาตรา 278 หรือมาตรา 279 เป็นเหตุให้ผู้ถูกกระทำ (1) รับอันตรายสาหัส ต้องระวางโทษจำคุกตั้งแต่ห้าปีถึงยี่สิบปี และปรับตั้งแต่หนึ่งแสนบาทถึงสี่แสนบาท (2) ถึงแก่ความตาย ต้องระวางโทษประหารชีวิต หรือจำคุกตลอดชีวิต
มาตรา 280/1,ความผิดฐานกระทำอนาจาร,ถ้าผู้กระทำความผิดตามมาตรา 276 มาตรา 277 มาตรา 278 หรือมาตรา 279 ได้บันทึกภาพหรือเสียงการกระทำชำเราหรือการกระทำอนาจารนั้นไว้ เพื่อแสวงหาประโยชน์ในทางมิชอบสำหรับตนเองหรือผู้อื่น ต้องระวางโทษหนักกว่าที่บัญญัติไว้ในมาตรานั้นๆ หนึ่งในสาม (ถ้ามีการเผยแพร่ ต้องระวางโทษหนักกว่ากึ่งหนึ่ง)
มาตรา 281,มาตราความผิดทางอาญา,การกระทำความผิดตามมาตรา 276 วรรคแรก และมาตรา 278 นั้น ถ้ามิได้เกิดต่อหน้าธารกำนัล ไม่เป็นเหตุให้ผู้ถูกกระทำรับอันตรายสาหัสหรือถึงแก่ความตาย หรือมิได้เป็นการกระทำแก่บุคคลดังระบุไว้ในมาตรา 285 และมาตรา 285/2 ให้เป็นความผิดอันยอมความได้
มาตรา 282,ความผิดฐานกระทำอนาจาร,ผู้ใดเพื่อสนองความใคร่ของผู้อื่น เป็นธุระจัดหา ล่อไป หรือพาไปเพื่อการอนาจารซึ่งชายหรือหญิง แม้ผู้นั้นจะยินยอมก็ตาม ต้องระวางโทษจำคุกตั้งแต่หนึ่งปีถึงสิบปี และปรับตั้งแต่สองหมื่นบาทถึงสองแสนบาท (หากกระทำแก่บุคคลอายุเกินสิบห้าปีแต่ยังไม่เกินสิบแปดปี หรือเด็กอายุยังไม่เกินสิบห้าปี โทษจะสูงขึ้นตามวรรคสองและวรรคสาม)
มาตรา 283,ความผิดฐานกระทำอนาจาร,ผู้ใดเพื่อสนองความใคร่ของผู้อื่น เป็นธุระจัดหา ล่อไป หรือพาไปเพื่อการอนาจารซึ่งชายหรือหญิง โดยใช้อุบายหลอกลวง ขู่เข็ญ ใช้กำลังประทุษร้าย ใช้อำนาจครอบงำผิดคลองธรรม หรือใช้วิธีข่มขืนใจด้วยประการใดๆ ต้องระวางโทษจำคุกตั้งแต่ห้าปีถึงยี่สิบปี และปรับตั้งแต่หนึ่งแสนบาทถึงสี่แสนบาท
มาตรา 283 ทวิ,ความผิดฐานกระทำอนาจาร,ผู้ใดพาบุคคลอายุเกินสิบห้าปีแต่ยังไม่เกินสิบแปดปีไปเพื่อการอนาจาร แม้บุคคลนั้นจะยินยอมก็ตาม ต้องระวางโทษจำคุกไม่เกินห้าปี หรือปรับไม่เกินหนึ่งแสนบาท หรือทั้งจำทั้งปรับ (ถ้ากระทำแก่เด็กอายุยังไม่เกินสิบห้าปี ต้องระวางโทษจำคุกไม่เกินเจ็ดปี หรือปรับไม่เกินหนึ่งแสนสี่หมื่นบาท หรือทั้งจำทั้งปรับ)
มาตรา 284,ความผิดฐานกระทำอนาจาร,ผู้ใดพาผู้อื่นไปเพื่อการอนาจาร โดยใช้อุบายหลอกลวง ขู่เข็ญ ใช้กำลังประทุษร้าย ใช้อำนาจครอบงำผิดคลองธรรม หรือใช้วิธีข่มขืนใจด้วยประการใดๆ ต้องระวางโทษจำคุกตั้งแต่หนึ่งปีถึงสิบปี และปรับตั้งแต่สองหมื่นบาทถึงสองแสนบาท
มาตรา 285,มาตราความผิดทางอาญา,ถ้าการกระทำความผิดตามมาตรา 276 มาตรา 277 มาตรา 277 ทวิ มาตรา 277 ตรี มาตรา 278 มาตรา 279 มาตรา 280 มาตรา 282 หรือมาตรา 283 เป็นการกระทำแก่ผู้สืบสันดาน ศิษย์ซึ่งอยู่ในความดูแล ผู้อยู่ในความควบคุมตามหน้าที่ราชการ หรือผู้อยู่ในความปกครอง ในความพิทักษ์ หรือในความอนุบาล ผู้กระทำต้องระวางโทษหนักกว่าที่บัญญัติไว้ในมาตรานั้นๆ สามในสิบส่วน
มาตรา 285/2,มาตราความผิดทางอาญา,ถ้าการกระทำความผิดตามมาตรา 276 มาตรา 277 มาตรา 278 หรือมาตรา 279 เป็นการกระทำแก่บุคคลผู้ไม่สามารถปกป้องตนเองได้เนื่องจากเป็นผู้ทุพพลภาพ ผู้มีจิตบกพร่อง โรคจิต หรือจิตฟั่นเฟือน ผู้มีอาการเจ็บป่วยจนไม่สามารถเคลื่อนไหวร่างกายได้ หรือบุคคลที่อยู่ในภาวะไม่สามารถรู้ผิดชอบ ผู้กระทำต้องระวางโทษหนักกว่าที่บัญญัติไว้ในมาตรานั้นๆ หนึ่งในสาม
มาตรา 286,มาตราความผิดทางอาญา,ผู้ใดอายุกว่าสิบแปดปีดำรงชีพอยู่แม้บางส่วนจากรายได้ของหญิงซึ่งค้าประเวณี ต้องระวางโทษจำคุกตั้งแต่เจ็ดปีถึงยี่สิบปี และปรับตั้งแต่หนึ่งแสนสี่หมื่นบาทถึงสี่แสนบาท หรือจำคุกตลอดชีวิต
มาตรา 287,มาตราความผิดทางอาญา,ผู้ใด (1) เพื่อความประสงค์แห่งการค้า หรือโดยการค้า เพื่อการแจกจ่ายหรือเพื่อการแสดงอวดแก่ประชาชน ทำ ผลิต มีไว้ นำเข้า ส่งออก หรือยังให้แพร่หลายซึ่งเอกสาร ภาพเขียน ภาพพิมพ์ ภาพระบายสี สิ่งพิมพ์ รูปภาพ ภาพโฆษณา เครื่องหมาย รูปถ่าย ภาพยนตร์ แถบบันทึกเสียง แถบบันทึกภาพ หรือสิ่งอื่นใดอันลามก... ต้องระวางโทษจำคุกไม่เกินสามปี หรือปรับไม่เกินหกหมื่นบาท หรือทั้งจำทั้งปรับ
มาตรา 288,ความผิดฐานฆ่าผู้อื่น,ผู้ใดฆ่าผู้อื่น ต้องระวางโทษประหารชีวิต จำคุกตลอดชีวิต หรือจำคุกตั้งแต่สิบห้าปีถึงยี่สิบปี
มาตรา 289,ความผิดฐานฆ่าผู้อื่น,ผู้ใดฆ่าผู้อื่น (1) บุพการี (2) เจ้าพนักงานซึ่งกระทำการตามหน้าที่ หรือเพราะเหตุที่จะกระทำ หรือได้กระทำการตามหน้าที่ (3) ผู้ช่วยเหลือเจ้าพนักงาน (4) ฆ่าผู้อื่นโดยไตร่ตรองไว้ก่อน (5) ฆ่าผู้อื่นโดยทรมานหรือโดยกระทำทารุณโหดร้าย (6) ฆ่าผู้อื่นเพื่อตระเตรียมการ หรือเพื่อความสะดวกในการที่จะกระทำความผิดอย่างอื่น หรือ (7) ฆ่าผู้อื่นเพื่อจะเอา หรือเอาไว้ซึ่งผลประโยชน์อันเกิดแต่การที่ตนได้กระทำความผิดอื่น เพื่อปกปิดความผิดอื่นของตน หรือเพื่อหลีกเลี่ยงให้พ้นอาญาในความผิดอื่นที่ตนได้กระทำไว้ ต้องระวางโทษประหารชีวิต
มาตรา 290,มาตราความผิดทางอาญา,ผู้ใดมิได้มีเจตนาฆ่า แต่ทำร้ายผู้อื่นจนเป็นเหตุให้ผู้อื่นนั้นถึงแก่ความตาย ต้องระวางโทษจำคุกตั้งแต่สามปีถึงสิบห้าปี ถ้าการกระทำความผิดนั้นมีลักษณะประการหนึ่งประการใดดังที่บัญญัติไว้ในมาตรา 289 ผู้กระทำต้องระวางโทษจำคุกตั้งแต่สามปีถึงยี่สิงปี
มาตรา 291,มาตราความผิดทางอาญา,ผู้ใดกระทำโดยประมาท และการกระทำนั้นเป็นเหตุให้ผู้อื่นถึงแก่ความตาย ต้องระวางโทษจำคุกไม่เกินสิบปี และปรับไม่เกินสองแสนบาท
มาตรา 292,มาตราความผิดทางอาญา,ผู้ใดกระทำการปฏิบัติอันทารุณ หรือด้วยปัจจัยคล้ายคลึงกันแก่บุคคลซึ่งต้องพึ่งตนในการดำรงชีพหรือการอื่นใด เพื่อให้บุคคลนั้นฆ่าตนเอง หรือถ้าบุคคลนั้นฆ่าตนเองไม่สำเร็จแต่ได้พยายามฆ่าตนเอง ต้องระวางโทษจำคุกไม่เกินเจ็ดปี และปรับไม่เกินหนึ่งแสนสี่หมื่นบาท
มาตรา 293,มาตราความผิดทางอาญา,ผู้ใดช่วยหรือยุยงเด็กอายุยังไม่เกินสิบห้าปี หรือบุคคลซึ่งไม่สามารถเข้าใจว่าการกระทำของตนมีสภาพหรือสาระสำคัญอย่างไร หรือไม่สามารถบังคับการกระทำของตนได้ ให้ฆ่าตนเอง หรือถ้าบุคคลดังกล่าวฆ่าตนเองไม่สำเร็จแต่ได้พยายามฆ่าตนเอง ต้องระวางโทษจำคุกไม่เกินห้าปี หรือปรับไม่เกินหนึ่งแสนบาท หรือทั้งจำทั้งปรับ
มาตรา 294,มาตราความผิดทางอาญา,ผู้ใดเข้าร่วมในการชุลมุนต่อสู้ระหว่างบุคคลตั้งแต่สามคนขึ้นไป และบุคคลหนึ่งคนใดเข้าร่วมในการนั้นถึงแก่ความตายโดยการกระทำในการชุลมุนต่อสู้นั้น ต้องระวางโทษจำคุกไม่เกินสองปี หรือปรับไม่เกินสี่หมื่นบาท หรือทั้งจำทั้งปรับ ถ้าผู้เข้าร่วมพิสูจน์ได้ว่าตนได้เข้าร่วมเพื่อห้ามปราม หรือเพื่อป้องกันโดยชอบด้วยกฎหมาย ผู้นั้นไม่ต้องรับโทษ
มาตรา 295,ความผิดฐานทำร้ายร่างกาย,ผู้ใดทำร้ายผู้อื่น จนเป็นเหตุให้เกิดอันตรายแก่กายหรือจิตใจของผู้อื่นนั้น ผู้นั้นกระทำความผิดฐานทำร้ายร่างกาย ต้องระวางโทษจำคุกไม่เกินสองปี หรือปรับไม่เกินสี่หมื่นบาท หรือทั้งจำทั้งปรับ
มาตรา 296,ความผิดฐานทำร้ายร่างกาย,ผู้ใดกระทำความผิดฐานทำร้ายร่างกาย ถ้าความผิดนั้นมีลักษณะประการหนึ่งประการใดดังที่บัญญัติไว้ในมาตรา 289 ต้องระวางโทษจำคุกไม่เกินสามปี หรือปรับไม่เกินหกหมื่นบาท หรือทั้งจำทั้งปรับ
มาตรา 297,ทำร้ายร่างกายสาหัส,ผู้ใดกระทำความผิดฐานทำร้ายร่างกาย จนเป็นเหตุให้ผู้ถูกกระทำร้ายรับอันตรายสาหัส ต้องระวางโทษจำคุกตั้งแต่หกเดือนถึงสิบปี และปรับตั้งแต่หนึ่งหมื่นบาทถึงสองแสนบาท อันตรายสาหัสนั้น คือ (1) ตาบอด หูหนวก ลิ้นขาด หรือเสียฆานประสาท (2) เสียอวัยวะสืบพันธุ์ หรือความสามารถสืบพันธุ์ (3) เสียแขน ขา มือ เท้า นิ้วหรืออวัยวะอื่นใด (4) หน้าเสียโฉมอย่างติดตัว (5) แท้งลูก (6) จิตพิการอย่างติดตัว (7) ทุพพลภาพ หรือเจ็บป่วยเรื้อรังซึ่งอาจถึงตลอดชีวิต (8) ทุพพลภาพหรือเจ็บป่วยด้วยอาการทุกขเวทนาเกินกว่ายี่สิบวัน หรือจนประกอบภารกิจตามปกติไม่ได้เกินกว่ายี่สิบวัน
มาตรา 298,มาตราความผิดทางอาญา,ผู้ใดกระทำความผิดตามมาตรา 297 ถ้าความผิดนั้นมีลักษณะประการหนึ่งประการใดดังที่บัญญัติไว้ในมาตรา 289 ต้องระวางโทษจำคุกตั้งแต่สองปีถึงสิบปี และปรับตั้งแต่สี่หมื่นบาทถึงสองแสนบาท
มาตรา 299,มาตราความผิดทางอาญา,ผู้ใดเข้าร่วมในการชุลมุนต่อสู้ระหว่างบุคคลตั้งแต่สามคนขึ้นไป และบุคคลหนึ่งคนใดเข้าร่วมในการนั้นรับอันตรายสาหัสโดยการกระทำในการชุลมุนต่อสู้นั้น ต้องระวางโทษจำคุกไม่เกินหนึ่งปี หรือปรับไม่เกินสองหมื่นบาท หรือทั้งจำทั้งปรับ ถ้าผู้เข้าร่วมพิสูจน์ได้ว่าตนได้เข้าร่วมเพื่อห้ามปราม หรือเพื่อป้องกันโดยชอบด้วยกฎหมาย ผู้นั้นไม่ต้องรับโทษ
มาตรา 300,มาตราความผิดทางอาญา,ผู้ใดกระทำโดยประมาท และการกระทำนั้นเป็นเหตุให้ผู้อื่นรับอันตรายสาหัส ต้องระวางโทษจำคุกไม่เกินสามปี หรือปรับไม่เกินหกหมื่นบาท หรือทั้งจำทั้งปรับ
มาตรา 301,มาตราความผิดทางอาญา,หญิงใดทำให้ตนเองแท้งลูกหรือยอมให้ผู้อื่นทำให้ตนแท้งลูก ขณะมีอายุครรภ์เกินสิบสองสัปดาห์ ต้องระวางโทษจำคุกไม่เกินหกเดือน หรือปรับไม่เกินหนึ่งหมื่นบาท หรือทั้งจำทั้งปรับ
มาตรา 302,มาตราความผิดทางอาญา,ผู้ใดทำให้หญิงแท้งลูกโดยหญิงนั้นยินยอม ต้องระวางโทษจำคุกไม่เกินห้าปี หรือปรับไม่เกินหนึ่งแสนบาท หรือทั้งจำทั้งปรับ ถ้าการกระทำนั้นเป็นเหตุให้หญิงรับอันตรายสาหัสอย่างอื่นด้วย ต้องระวางโทษจำคุกไม่เกินเจ็ดปี หรือปรับไม่เกินหนึ่งแสนสี่หมื่นบาท หรือทั้งจำทั้งปรับ ถ้าเป็นเหตุให้หญิงถึงแก่ความตาย ต้องระวางโทษจำคุกตั้งแต่สามปีถึงยี่สิบปี และปรับตั้งแต่หกหมื่นบาทถึงสี่แสนบาท
มาตรา 303,มาตราความผิดทางอาญา,ผู้ใดทำให้หญิงแท้งลูกโดยหญิงนั้นไม่ยินยอม ต้องระวางโทษจำคุกตั้งแต่สามปีถึงสิบปี และปรับตั้งแต่หกหมื่นบาทถึงสองแสนบาท ถ้าการกระทำนั้นเป็นเหตุให้หญิงรับอันตรายสาหัสอย่างอื่นด้วย ต้องระวางโทษตั้งแต่ห้าปีถึงยี่สิบปี และปรับตั้งแต่หนึ่งแสนบาทถึงสี่แสนบาท ถ้าเป็นเหตุให้หญิงถึงแก่ความตาย ต้องระวางโทษประหารชีวิต จำคุกตลอดชีวิต หรือจำคุกตั้งแต่สิบห้าปีถึงยี่สิบปี
มาตรา 304,มาตราความผิดทางอาญา,ผู้ใดพยายามกระทำความผิดตามมาตรา 301 หรือมาตรา 302 วรรคแรก ผู้นั้นไม่ต้องรับโทษ
มาตรา 305,มาตราความผิดทางอาญา,ถ้าการกระทำความผิดตามมาตรา 301 หรือมาตรา 302 เป็นการกระทำของแพทย์และตามหลักเกณฑ์ของแพทยสภาในกรณีดังต่อไปนี้ ผู้กระทำไม่มีความผิด (1) จำเป็นต้องกระทำเนื่องจากหากหญิงตั้งครรภ์ต่อไปจะเสี่ยงต่อการได้รับอันตรายต่อสุขภาพทางกายหรือจิตใจ (2) จำเป็นต้องกระทำเนื่องจากมีความเสี่ยงอย่างร้ายแรงที่ทารกคลอดออกมาจะมีความผิดปกติถึงขนาดทุพพลภาพอย่างร้ายแรง (3) หญิงยืนยันต่อผู้ประกอบวิชาชีพเวชกรรมว่าตนมีครรภ์เนื่องจากการกระทำความผิดเกี่ยวกับเพศ (4) หญิงซึ่งมีอายุครรภ์ไม่เกินสิบสองสัปดาห์ยืนยันที่จะยุติการตั้งครรภ์ (5) หญิงซึ่งมีอายุครรภ์เกินสิบสองสัปดาห์แต่ไม่เกินยี่สิบสัปดาห์ ยืนยันที่จะยุติการตั้งครรภ์หลังการตรวจและรับคำปรึกษาทางเลือก
มาตรา 306,ความผิดฐานทอดทิ้งเด็กหรือผู้ป่วย,ผู้ใดทอดทิ้งเด็กอายุยังไม่เกินเก้าปีไว้ ณ ที่ใดๆ เพื่อให้เด็กนั้นพ้นไปเสียจากตน โดยประการที่จะทำให้เด็กนั้นปราศจากผู้ดูแล ต้องระวางโทษจำคุกไม่เกินสามปี หรือปรับไม่เกินหกหมื่นบาท หรือทั้งจำทั้งปรับ
มาตรา 307,มาตราความผิดทางอาญา,ผู้ใดมีหน้าที่ตามกฎหมายหรือตามสัญญาต้องดูแลบุคคลผู้พึ่งตนเองมิได้ เพราะอายุ ความป่วยเจ็บ กายพิการหรือจิตพิการ ละเลยการดูแลบุคคลนั้นในประการที่น่าจะเป็นอันตรายแก่ชีวิต ต้องระวางโทษจำคุกไม่เกินสามปี หรือปรับไม่เกินหกหมื่นบาท หรือทั้งจำทั้งปรับ
มาตรา 308,มาตราความผิดทางอาญา,ถ้าการกระทำความผิดตามมาตรา 306 หรือมาตรา 307 เป็นเหตุให้ผู้ถูกทอดทิ้งหรือถูกละเลยรับอันตรายสาหัสหรือถึงแก่ความตาย ผู้กระทำต้องระวางโทษหนักกว่าที่บัญญัติไว้ในมาตรา 290 มาตรา 297 หรือมาตรา 298
มาตรา 309,มาตราความผิดทางอาญา,ผู้ใดข่มขืนใจผู้อื่นให้กระทำการใด ไม่กระทำการใด หรือจำยอมต่อสิ่งใด โดยทำให้กลัวว่าจะเกิดอันตรายต่อชีวิต ร่างกาย เสรีภาพ ชื่อเสียงหรือทรัพย์สินของผู้ถูกข่มขืนใจนั้นเองหรือของผู้อื่น หรือโดยใช้กำลังประทุษร้ายจนผู้ถูกข่มขืนใจต้องกระทำการนั้น ไม่กระทำการนั้นหรือจำยอมต่อสิ่งนั้น ต้องระวางโทษจำคุกไม่เกินสามปี หรือปรับไม่เกินหกหมื่นบาท หรือทั้งจำทั้งปรับ (ถ้ามีอาวุธ หรือร่วมกระทำตั้งแต่ห้าคนขึ้นไป หรือทำเพื่อให้ผู้ถูกข่มขืนใจทำเอกสารสิทธิ โทษจะสูงขึ้นตามวรรคสองและวรรคสาม)
มาตรา 310,ความผิดฐานหน่วงเหนี่ยวกักขังผู้อื่น,ผู้ใดหน่วงเหนี่ยวหรือกักขังผู้อื่น หรือกระทำด้วยประการใดให้ผู้อื่นปราศจากเสรีภาพในร่างกาย ต้องระวางโทษจำคุกไม่เกินสามปี และปรับไม่เกินหกหมื่นบาท ถ้าการกระทำนั้นเป็นเหตุให้ผู้ถูกหน่วงเหนี่ยวกักขังถึงแก่ความตาย หรือรับอันตรายสาหัส โทษจะสูงขึ้นตามวรรคสอง
มาตรา 310 ทวิ,มาตราความผิดทางอาญา,ผู้ใดหน่วงเหนี่ยวหรือกักขังผู้อื่น หรือกระทำด้วยประการใดให้ผู้อื่นปราศจากเสรีภาพในร่างกาย และกระทำเพื่อให้ได้มาซึ่งค่าไถ่ หรือแสวงหาประโยชน์ในทางมิชอบด้วยกฎหมาย ต้องระวางโทษจำคุกตั้งแต่สามปีถึงสิบห้าปี และปรับตั้งแต่หกหมื่นบาทถึงสามแสนบาท
มาตรา 311,มาตราความผิดทางอาญา,ผู้ใดกระทำโดยประมาท และการกระทำนั้นเป็นเหตุให้ผู้อื่นถูกหน่วงเหนี่ยว ถูกกักขัง หรือต้องปราศจากเสรีภาพในร่างกาย ต้องระวางโทษจำคุกไม่เกินหนึ่งปี หรือปรับไม่เกินสองหมื่นบาท หรือทั้งจำทั้งปรับ
มาตรา 312,มาตราความผิดทางอาญา,ผู้ใดเพื่อจะเอาคนลงเป็นทาส หรือให้มีฐานะคล้ายทาส นำเข้าในราชอาณาจักรหรือส่งออกไปนอกราชอาณาจักร พาเอาไป ซื้อ ขาย จำหน่าย รับ หรือหน่วงเหนี่ยวบุคคลใดไว้ ต้องระวางโทษจำคุกตั้งแต่หนึ่งปีถึงสิบปี และปรับตั้งแต่สองหมื่นบาทถึงสองแสนบาท
มาตรา 312 ทวิ,มาตราความผิดทางอาญา,ถ้าการกระทำความผิดตามมาตรา 310 ทวิ หรือมาตรา 312 เป็นการกระทำแก่เด็กอายุยังไม่เกินสิบห้าปี ผู้กระทำต้องระวางโทษจำคุกตั้งแต่ห้าปีถึงยี่สิบปี และปรับตั้งแต่หนึ่งแสนบาทถึงสี่แสนบาท
มาตรา 313,มาตราความผิดทางอาญา,ผู้ใดเพื่อให้ได้มาซึ่งค่าไถ่ (1) เอาตัวเด็กอายุยังไม่เกินสิบห้าปีไป (2) เอาตัวบุคคลอายุกว่าสิบห้าปีไป โดยใช้อุบายหลอกลวง ขู่เข็ญ ใช้กำลังประทุษร้าย ใช้อำนาจครอบงำผิดคลองธรรม หรือใช้วิธีข่มขืนใจด้วยประการใดๆ หรือ (3) หน่วงเหนี่ยวหรือกักขังบุคคลใด ต้องระวางโทษจำคุกตั้งแต่สิบห้าปีถึงยี่สิบปี และปรับตั้งแต่สามแสนบาทถึงสี่แสนบาท หรือจำคุกตลอดชีวิต หรือประหารชีวิต (ถ้าเป็นเหตุให้รับอันตรายสาหัสหรือถึงแก่ความตาย โทษคือประหารชีวิต)
มาตรา 314,มาตราความผิดทางอาญา,ผู้ใดเป็นผู้สนับสนุนในการกระทำความผิดตามมาตรา 313 ต้องระวางโทษเช่นเดียวกับตัวการในความผิดนั้น
มาตรา 315,ความผิดฐานให้หรือรับสินบนเจ้าพนักงาน,ผู้ใดเป็นผู้จัดหา ที่พำนัก หรือซ่อนเร้นบุคคลซึ่งถูกเอาตัวไป หน่วงเหนี่ยว หรือกักขังตามมาตรา 313 หรือช่วยด้วยประการใดๆ เพื่อไม่ให้เจ้าพนักงานหรือบุคคลอื่นช่วยบุคคลนั้นได้ โดยรู้ว่าเป็นความผิดนั้น ต้องระวางโทษจำคุกตั้งแต่สิบห้าปีถึงยี่สิบปี และปรับตั้งแต่สามแสนบาทถึงสี่แสนบาท หรือจำคุกตลอดชีวิต
มาตรา 316,มาตราความผิดทางอาญา,ถ้าผู้กระทำความผิดตามมาตรา 313 มาตรา 314 หรือมาตรา 315 จัดให้ผู้ถูกเอาตัวไป ผู้ถูกหน่วงเหนี่ยว หรือผู้ถูกกักขัง ได้รับเสรีภาพก่อนศาลชั้นต้นพิพากษา โดยศาลเห็นว่าบุคคลนั้นไม่ได้รับอันตรายสาหัสหรือตกอยู่ในภาวะใกล้ชิดต่ออันตรายแก่ชีวิต ให้ลงโทษน้อยกว่าที่กฎหมายกำหนดไว้แต่ไม่น้อยกว่ากึ่งหนึ่ง
มาตรา 317,ความผิดฐานกระทำอนาจาร,ผู้ใดโดยปราศจากเหตุอันสมควร พรากเด็กอายุยังไม่เกินสิบห้าปีไปเสียจากบิดามารดา ผู้ปกครอง หรือผู้ดูแล ต้องระวางโทษจำคุกตั้งแต่สามปีถึงสิบห้าปี และปรับตั้งแต่หกหมื่นบาทถึงสามแสนบาท ผู้ใดเพื่อหากำไร หรือเพื่อการอนาจาร ซื้อ จำหน่าย หรือรับตัวเด็กซึ่งถูกพรากตามวรรคแรก ต้องระวางโทษจำคุกตั้งแต่ห้าปีถึงยี่สิบปี และปรับตั้งแต่หนึ่งแสนบาทถึงสี่แสนบาท
มาตรา 318,ความผิดฐานกระทำอนาจาร,ผู้ใดพรากผู้เยาว์อายุกว่าสิบห้าปีแต่ยังไม่เกินสิบแปดปีไปเสียจากบิดามารดา ผู้ปกครอง หรือผู้ดูแล โดยผู้เยาว์นั้นไม่เต็มใจไปด้วย ต้องระวางโทษจำคุกตั้งแต่สองปีถึงสิบปี และปรับตั้งแต่สี่หมื่นบาทถึงสองแสนบาท (หากกระทำเพื่อหากำไรหรือเพื่อการอนาจาร โทษจะสูงขึ้นตามวรรคสาม)
มาตรา 319,ความผิดฐานกระทำอนาจาร,ผู้ใดพรากผู้เยาว์อายุกว่าสิบห้าปีแต่ยังไม่เกินสิบแปดปีไปเสียจากบิดามารดา ผู้ปกครอง หรือผู้ดูแล เพื่อหากำไร หรือเพื่อการอนาจาร โดยผู้เยาว์นั้นเต็มใจไปด้วย ต้องระวางโทษจำคุกตั้งแต่สองปีถึงสิบปี และปรับตั้งแต่สี่หมื่นบาทถึงสองแสนบาท
มาตรา 320,มาตราความผิดทางอาญา,ผู้ใดใช้อุบายหลอกลวง ขู่เข็ญ ใช้กำลังประทุษร้าย ใช้อำนาจครอบงำผิดคลองธรรม หรือใช้วิธีข่มขืนใจด้วยประการใดๆ พาหรือส่งคนออกไปนอกราชอาณาจักร ต้องระวางโทษจำคุกตั้งแต่ห้าปีถึงยี่สิบปี และปรับตั้งแต่หนึ่งแสนบาทถึงสี่แสนบาท
มาตรา 321,มาตราความผิดทางอาญา,การกระทำความผิดตามมาตรา 309 วรรคแรก มาตรา 310 วรรคแรก และมาตรา 311 นั้น เป็นความผิดอันยอมความได้
มาตรา 321/1,มาตราความผิดทางอาญา,ถ้าการกระทำความผิดตามมาตรา 309 มาตรา 310 มาตรา 310 ทวิ หรือมาตรา 312 เป็นการกระทำต่อบุคคลตามมาตรา 285/2 (ผู้ทุพพลภาพ/จิตบกพร่อง) ผู้กระทำต้องระวางโทษหนักกว่าที่บัญญัติไว้ในมาตรานั้นๆ หนึ่งในสาม
มาตรา 322,มาตราความผิดทางอาญา,ผู้ใดเปิดผนึกหรือเอาจดหมาย โทรเลข หรือเอกสารใดๆ ซึ่งปิดผนึกของผู้อื่นไป เพื่อล่วงรู้ข้อความ หรือเพื่อนำข้อความในสิ่งเช่นว่านั้นออกเปิดเผย โดยประการที่น่าจะเกิดความเสียหายแก่ผู้อื่น ต้องระวางโทษจำคุกไม่เกินหกเดือน หรือปรับไม่เกินหนึ่งหมื่นบาท หรือทั้งจำทั้งปรับ
มาตรา 323,ความผิดฐานเปิดเผยความลับ,ผู้ใดล่วงรู้หรือได้มาซึ่งความลับของผู้อื่นโดยเหตุที่เป็นเจ้าพนักงาน หรือโดยเหตุที่ประกอบอาชีพแพทย์ เภสัชกร คนกลาง ทนายความ ผู้สอบบัญชี หรือผู้ช่วยในวิชาชีพเช่นว่านั้น แล้วเปิดเผยความลับนั้นในประการที่น่าจะเกิดความเสียหายแก่ผู้อื่น ต้องระวางโทษจำคุกไม่เกินหกเดือน หรือปรับไม่เกินหนึ่งหมื่นบาท หรือทั้งจำทั้งปรับ
มาตรา 324,มาตราความผิดทางอาญา,ผู้ใดโดยเหตุที่ตนมีตำแหน่งหน้าที่ วิชาชีพ หรืออาชีพอันเป็นที่ไว้วางใจ ล่วงรู้หรือได้มาซึ่งความลับของผู้อื่นเกี่ยวกับอุตสาหกรรม การค้นพบ หรือการนิมิตในวิทยาศาสตร์ เปิดเผยหรือใช้ความลับนั้นเพื่อประโยชน์ตนเองหรือผู้อื่น ต้องระวางโทษจำคุกไม่เกินหกเดือน หรือปรับไม่เกินหนึ่งหมื่นบาท หรือทั้งจำทั้งปรับ
มาตรา 325,มาตราความผิดทางอาญา,ความผิดในหมวดความผิดต่อส่วนตัวทางจดหมาย โทรเลข หรือเอกสาร (มาตรา 322 ถึง 324) เป็นความผิดอันยอมความได้
มาตรา 334,ความผิดฐานลักทรัพย์,ผู้ใดเอาทรัพย์ของผู้อื่น หรือที่ผู้อื่นเป็นเจ้าของรวมอยู่ด้วยไปโดยทุจริต ผู้นั้นกระทำความผิดฐานลักทรัพย์ ต้องระวางโทษจำคุกไม่เกินสามปี และปรับไม่เกินหกหมื่นบาท
มาตรา 335,ความผิดฐานลักทรัพย์,"ผู้ใดลักทรัพย์ในเวลากลางคืน, ในที่อุกฉกรรจ์, โดยแปลงตัว, หรือมีเหตุฉกรรจ์อื่นๆ ตาม (1) ถึง (12) ต้องระวางโทษจำคุกตั้งแต่หนึ่งปีถึงห้าปี และปรับตั้งแต่สองหมื่นบาทถึงหนึ่งแสนบาท"
มาตรา 336,ความผิดฐานลักทรัพย์,ผู้ใดลักทรัพย์โดยฉกฉวยเอาไปซึ่งหน้า ผู้นั้นกระทำความผิดฐานวิ่งราวทรัพย์ ต้องระวางโทษจำคุกไม่เกินห้าปี และปรับไม่เกินหนึ่งแสนบาท
มาตรา 337,ความผิดฐานกรรโชกทรัพย์,ผู้ใดขู่เข็ญผู้อื่นให้ยอมให้หรือยอมจะให้ตนหรือผู้อื่นได้ประโยชน์ในลักษณะที่เป็นทรัพย์สิน โดยใช้กำลังประทุษร้ายหรือโดยขู่เข็ญว่าจะทำอันตราย... ผู้นั้นกระทำความผิดฐานกรรโชก ต้องระวางโทษจำคุกไม่เกินห้าปี และปรับไม่เกินหนึ่งแสนบาท
มาตรา 338,ความผิดฐานเปิดเผยความลับ,ผู้ใดขู่เข็ญว่าจะเปิดเผยความลับ ซึ่งการเปิดเผยนั้นจะทำให้ผู้ถูกขู่เข็ญหรือบุคคลที่สามเสียหาย จนผู้ถูกขู่เข็ญยอมจำยอม... ผู้นั้นกระทำความผิดฐานรีดเอาทรัพย์ ต้องระวางโทษจำคุกตั้งแต่หนึ่งปีถึงสิบปี และปรับตั้งแต่สองหมื่นบาทถึงสองแสนบาท
มาตรา 339,ความผิดฐานลักทรัพย์,ผู้ใดลักทรัพย์โดยใช้กำลังประทุษร้ายหรือขู่เข็ญว่าในทันใดนั้นจะใช้กำลังประทุษร้าย เพื่อให้ความสะดวกแก่การลักทรัพย์หรือพาทรัพย์นั้นไป... ผู้นั้นกระทำความผิดฐานชิงทรัพย์ ต้องระวางโทษจำคุกตั้งแต่ห้าปีถึงสิบปี และปรับตั้งแต่หนึ่งแสนบาทถึงสองแสนบาท
มาตรา 340,ความผิดฐานชิงทรัพย์,ผู้ใดชิงทรัพย์โดยร่วมกันกระทำความผิดด้วยกันตั้งแต่สามคนขึ้นไป ผู้นั้นกระทำความผิดฐานปล้นทรัพย์ ต้องระวางโทษจำคุกตั้งแต่สิบปีถึงสิบห้าปี และปรับตั้งแต่สองแสนบาทถึงสามแสนบาท
มาตรา 341,ความผิดฐานฉ้อโกง,ผู้ใดโดยทุจริต หลอกลวงผู้อื่นด้วยการแสดงข้อความอันเป็นเท็จ หรือปกปิดข้อความจริงซึ่งควรบอกให้แจ้ง และโดยการหลอกลวงดังว่านั้นได้ไปซึ่งทรัพย์สินจากผู้ถูกหลอกลวง... ผู้นั้นกระทำความผิดฐานฉ้อโกง ต้องระวางโทษจำคุกไม่เกินสามปี หรือปรับไม่เกินหกหมื่นบาท หรือทั้งจำทั้งปรับ
มาตรา 349,มาตราความผิดทางอาญา,ผู้ใดเอาไป เสียหาย ทำลาย ทำให้เสื่อมค่าหรือทำให้ไร้ประโยชน์ซึ่งทรัพย์อันเป็นจำนำ ถ้าได้กระทำเพื่อให้เกิดความเสียหายแก่ผู้รับจำนำ ต้องระวางโทษจำคุกไม่เกินสองปี หรือปรับไม่เกินสี่หมื่นบาท หรือทั้งจำทั้งปรับ
มาตรา 350,ความผิดฐานโกงเจ้าหนี้,ผู้ใดเพื่อมิให้เจ้าหนี้ของตนหรือของผู้อื่นได้รับชำระหนี้ทั้งหมดหรือแต่บางส่วน ซึ่งได้ใช้หรือจะใช้สิทธิเรียกร้องทางศาลให้ชำระหนี้ ย้ายไปเสีย ซ่อนเร้น หรือโอนไปให้แก่ผู้อื่นซึ่งทรัพย์ใดก็ดี แกล้งให้ตนเองเป็นหนี้จำนวนใดอันไม่เป็นความจริงก็ดี ผู้นั้นกระทำความผิดฐานโกงเจ้าหนี้ ต้องระวางโทษจำคุกไม่เกินสองปี หรือปรับไม่เกินสี่หมื่นบาท หรือทั้งจำทั้งปรับ
มาตรา 352,ความผิดฐานยักยอกทรัพย์,ผู้ใดครอบครองทรัพย์ซึ่งเป็นของผู้อื่น หรือซึ่งผู้อื่นเป็นเจ้าของรวมอยู่ด้วย เบียดบังเอาทรัพย์นั้นเป็นของตนหรือบุคคลที่สามโดยทุจริต ผู้นั้นกระทำความผิดฐานยักยอก ต้องระวางโทษจำคุกไม่เกินสามปี หรือปรับไม่เกินหกหมื่นบาท หรือทั้งจำทั้งปรับ (มีโทษจำคุกไม่เกินหนึ่งปีหกเดือนในกรณีทรัพย์สินหายหรือส่งมอบโดยสำคัญผิด)
มาตรา 353,มาตราความผิดทางอาญา,ผู้ใดได้รับมอบหมายให้จัดการทรัพย์สินของผู้อื่น... กระทำผิดหน้าที่ของตนด้วยประการใดๆ โดยทุจริต จนเป็นเหตุให้เกิดความเสียหายแก่ประโยชน์ในลักษณะที่เป็นทรัพย์สินของผู้อื่นนั้น ต้องระวางโทษจำคุกไม่เกินสามปี หรือปรับไม่เกินหกหมื่นบาท หรือทั้งจำทั้งปรับ
มาตรา 354,มาตราความผิดทางอาญา,ถ้าการกระทำความผิดตามมาตรา 352 หรือมาตรา 353 ได้กระทำในฐานะที่ผู้กระทำความผิดเป็นผู้จัดการทรัพย์สินของผู้อื่น ตามคำสั่งของศาล หรือตามพินัยกรรม หรือในฐานะเป็นผู้มีอาชีพหรือธุรกิจอันเป็นที่ไว้วางใจของประชาชน ผู้กระทำต้องระวางโทษจำคุกตั้งแต่หนึ่งปีถึงสิบปี และปรับตั้งแต่สองหมื่นบาทถึงสองแสนบาท
มาตรา 355,มาตราความผิดทางอาญา,ผู้ใดเก็บได้ซึ่งสังหาริมทรัพย์อันมีค่าซึ่งซ่อนหรือฝังไว้โดยไม่มีผู้ใดอ้างว่าเป็นเจ้าของได้ และเบียดบังเอาทรัพย์นั้นเป็นของตนหรือของผู้อื่น ต้องระวางโทษจำคุกไม่เกินหนึ่งปี หรือปรับไม่เกินสองหมื่นบาท หรือทั้งจำทั้งปรับ
มาตรา 357,ความผิดฐานรับของโจร,ผู้ใดช่วยซ่อนเร้น ช่วยจำหน่าย ช่วยพาเอาไปเสีย ซื้อ รับจำนำหรือรับไว้โดยประการใดซึ่งทรัพย์อันได้มาโดยการกระทำความผิด... ผู้นั้นกระทำความผิดฐานรับของโจร ต้องระวางโทษจำคุกไม่เกินห้าปี หรือปรับไม่เกินหนึ่งแสนบาท หรือทั้งจำทั้งปรับ
มาตรา 358,ความผิดฐานทำให้เสียทรัพย์,ผู้ใดทำให้เสียหาย ทำลาย ทำให้เสื่อมค่าหรือทำให้ไร้ประโยชน์ ซึ่งทรัพย์ของผู้อื่นหรือผู้อื่นเป็นเจ้าของรวมอยู่ด้วย ผู้นั้นกระทำความผิดฐานทำให้เสียทรัพย์ ต้องระวางโทษจำคุกไม่เกินสามปี หรือปรับไม่เกินหกหมื่นบาท หรือทั้งจำทั้งปรับ
มาตรา 359,มาตราความผิดทางอาญา,ผู้ใดกระทำความผิดตามมาตรา 358 ถ้าเป็นการกระทำต่อเครื่องจักรเกษตร/อุตสาหกรรม ปศุสัตว์ ยานพาหนะ หรือทรัพย์สินสาธารณประโยชน์ ต้องระวางโทษจำคุกไม่เกินห้าปี หรือปรับไม่เกินหนึ่งแสนบาท หรือทั้งจำทั้งปรับ
มาตรา 360,มาตราความผิดทางอาญา,ผู้ใดทำให้เสียหาย ทำลาย ทำให้เสื่อมค่าหรือทำให้ไร้ประโยชน์ ซึ่งทรัพย์สินที่มีไว้เพื่อสาธารณประโยชน์หรือราชการ ต้องระวางโทษจำคุกไม่เกินห้าปี หรือปรับไม่เกินหนึ่งแสนบาท หรือทั้งจำทั้งปรับ
มาตรา 362,ความผิดฐานบุกรุก,ผู้ใดเข้าไปในอสังหาริมทรัพย์ของผู้อื่น เพื่อถือการครอบครองอสังหาริมทรัพย์นั้นทั้งหมดหรือแต่บางส่วน หรือเข้าไปกระทำการใดๆ อันเป็นการรบกวนการครอบครองอสังหาริมทรัพย์ของเขาโดยปกติสุข ผู้นั้นกระทำความผิดฐานบุกรุก ต้องระวางโทษจำคุกไม่เกินหนึ่งปี หรือปรับไม่เกินสองหมื่นบาท หรือทั้งจำทั้งปรับ
มาตรา 363,มาตราความผิดทางอาญา,ผู้ใดเพื่อถือเอาประโยชน์แก่ทรัพย์สินของตนหรือของผู้อื่น ย้ายหรือทำลายเครื่องหมายเขตแห่งอสังหาริมทรัพย์ของผู้อื่นทั้งหมดหรือแต่บางส่วน ต้องระวางโทษจำคุกไม่เกินสามปี หรือปรับไม่เกินหกหมื่นบาท หรือทั้งจำทั้งปรับ
มาตรา 364,มาตราความผิดทางอาญา,ผู้ใดโดยไม่มีเหตุอันสมควร เข้าไปหรือซ่อนตัวอยู่ในเคหสถาน อาคารเก็บรักษาทรัพย์หรือสำนักงานในความครอบครองของผู้อื่น... ต้องระวางโทษจำคุกไม่เกินหนึ่งปี หรือปรับไม่เกินสองหมื่นบาท หรือทั้งจำทั้งปรับ
มาตรา 365,มาตราความผิดทางอาญา,"ถ้าการกระทำความผิดตามมาตรา 362 มาตรา 363 หรือมาตรา 364 ได้กระทำโดยใช้กำลังประทุษร้าย, มีอาวุธ/ร่วมกันตั้งแต่สองคนขึ้นไป หรือในเวลากลางคืน ต้องระวางโทษจำคุกไม่เกินห้าปี หรือปรับไม่เกินหนึ่งแสนบาท หรือทั้งจำทั้งปรับ"
มาตรา 366/1,มาตราความผิดทางอาญา,ผู้ใดกระทำชำเราศพ ต้องระวางโทษจำคุกตั้งแต่สามปีถึงสิบห้าปี และปรับตั้งแต่หกหมื่นบาทถึงสามแสนบาท
มาตรา 366/2,ความผิดฐานกระทำอนาจาร,ผู้ใดกระทำอนาจารแก่ศพ ต้องระวางโทษจำคุกไม่เกินสามปี หรือปรับไม่เกินหกหมื่นบาท หรือทั้งจำทั้งปรับ
มาตรา 366/3,มาตราความผิดทางอาญา,ผู้ใดโดยไม่มีเหตุอันสมควร ทำให้เสียหาย ทำลาย ทำให้เสื่อมค่าหรือทำให้ไร้ประโยชน์ ซึ่งศพ ส่วนของศพ อัฐิ หรือเถ้าถ่านของศพ ต้องระวางโทษจำคุกไม่เกินสามปี หรือปรับไม่เกินหกหมื่นบาท หรือทั้งจำทั้งปรับ
มาตรา 366/4,มาตราความผิดทางอาญา,ผู้ใดกระทำการใดๆ อันเป็นการดูหมิ่นเหยียดหยามศพ ต้องระวางโทษจำคุกไม่เกินสามเดือน หรือปรับไม่เกินหกพันบาท หรือทั้งจำทั้งปรับ
มาตรา 367,ความผิดต่อเจ้าพนักงาน,ผู้ใดเมื่อเจ้าพนักงานถามชื่อหรือที่อยู่เพื่อปฏิบัติการตามกฎหมาย ไม่ยอมบอก หรือบอกชื่อหรือที่อยู่อันเป็นเท็จ ต้องระวางโทษปรับไม่เกินหนึ่งหมื่นบาท
มาตรา 368,ความผิดฐานให้หรือรับสินบนเจ้าพนักงาน,ผู้ใดทราบคำสั่งของเจ้าพนักงานซึ่งสั่งการตามอำนาจที่มีกฎหมายให้ไว้ ไม่ปฏิบัติตามคำสั่งนั้นโดยไม่มีเหตุหรือข้อแก้ตัวอันสมควร ต้องระวางโทษจำคุกไม่เกินสิบวัน หรือปรับไม่เกินห้าพันบาท หรือทั้งจำทั้งปรับ
มาตรา 370,ลหุโทษ (มาตรา 370),ผู้ใดส่งเสียง ทำให้เกิดเสียงหรือกระทำความอื้ออึง โดยไม่มีเหตุอันสมควร จนทำให้ประชาชนตกใจหรือเดือดร้อน ต้องระวางโทษปรับไม่เกินหนึ่งพันบาท
มาตรา 371,ลหุโทษ (มาตรา 371),ผู้ใดพาอาวุธไปในเมือง หมู่บ้านหรือทางสาธารณโดยเปิดเผยหรือโดยไม่มีเหตุสมควร หรือพาไปในชุมนุมชนที่ได้จัดให้มีขึ้นเพื่อการรื่นเริงหรือการอื่นใด ต้องระวางโทษปรับไม่เกินหนึ่งหมื่นบาท
มาตรา 372,ลหุโทษ (มาตรา 372),ผู้ใดทะเลาะกันอย่างอื้ออึงในทางสาธารณหรือสถานสาธารณ หรือกระทำการโดยประการอื่นใดให้เกิดการวุ่นวายขึ้นในทางสาธารณหรือสถานสาธารณ ต้องระวางโทษปรับไม่เกินห้าพันบาท
มาตรา 374,ลหุโทษ (มาตรา 374),ผู้ใดเห็นผู้อื่นตกอยู่ในภยันตรายแห่งชีวิตซึ่งตนอาจช่วยได้โดยไม่ต้องกลัวอันตรายแก่ตนเองหรือผู้อื่น แต่ละเลยไม่ช่วยตามความจำเป็น ต้องระวางโทษจำคุกไม่เกินหนึ่งเดือน หรือปรับไม่เกินหนึ่งหมื่นบาท หรือทั้งจำทั้งปรับ
มาตรา 376,ลหุโทษ (มาตรา 376),ผู้ใดใช้ยิงปืนซึ่งใช้ดินระเบิดโดยใช่เหตุ ในเมือง หมู่บ้านหรือที่ชุมนุมชน ต้องระวางโทษจำคุกไม่เกินสิบวัน หรือปรับไม่เกินห้าพันบาท หรือทั้งจำทั้งปรับ
มาตรา 377,ลหุโทษ (มาตรา 377),ผู้ใดควบคุมสัตว์ดุหรือสัตว์ร้าย ปล่อยปละละเลยให้สัตว์นั้นเที่ยวไปโดยลำพัง ในประการที่น่าจะเป็นอันตรายแก่บุคคลหรือทรัพย์สิน ต้องระวางโทษจำคุกไม่เกินหนึ่งเดือน หรือปรับไม่เกินหนึ่งหมื่นบาท หรือทั้งจำทั้งปรับ
มาตรา 378,ลหุโทษ (มาตรา 378),ผู้ใดเสพสุราหรือของเมาอย่างอื่น จนเป็นเหตุให้ตนเมาประพฤติวุ่นวายหรือครองสติไม่ได้ขณะอยู่ในทางสาธารณหรือสถานสาธารณ ต้องระวางโทษปรับไม่เกินห้าพันบาท
มาตรา 379,ลหุโทษ (มาตรา 379),ผู้ใดชักหรือแสดงอาวุธในการทะเลาะวิวาท ต้องระวางโทษจำคุกไม่เกินสิบวัน หรือปรับไม่เกินหกพันบาท หรือทั้งจำทั้งปรับ
มาตรา 381,ลหุโทษ (มาตรา 381),ผู้ใดกระทำการทารุณต่อสัตว์ หรือฆ่าสัตว์โดยให้ได้รับทุกขเวทนาอันไม่จำเป็น ต้องระวางโทษจำคุกไม่เกินหนึ่งเดือน หรือปรับไม่เกินหนึ่งหมื่นบาท หรือทั้งจำทั้งปรับ
มาตรา 383,ละเลยไม่ช่วยสกัดสาธารณภัย,ผู้ใดเมื่อเกิดเพลิงไหม้หรือสาธารณภัยอื่น ๆ และเจ้าพนักงานเรียกให้ช่วย แต่ละเลยไม่ช่วยทั้งที่ตนสามารถช่วยได้ ต้องระวางโทษจำคุกไม่เกินหนึ่งเดือน หรือปรับไม่เกินหนึ่งหมื่นบาท หรือทั้งจำทั้งปรับ
มาตรา 384,กุเรื่องเท็จให้ประชาชนตื่นตกใจ,ผู้ใดแกล้งบอกเล่าความเท็จให้เลื่องลือจนเป็นเหตุให้ประชาชนตื่นตกใจ ต้องระวางโทษจำคุกไม่เกินหนึ่งเดือน หรือปรับไม่เกินหนึ่งหมื่นบาท หรือทั้งจำทั้งปรับ
มาตรา 388,กระทำการขายหน้าต่อธารกำนัล (อนาจาร),ผู้ใดกระทำการอันควรขายหน้าต่อธารกำนัลโดยเปลือยหรือเปิดเผยร่างกาย หรือกระทำการอนาจารอย่างอื่น ต้องระวางโทษปรับไม่เกินห้าพันบาท
มาตรา 391,ลหุโทษฐานทำร้ายร่างกาย,ผู้ใดใช้กำลังทำร้ายผู้อื่น โดยไม่ถึงกับเป็นเหตุให้เกิดอันตรายแก่กายหรือจิตใจ ต้องระวางโทษจำคุกไม่เกินหนึ่งเดือน หรือปรับไม่เกินหนึ่งหมื่นบาท หรือทั้งจำทั้งปรับ
มาตรา 392,ขู่เข็ญให้ผู้อื่นกลัวหรือตกใจ,ผู้ใดขู่เข็ญผู้อื่นให้กลัวหรือตกใจ โดยการขู่เข็ญ ต้องระวางโทษจำคุกไม่เกินหนึ่งเดือน หรือปรับไม่เกินหนึ่งหมื่นบาท หรือทั้งจำทั้งปรับ
มาตรา 393,ดูหมิ่นซึ่งหน้าหรือด้วยการโฆษณา,ผู้ใดดูหมิ่นผู้อื่นซึ่งหน้าหรือด้วยการโฆษณา ต้องระวางโทษจำคุกไม่เกินหนึ่งเดือน หรือปรับไม่เกินหนึ่งหมื่นบาท หรือทั้งจำทั้งปรับ
มาตรา 397,รังแก ข่มเหง คุกคาม หรือกระทำให้ได้รับความอับอาย,ผู้ใดกระทำด้วยประการใดๆ ต่อผู้อื่น อันเป็นการรังแก ข่มเหง คุกคาม หรือกระทำให้ได้รับความอับอายหรือเดือดร้อนรำคาญ ต้องระวางโทษปรับไม่เกินห้าพันบาท
มาตรา 398,ลหุโทษ (มาตรา 398),ผู้ใดกระทำด้วยประการใดๆ อันเป็นการทารุณกรรมต่อเด็กอายุยังไม่เกินสิบห้าปี คนป่วยเจ็บ หรือคนชรา ซึ่งต้องพึ่งตนในการดำรงชีพหรือการอื่นใด ต้องระวางโทษจำคุกไม่เกินหนึ่งเดือน หรือปรับไม่เกินหนึ่งหมื่นบาท หรือทั้งจำทั้งปรับ
