question_id,status,course_id,level,module,source,statutes,title,scenario,question,model_answer,answer_steps,hint_1,hint_2,hint_3,criteria,source_note
q-writing-41216-import-000,ready,41216,2,ความผิดต่อชีวิต,คำถามที่เขียนตอบ,"59, 60, 68, 358",ป้องกันโดยชอบและผลพลาดจากการยิงช้าง,แดงดูแลช้างซึ่งตกมันไม่ดี ช้างตรงเข้าใช้งาจะแทงดำ ดำจึงใช้ปืนยิงช้างของแดงตาย กระสุนปืนแฉลบไปถูกขาวถึงแก่ความตาย,ให้วินิจฉัยความรับผิดทางอาญาของดำต่อแดงและขาว,"1. ความรับผิดของดำต่อแดง (กรณีช้างตาย): ดำมีเจตนาทำลายทรัพย์สินของผู้อื่น การยิงช้างจึงเข้าองค์ประกอบฐานทำให้เสียทรัพย์ตามมาตรา 358 แต่เนื่องจากดำตกอยู่ในภยันตรายอันใกล้จะถึงจากการที่ช้างจะเข้ามาแทง ซึ่งเกิดจากการที่แดงดูแลช้างไม่ดี (การประทุษร้ายอันละเมิดต่อกฎหมายโดยประมาท) ดำจึงสามารถอ้างการป้องกันโดยชอบด้วยกฎหมายตามมาตรา 68 ได้ ดำจึงไม่มีความผิดฐานทำให้เสียทรัพย์
2. ความรับผิดของดำต่อขาว (กรณีขาวตาย): ดำไม่มีเจตนาฆ่าขาว ไม่ประสงค์ต่อผลและไม่เล็งเห็นผล และไม่ถือเป็นการกระทำโดยพลาดตามมาตรา 60 (เนื่องจากเจตนาเริ่มต้นทำต่อทรัพย์แต่ผลไปเกิดแก่บุคคล) อีกทั้งไม่ถือว่าดำกระทำโดยประมาท เพราะดำอยู่ในภาวะฉุกเฉินและตกอยู่ในภยันตรายร้ายแรง ย่อมไม่อาจเกณฑ์ให้ใช้ความระมัดระวังอย่างเช่นบุคคลในภาวะปกติได้ ดำจึงไม่ต้องรับผิดทางอาญาต่อความตายของขาว

ตัวบทมาตราเต็ม:
มาตรา 59: หลักเรื่องเจตนาและความประมาท
บุคคลจะต้องรับผิดในทางอาญาก็ต่อเมื่อได้กระทำโดยเจตนา เว้นแต่จะได้กระทำโดยประมาท ในกรณีที่กฎหมายบัญญัติไว้โดยชัดแจ้งให้ต้องรับผิดเมื่อได้กระทำโดยประมาท หรือเว้นแต่ในกรณีที่กฎหมายบัญญัติไว้โดยชัดแจ้งให้ต้องรับผิดแม้ได้กระทำโดยไม่มีเจตนา
กระทำโดยเจตนา ได้แก่กระทำโดยรู้สำนึกในการที่กระทำและในขณะเดียวกันผู้กระทำประสงค์ต่อผล หรือย่อมเล็งเห็นผลของการกระทำนั้น
ถ้าผู้กระทำมิได้รู้ข้อเท็จจริงอันเป็นองค์ประกอบของความผิด จะถือว่าผู้กระทำประสงค์ต่อผล หรือย่อมเล็งเห็นผลของการกระทำนั้นมิได้
กระทำโดยประมาท ได้แก่กระทำความผิดมิใช่โดยเจตนา แต่กระทำโดยปราศจากความระมัดระวังซึ่งบุคคลในภาวะเช่นนั้นจักต้องมีตามวิสัยและพฤติการณ์ และผู้กระทำอาจใช้ความระมัดระวังเช่นนั้นได้ แต่หาได้ใช้ให้เพียงพอไม่
การกระทำ ให้หมายความรวมถึงการให้เกิดผลอันหนึ่งอันใดขึ้นโดยงดเว้นการที่จักต้องกระทำเพื่อป้องกันผลนั้นด้วย

มาตรา 60: การกระทำโดยพลาด
ผู้ใดเจตนาจะกระทำต่อบุคคลหนึ่ง แต่ผลของการกระทำไปเกิดแก่ข้อมูลอีกบุคคลหนึ่งโดยพลาดไป ให้ถือว่าผู้กระทำได้กระทำโดยเจตนาต่อบุคคลซึ่งได้รับผลร้ายจากการกระทำนั้น แต่ในกรณีที่กฎหมายบัญญัติให้ลงโทษหนักขึ้นเพราะฐานะของบุคคลหรือเพราะความสัมพันธ์ระหว่างผู้กระทำกับบุคคลผู้ได้รับผลร้าย มิให้นำกฎหมายนั้นมาใช้บังคับเพื่อลงโทษผู้กระทำให้หนักขึ้น

มาตรา 68: การป้องกันโดยชอบด้วยกฎหมาย
ผู้ใดจำต้องกระทำการใดเพื่อป้องกันสิทธิของตนหรือของผู้อื่น ให้พ้นจากภยันตรายอันละเมิดต่อกฎหมาย และเป็นภยันตรายที่ใกล้จะถึง ถ้าได้กระทำพอสมควรแก่เหตุ การกระทำนั้นเป็นการป้องกันโดยชอบด้วยกฎหมาย ผู้นั้นไม่มีความผิด

มาตรา 358: ความผิดฐานทำให้เสียทรัพย์
ผู้ใดทำให้เสียหาย ทำลาย ทำให้เสื่อมค่าหรือทำให้ไร้ประโยชน์ ซึ่งทรัพย์ของผู้อื่นหรือผู้อื่นเป็นเจ้าของรวมอยู่ด้วย ผู้นั้นกระทำความผิดฐานทำให้เสียทรัพย์ ต้องระวางโทษจำคุกไม่เกินสามปี หรือปรับไม่เกินหกหมื่นบาท หรือทั้งจำทั้งปรับ",1. ความรับผิดของดำต่อแดง (กรณีช้างตาย): ดำมีเจตนาทำลายทรัพย์สินของผู้อื่น การยิงช้างจึงเข้าองค์ประกอบฐานทำให้เสียทรัพย์ตามมาตรา 358 แต่เนื่องจากดำตกอยู่ในภยันตรายอันใกล้จะถึงจากการที่ช้างจะเข้ามาแทง ซึ่งเกิดจากการที่แดงดูแลช้างไม่ดี (การประทุษร้ายอันละเมิดต่อกฎหมายโดยประมาท) ดำจึงสามารถอ้างการป้องกันโดยชอบด้วยกฎหมายตามมาตรา 68 ได้ ดำจึงไม่มีความผิดฐานทำให้เสียทรัพย์ | 2. ความรับผิดของดำต่อขาว (กรณีขาวตาย): ดำไม่มีเจตนาฆ่าขาว ไม่ประสงค์ต่อผลและไม่เล็งเห็นผล และไม่ถือเป็นการกระทำโดยพลาดตามมาตรา 60 (เนื่องจากเจตนาเริ่มต้นทำต่อทรัพย์แต่ผลไปเกิดแก่บุคคล) อีกทั้งไม่ถือว่าดำกระทำโดยประมาท เพราะดำอยู่ในภาวะฉุกเฉินและตกอยู่ในภยันตรายร้ายแรง ย่อมไม่อาจเกณฑ์ให้ใช้ความระมัดระวังอย่างเช่นบุคคลในภาวะปกติได้ ดำจึงไม่ต้องรับผิดทางอาญาต่อความตายของขาว,โจทย์นี้อยู่ในหมวดความผิดต่อชีวิต,"มาตราที่ควรพิจารณา: 59, 60, 68, 358

ตัวบทมาตราเต็ม:
มาตรา 59: หลักเรื่องเจตนาและความประมาท
บุคคลจะต้องรับผิดในทางอาญาก็ต่อเมื่อได้กระทำโดยเจตนา เว้นแต่จะได้กระทำโดยประมาท ในกรณีที่กฎหมายบัญญัติไว้โดยชัดแจ้งให้ต้องรับผิดเมื่อได้กระทำโดยประมาท หรือเว้นแต่ในกรณีที่กฎหมายบัญญัติไว้โดยชัดแจ้งให้ต้องรับผิดแม้ได้กระทำโดยไม่มีเจตนา
กระทำโดยเจตนา ได้แก่กระทำโดยรู้สำนึกในการที่กระทำและในขณะเดียวกันผู้กระทำประสงค์ต่อผล หรือย่อมเล็งเห็นผลของการกระทำนั้น
ถ้าผู้กระทำมิได้รู้ข้อเท็จจริงอันเป็นองค์ประกอบของความผิด จะถือว่าผู้กระทำประสงค์ต่อผล หรือย่อมเล็งเห็นผลของการกระทำนั้นมิได้
กระทำโดยประมาท ได้แก่กระทำความผิดมิใช่โดยเจตนา แต่กระทำโดยปราศจากความระมัดระวังซึ่งบุคคลในภาวะเช่นนั้นจักต้องมีตามวิสัยและพฤติการณ์ และผู้กระทำอาจใช้ความระมัดระวังเช่นนั้นได้ แต่หาได้ใช้ให้เพียงพอไม่
การกระทำ ให้หมายความรวมถึงการให้เกิดผลอันหนึ่งอันใดขึ้นโดยงดเว้นการที่จักต้องกระทำเพื่อป้องกันผลนั้นด้วย

มาตรา 60: การกระทำโดยพลาด
ผู้ใดเจตนาจะกระทำต่อบุคคลหนึ่ง แต่ผลของการกระทำไปเกิดแก่ข้อมูลอีกบุคคลหนึ่งโดยพลาดไป ให้ถือว่าผู้กระทำได้กระทำโดยเจตนาต่อบุคคลซึ่งได้รับผลร้ายจากการกระทำนั้น แต่ในกรณีที่กฎหมายบัญญัติให้ลงโทษหนักขึ้นเพราะฐานะของบุคคลหรือเพราะความสัมพันธ์ระหว่างผู้กระทำกับบุคคลผู้ได้รับผลร้าย มิให้นำกฎหมายนั้นมาใช้บังคับเพื่อลงโทษผู้กระทำให้หนักขึ้น

มาตรา 68: การป้องกันโดยชอบด้วยกฎหมาย
ผู้ใดจำต้องกระทำการใดเพื่อป้องกันสิทธิของตนหรือของผู้อื่น ให้พ้นจากภยันตรายอันละเมิดต่อกฎหมาย และเป็นภยันตรายที่ใกล้จะถึง ถ้าได้กระทำพอสมควรแก่เหตุ การกระทำนั้นเป็นการป้องกันโดยชอบด้วยกฎหมาย ผู้นั้นไม่มีความผิด

มาตรา 358: ความผิดฐานทำให้เสียทรัพย์
ผู้ใดทำให้เสียหาย ทำลาย ทำให้เสื่อมค่าหรือทำให้ไร้ประโยชน์ ซึ่งทรัพย์ของผู้อื่นหรือผู้อื่นเป็นเจ้าของรวมอยู่ด้วย ผู้นั้นกระทำความผิดฐานทำให้เสียทรัพย์ ต้องระวางโทษจำคุกไม่เกินสามปี หรือปรับไม่เกินหกหมื่นบาท หรือทั้งจำทั้งปรับ",แยกประเด็นเป็นข้อเท็จจริง หลักกฎหมาย การปรับบท และสรุปความรับผิดของแต่ละคน,จับประเด็นข้อเท็จจริงสำคัญ (3 คะแนน) | ระบุหลักกฎหมายและมาตราที่เกี่ยวข้องถูกต้อง (4 คะแนน) | ปรับบทกับข้อเท็จจริงครบถ้วน (6 คะแนน) | สรุปฐานความผิด เหตุยกเว้น หรือผลทางอาญาชัดเจน (2 คะแนน),นำเข้าจาก pasted-text.txt สำหรับวิชา 41216 วันที่ 2026-07-16
q-writing-41216-import-001,ready,41216,2,ความผิดต่อชีวิต,คำถามที่เขียนตอบ,"60, 80, 288",ฆ่าผู้อื่นสำเร็จและพยายามโดยพลาด,แดงจ้องปืนยิงดำ ดำถึงแก่ความตาย กระสุนปืนพลาดเกือบโดนขาวแต่ขาวหลบทัน,ให้วินิจฉัยความรับผิดทางอาญาของแดงต่อดำและขาว,"1. ความรับผิดของแดงต่อดำ: แดงมีความผิดฐานฆ่าผู้อื่นโดยเจตนาตามมาตรา 288 สำเร็จ
2. ความรับผิดของแดงต่อขาว: แดงไม่มีความผิดฐานพยายามฆ่าขาวโดยพลาดตามมาตรา 288, 80, 60 เนื่องจากผลร้ายในทางเนื้อหาระหว่างแดงกับขาว (ความตายหรือความบาดเจ็บ) ยังไม่ได้เกิดขึ้นแก่ตัวขาวเลย มีเพียงการเฉียดไปเท่านั้น จึงไม่เข้าข่ายความผิดฐานพยายามโดยพลาด

ตัวบทมาตราเต็ม:
มาตรา 60: การกระทำโดยพลาด
ผู้ใดเจตนาจะกระทำต่อบุคคลหนึ่ง แต่ผลของการกระทำไปเกิดแก่ข้อมูลอีกบุคคลหนึ่งโดยพลาดไป ให้ถือว่าผู้กระทำได้กระทำโดยเจตนาต่อบุคคลซึ่งได้รับผลร้ายจากการกระทำนั้น แต่ในกรณีที่กฎหมายบัญญัติให้ลงโทษหนักขึ้นเพราะฐานะของบุคคลหรือเพราะความสัมพันธ์ระหว่างผู้กระทำกับบุคคลผู้ได้รับผลร้าย มิให้นำกฎหมายนั้นมาใช้บังคับเพื่อลงโทษผู้กระทำให้หนักขึ้น

มาตรา 80: พยายามกระทำความผิด
ผู้ใดลงมือกระทำความผิดแต่กระทำไปไม่ตลอด หรือกระทำไปตลอดแล้วแต่การกระทำนั้นไม่บรรลุผล ผู้นั้นได้ชื่อว่าพยายามกระทำความผิด
ผู้ใดพยายามกระทำความผิด ต้องระวางโทษสองในสามส่วนของโทษที่กฎหมายกำหนดไว้สำหรับความผิดนั้น

มาตรา 288: ความผิดฐานฆ่าผู้อื่น
ผู้ใดฆ่าผู้อื่น ต้องระวางโทษประหารชีวิต จำคุกตลอดชีวิต หรือจำคุกตั้งแต่สิบห้าปีถึงยี่สิบปี","1. ความรับผิดของแดงต่อดำ: แดงมีความผิดฐานฆ่าผู้อื่นโดยเจตนาตามมาตรา 288 สำเร็จ | 2. ความรับผิดของแดงต่อขาว: แดงไม่มีความผิดฐานพยายามฆ่าขาวโดยพลาดตามมาตรา 288, 80, 60 เนื่องจากผลร้ายในทางเนื้อหาระหว่างแดงกับขาว (ความตายหรือความบาดเจ็บ) ยังไม่ได้เกิดขึ้นแก่ตัวขาวเลย มีเพียงการเฉียดไปเท่านั้น จึงไม่เข้าข่ายความผิดฐานพยายามโดยพลาด",โจทย์นี้อยู่ในหมวดความผิดต่อชีวิต,"มาตราที่ควรพิจารณา: 60, 80, 288

ตัวบทมาตราเต็ม:
มาตรา 60: การกระทำโดยพลาด
ผู้ใดเจตนาจะกระทำต่อบุคคลหนึ่ง แต่ผลของการกระทำไปเกิดแก่ข้อมูลอีกบุคคลหนึ่งโดยพลาดไป ให้ถือว่าผู้กระทำได้กระทำโดยเจตนาต่อบุคคลซึ่งได้รับผลร้ายจากการกระทำนั้น แต่ในกรณีที่กฎหมายบัญญัติให้ลงโทษหนักขึ้นเพราะฐานะของบุคคลหรือเพราะความสัมพันธ์ระหว่างผู้กระทำกับบุคคลผู้ได้รับผลร้าย มิให้นำกฎหมายนั้นมาใช้บังคับเพื่อลงโทษผู้กระทำให้หนักขึ้น

มาตรา 80: พยายามกระทำความผิด
ผู้ใดลงมือกระทำความผิดแต่กระทำไปไม่ตลอด หรือกระทำไปตลอดแล้วแต่การกระทำนั้นไม่บรรลุผล ผู้นั้นได้ชื่อว่าพยายามกระทำความผิด
ผู้ใดพยายามกระทำความผิด ต้องระวางโทษสองในสามส่วนของโทษที่กฎหมายกำหนดไว้สำหรับความผิดนั้น

มาตรา 288: ความผิดฐานฆ่าผู้อื่น
ผู้ใดฆ่าผู้อื่น ต้องระวางโทษประหารชีวิต จำคุกตลอดชีวิต หรือจำคุกตั้งแต่สิบห้าปีถึงยี่สิบปี",แยกประเด็นเป็นข้อเท็จจริง หลักกฎหมาย การปรับบท และสรุปความรับผิดของแต่ละคน,จับประเด็นข้อเท็จจริงสำคัญ (3 คะแนน) | ระบุหลักกฎหมายและมาตราที่เกี่ยวข้องถูกต้อง (4 คะแนน) | ปรับบทกับข้อเท็จจริงครบถ้วน (6 คะแนน) | สรุปฐานความผิด เหตุยกเว้น หรือผลทางอาญาชัดเจน (2 คะแนน),นำเข้าจาก pasted-text.txt สำหรับวิชา 41216 วันที่ 2026-07-16
q-writing-41216-import-002,ready,41216,2,ความผิดต่อชีวิต,คำถามที่เขียนตอบ,"59 วรรคสี่, 291",ถูกบังคับขับรถกับความตายจากประมาท,แดงต้องการหลบหนีตำรวจ จึงใช้ปืนจี้ดำคนขับรถแท็กซี่บังคับให้ขับรถด้วยความเร็วสูงในเวลากลางคืน ดำกลัวจึงต้องทำตาม รถแท็กซี่พุ่งชนขาวถึงแก่ความตาย,ดำและแดงมีความผิดฐานใดหรือไม่,"1. กรณีของดำ (คนขับรถ): ดำไม่มีความผิดฐานกระทำโดยประมาทเป็นเหตุให้ผู้อื่นถึงแก่ความตาย เพราะดำตกอยู่ในภาวะจำยอมและถูกปืนจี้บังคับ ย่อมไม่อาจเกณฑ์ให้ใช้ความระมัดระวังตามวิสัยและพฤติการณ์อย่างบุคคลธรรมดาได้ (เทียบคำพิพากษาฎีกาที่ 1961/2528)
2. กรณีของแดง (ผู้ใช้ปืนจี้): แดงมีความผิดฐานกระทำโดยประมาทเป็นเหตุให้ผู้อื่นถึงแก่ความตายตามมาตรา 291 เนื่องจากแดงเป็นผู้บังคับให้ขับรถด้วยความเร็วสูงในเวลากลางคืนซึ่งเป็นทัศนวิสัยที่อันตราย ถือเป็นการกระทำโดยปราศจากความระมัดระวังซึ่งบุคคลในภาวะเช่นนั้นจักต้องมีตามวิสัยและพฤติการณ์ และแดงอาจใช้ความระมัดระวังเช่นนั้นได้แต่หาได้ใช้เพียงพอไม่

ตัวบทมาตราเต็ม:
มาตรา 59 วรรคสี่: หลักเรื่องเจตนาและความประมาท
กระทำโดยประมาท ได้แก่กระทำความผิดมิใช่โดยเจตนา แต่กระทำโดยปราศจากความระมัดระวังซึ่งบุคคลในภาวะเช่นนั้นจักต้องมีตามวิสัยและพฤติการณ์ และผู้กระทำอาจใช้ความระมัดระวังเช่นนั้นได้ แต่หาได้ใช้ให้เพียงพอไม่

มาตรา 291: มาตราความผิดทางอาญา
ผู้ใดกระทำโดยประมาท และการกระทำนั้นเป็นเหตุให้ผู้อื่นถึงแก่ความตาย ต้องระวางโทษจำคุกไม่เกินสิบปี และปรับไม่เกินสองแสนบาท",1. กรณีของดำ (คนขับรถ): ดำไม่มีความผิดฐานกระทำโดยประมาทเป็นเหตุให้ผู้อื่นถึงแก่ความตาย เพราะดำตกอยู่ในภาวะจำยอมและถูกปืนจี้บังคับ ย่อมไม่อาจเกณฑ์ให้ใช้ความระมัดระวังตามวิสัยและพฤติการณ์อย่างบุคคลธรรมดาได้ (เทียบคำพิพากษาฎีกาที่ 1961/2528) | 2. กรณีของแดง (ผู้ใช้ปืนจี้): แดงมีความผิดฐานกระทำโดยประมาทเป็นเหตุให้ผู้อื่นถึงแก่ความตายตามมาตรา 291 เนื่องจากแดงเป็นผู้บังคับให้ขับรถด้วยความเร็วสูงในเวลากลางคืนซึ่งเป็นทัศนวิสัยที่อันตราย ถือเป็นการกระทำโดยปราศจากความระมัดระวังซึ่งบุคคลในภาวะเช่นนั้นจักต้องมีตามวิสัยและพฤติการณ์ และแดงอาจใช้ความระมัดระวังเช่นนั้นได้แต่หาได้ใช้เพียงพอไม่,โจทย์นี้อยู่ในหมวดความผิดต่อชีวิต,"มาตราที่ควรพิจารณา: 59 วรรคสี่, 291

ตัวบทมาตราเต็ม:
มาตรา 59 วรรคสี่: หลักเรื่องเจตนาและความประมาท
กระทำโดยประมาท ได้แก่กระทำความผิดมิใช่โดยเจตนา แต่กระทำโดยปราศจากความระมัดระวังซึ่งบุคคลในภาวะเช่นนั้นจักต้องมีตามวิสัยและพฤติการณ์ และผู้กระทำอาจใช้ความระมัดระวังเช่นนั้นได้ แต่หาได้ใช้ให้เพียงพอไม่

มาตรา 291: มาตราความผิดทางอาญา
ผู้ใดกระทำโดยประมาท และการกระทำนั้นเป็นเหตุให้ผู้อื่นถึงแก่ความตาย ต้องระวางโทษจำคุกไม่เกินสิบปี และปรับไม่เกินสองแสนบาท",แยกประเด็นเป็นข้อเท็จจริง หลักกฎหมาย การปรับบท และสรุปความรับผิดของแต่ละคน,จับประเด็นข้อเท็จจริงสำคัญ (3 คะแนน) | ระบุหลักกฎหมายและมาตราที่เกี่ยวข้องถูกต้อง (4 คะแนน) | ปรับบทกับข้อเท็จจริงครบถ้วน (6 คะแนน) | สรุปฐานความผิด เหตุยกเว้น หรือผลทางอาญาชัดเจน (2 คะแนน),นำเข้าจาก pasted-text.txt สำหรับวิชา 41216 วันที่ 2026-07-16
q-writing-41216-import-003,ready,41216,2,ความผิดต่อชีวิต,คำถามที่เขียนตอบ,"59 วรรคสี่, 84, 291",ว่าจ้างให้ขับเร็วกับความรับผิดประมาท,แดงว่าจ้างดำให้ขับรถด้วยความเร็วสูง ดำทำตามที่แดงสั่ง ดำขับรถด้วยความประมาทชนขาวถึงแก่ความตาย,ให้วินิจฉัยความรับผิดทางอาญาของดำและแดง,"1. ความรับผิดของดำ: ดำมีความผิดฐานกระทำโดยประมาทเป็นเหตุให้ผู้อื่นถึงแก่ความตายตามมาตรา 291 เพราะดำเป็นคนขับขี่ที่ควบคุมยานพาหนะโดยตรง ย่อมต้องใช้ความระมัดระวังตามกฎจราจรแต่กลับปฏิเสธไม่ใช้
2. ความรับผิดของแดง: แดงไม่ใช่ผู้ใช้ให้กระทำความผิดตามมาตรา 84 เพราะการเป็นผู้ใช้จะมีได้เฉพาะในความผิดที่กระทำโดยเจตนาเท่านั้น แต่อย่างไรก็ตาม การสั่งให้ขับรถด้วยความเร็วสูงบนท้องถนนสาธารณะ ถือว่าแดงกระทำโดยประมาทและเป็นทางทรัพย์ก่อให้เกิดผลคือความตาย แดงจึงมีความผิดฐานกระทำโดยประมาทเป็นเหตุให้ผู้อื่นถึงแก่ความตายตามมาตรา 291 เช่นกัน

ตัวบทมาตราเต็ม:
มาตรา 59 วรรคสี่: หลักเรื่องเจตนาและความประมาท
กระทำโดยประมาท ได้แก่กระทำความผิดมิใช่โดยเจตนา แต่กระทำโดยปราศจากความระมัดระวังซึ่งบุคคลในภาวะเช่นนั้นจักต้องมีตามวิสัยและพฤติการณ์ และผู้กระทำอาจใช้ความระมัดระวังเช่นนั้นได้ แต่หาได้ใช้ให้เพียงพอไม่

มาตรา 84: ผู้ใช้ให้กระทำความผิด
ผู้ใดก่อให้ผู้อื่นกระทำความผิดไม่ว่าด้วยการสั่ง บังคับ ขู่เข็ญ จ้าง วาน หรือยุยงส่งเสริม หรือด้วยวิธีอื่นใด ผู้นั้นเป็นผู้ใช้ให้กระทำความผิด ถ้าผู้ถูกใช้ได้ลงมือกระทำความผิด ผู้ใช้ต้องรับโทษเสมือนเป็นตัวการ ถ้าความผิดมิได้กระทำลง ไม่ว่าจะเป็นเพราะผู้ถูกใช้ไม่ยอมกระทำ หรือกระทำยังไม่ถึงขั้นพยายาม หรือด้วยเหตุอื่นใด ผู้ใช้ต้องระวางโทษเพียงหนึ่งในสามของโทษที่กฎหมายกำหนดไว้สำหรับความผิดนั้น

มาตรา 291: มาตราความผิดทางอาญา
ผู้ใดกระทำโดยประมาท และการกระทำนั้นเป็นเหตุให้ผู้อื่นถึงแก่ความตาย ต้องระวางโทษจำคุกไม่เกินสิบปี และปรับไม่เกินสองแสนบาท",1. ความรับผิดของดำ: ดำมีความผิดฐานกระทำโดยประมาทเป็นเหตุให้ผู้อื่นถึงแก่ความตายตามมาตรา 291 เพราะดำเป็นคนขับขี่ที่ควบคุมยานพาหนะโดยตรง ย่อมต้องใช้ความระมัดระวังตามกฎจราจรแต่กลับปฏิเสธไม่ใช้ | 2. ความรับผิดของแดง: แดงไม่ใช่ผู้ใช้ให้กระทำความผิดตามมาตรา 84 เพราะการเป็นผู้ใช้จะมีได้เฉพาะในความผิดที่กระทำโดยเจตนาเท่านั้น แต่อย่างไรก็ตาม การสั่งให้ขับรถด้วยความเร็วสูงบนท้องถนนสาธารณะ ถือว่าแดงกระทำโดยประมาทและเป็นทางทรัพย์ก่อให้เกิดผลคือความตาย แดงจึงมีความผิดฐานกระทำโดยประมาทเป็นเหตุให้ผู้อื่นถึงแก่ความตายตามมาตรา 291 เช่นกัน,โจทย์นี้อยู่ในหมวดความผิดต่อชีวิต,"มาตราที่ควรพิจารณา: 59 วรรคสี่, 84, 291

ตัวบทมาตราเต็ม:
มาตรา 59 วรรคสี่: หลักเรื่องเจตนาและความประมาท
กระทำโดยประมาท ได้แก่กระทำความผิดมิใช่โดยเจตนา แต่กระทำโดยปราศจากความระมัดระวังซึ่งบุคคลในภาวะเช่นนั้นจักต้องมีตามวิสัยและพฤติการณ์ และผู้กระทำอาจใช้ความระมัดระวังเช่นนั้นได้ แต่หาได้ใช้ให้เพียงพอไม่

มาตรา 84: ผู้ใช้ให้กระทำความผิด
ผู้ใดก่อให้ผู้อื่นกระทำความผิดไม่ว่าด้วยการสั่ง บังคับ ขู่เข็ญ จ้าง วาน หรือยุยงส่งเสริม หรือด้วยวิธีอื่นใด ผู้นั้นเป็นผู้ใช้ให้กระทำความผิด ถ้าผู้ถูกใช้ได้ลงมือกระทำความผิด ผู้ใช้ต้องรับโทษเสมือนเป็นตัวการ ถ้าความผิดมิได้กระทำลง ไม่ว่าจะเป็นเพราะผู้ถูกใช้ไม่ยอมกระทำ หรือกระทำยังไม่ถึงขั้นพยายาม หรือด้วยเหตุอื่นใด ผู้ใช้ต้องระวางโทษเพียงหนึ่งในสามของโทษที่กฎหมายกำหนดไว้สำหรับความผิดนั้น

มาตรา 291: มาตราความผิดทางอาญา
ผู้ใดกระทำโดยประมาท และการกระทำนั้นเป็นเหตุให้ผู้อื่นถึงแก่ความตาย ต้องระวางโทษจำคุกไม่เกินสิบปี และปรับไม่เกินสองแสนบาท",แยกประเด็นเป็นข้อเท็จจริง หลักกฎหมาย การปรับบท และสรุปความรับผิดของแต่ละคน,จับประเด็นข้อเท็จจริงสำคัญ (3 คะแนน) | ระบุหลักกฎหมายและมาตราที่เกี่ยวข้องถูกต้อง (4 คะแนน) | ปรับบทกับข้อเท็จจริงครบถ้วน (6 คะแนน) | สรุปฐานความผิด เหตุยกเว้น หรือผลทางอาญาชัดเจน (2 คะแนน),นำเข้าจาก pasted-text.txt สำหรับวิชา 41216 วันที่ 2026-07-16
q-writing-41216-import-004,ready,41216,2,ความผิดต่อชีวิต,คำถามที่เขียนตอบ,"60, 61, 80, 288",สำคัญผิดในตัวบุคคลและผลพลาด,แดงต้องการฆ่าดำ จึงยิงขาวที่อวัยวะสำคัญโดยเข้าใจว่าขาวเป็นดำ ขาวถึงแก่ความตาย และกระสุนปืนทะลุไปถูกฟ้าซึ่งอยู่ด้านหลังขาวได้รับบาดเจ็บ,ให้วินิจฉัยความรับผิดของแดงต่อขาว ฟ้า และดำ,"1. ความรับผิดของแดงต่อขาว: แดงมีความผิดฐานฆ่าผู้อื่นโดยเจตนาตามมาตรา 288 แดงจะยกเอาความสำคัญผิดในตัวบุคคลว่าเข้าใจว่าขาวเป็นดำมาแก้ตัวว่าไม่มีเจตนาฆ่าขาวไม่ได้ตามมาตรา 61
2. ความรับผิดของแดงต่อฟ้า: แดงมีความผิดฐานพยายามฆ่าผู้อื่นโดยพลาดตามมาตรา 288 ประกอบมาตรา 80 และ 60 เนื่องจากแดงมีเจตนาฆ่าในคราแรกแต่ผลของการกระทำพลาดไปเกิดแก่ฟ้าซึ่งเป็นบุคคลภายนอก
3. ความรับผิดของแดงต่อดำ: แดงไม่ต้องรับผิดฐานพยายามฆ่าดำอีก เนื่องจากเจตนาฆ่าของแดงทั้งหมดได้ถูกใช้และโอนไปในการกระทำต่อขาวและฟ้าจนหมดสิ้นแล้ว

ตัวบทมาตราเต็ม:
มาตรา 60: การกระทำโดยพลาด
ผู้ใดเจตนาจะกระทำต่อบุคคลหนึ่ง แต่ผลของการกระทำไปเกิดแก่ข้อมูลอีกบุคคลหนึ่งโดยพลาดไป ให้ถือว่าผู้กระทำได้กระทำโดยเจตนาต่อบุคคลซึ่งได้รับผลร้ายจากการกระทำนั้น แต่ในกรณีที่กฎหมายบัญญัติให้ลงโทษหนักขึ้นเพราะฐานะของบุคคลหรือเพราะความสัมพันธ์ระหว่างผู้กระทำกับบุคคลผู้ได้รับผลร้าย มิให้นำกฎหมายนั้นมาใช้บังคับเพื่อลงโทษผู้กระทำให้หนักขึ้น

มาตรา 61: การสำคัญผิดในตัวบุคคล
ผู้ใดเจตนาจะกระทำต่อบุคคลหนึ่ง แต่ได้กระทำต่ออีกบุคคลหนึ่งโดยสำคัญผิด ผู้ใดจะยกเอาความสำคัญผิดเป็นข้อแก้ตัวว่ามิได้กระทำโดยเจตนาหาได้ไม่

มาตรา 80: พยายามกระทำความผิด
ผู้ใดลงมือกระทำความผิดแต่กระทำไปไม่ตลอด หรือกระทำไปตลอดแล้วแต่การกระทำนั้นไม่บรรลุผล ผู้นั้นได้ชื่อว่าพยายามกระทำความผิด
ผู้ใดพยายามกระทำความผิด ต้องระวางโทษสองในสามส่วนของโทษที่กฎหมายกำหนดไว้สำหรับความผิดนั้น

มาตรา 288: ความผิดฐานฆ่าผู้อื่น
ผู้ใดฆ่าผู้อื่น ต้องระวางโทษประหารชีวิต จำคุกตลอดชีวิต หรือจำคุกตั้งแต่สิบห้าปีถึงยี่สิบปี",1. ความรับผิดของแดงต่อขาว: แดงมีความผิดฐานฆ่าผู้อื่นโดยเจตนาตามมาตรา 288 แดงจะยกเอาความสำคัญผิดในตัวบุคคลว่าเข้าใจว่าขาวเป็นดำมาแก้ตัวว่าไม่มีเจตนาฆ่าขาวไม่ได้ตามมาตรา 61 | 2. ความรับผิดของแดงต่อฟ้า: แดงมีความผิดฐานพยายามฆ่าผู้อื่นโดยพลาดตามมาตรา 288 ประกอบมาตรา 80 และ 60 เนื่องจากแดงมีเจตนาฆ่าในคราแรกแต่ผลของการกระทำพลาดไปเกิดแก่ฟ้าซึ่งเป็นบุคคลภายนอก | 3. ความรับผิดของแดงต่อดำ: แดงไม่ต้องรับผิดฐานพยายามฆ่าดำอีก เนื่องจากเจตนาฆ่าของแดงทั้งหมดได้ถูกใช้และโอนไปในการกระทำต่อขาวและฟ้าจนหมดสิ้นแล้ว,โจทย์นี้อยู่ในหมวดความผิดต่อชีวิต,"มาตราที่ควรพิจารณา: 60, 61, 80, 288

ตัวบทมาตราเต็ม:
มาตรา 60: การกระทำโดยพลาด
ผู้ใดเจตนาจะกระทำต่อบุคคลหนึ่ง แต่ผลของการกระทำไปเกิดแก่ข้อมูลอีกบุคคลหนึ่งโดยพลาดไป ให้ถือว่าผู้กระทำได้กระทำโดยเจตนาต่อบุคคลซึ่งได้รับผลร้ายจากการกระทำนั้น แต่ในกรณีที่กฎหมายบัญญัติให้ลงโทษหนักขึ้นเพราะฐานะของบุคคลหรือเพราะความสัมพันธ์ระหว่างผู้กระทำกับบุคคลผู้ได้รับผลร้าย มิให้นำกฎหมายนั้นมาใช้บังคับเพื่อลงโทษผู้กระทำให้หนักขึ้น

มาตรา 61: การสำคัญผิดในตัวบุคคล
ผู้ใดเจตนาจะกระทำต่อบุคคลหนึ่ง แต่ได้กระทำต่ออีกบุคคลหนึ่งโดยสำคัญผิด ผู้ใดจะยกเอาความสำคัญผิดเป็นข้อแก้ตัวว่ามิได้กระทำโดยเจตนาหาได้ไม่

มาตรา 80: พยายามกระทำความผิด
ผู้ใดลงมือกระทำความผิดแต่กระทำไปไม่ตลอด หรือกระทำไปตลอดแล้วแต่การกระทำนั้นไม่บรรลุผล ผู้นั้นได้ชื่อว่าพยายามกระทำความผิด
ผู้ใดพยายามกระทำความผิด ต้องระวางโทษสองในสามส่วนของโทษที่กฎหมายกำหนดไว้สำหรับความผิดนั้น

มาตรา 288: ความผิดฐานฆ่าผู้อื่น
ผู้ใดฆ่าผู้อื่น ต้องระวางโทษประหารชีวิต จำคุกตลอดชีวิต หรือจำคุกตั้งแต่สิบห้าปีถึงยี่สิบปี",แยกประเด็นเป็นข้อเท็จจริง หลักกฎหมาย การปรับบท และสรุปความรับผิดของแต่ละคน,จับประเด็นข้อเท็จจริงสำคัญ (3 คะแนน) | ระบุหลักกฎหมายและมาตราที่เกี่ยวข้องถูกต้อง (4 คะแนน) | ปรับบทกับข้อเท็จจริงครบถ้วน (6 คะแนน) | สรุปฐานความผิด เหตุยกเว้น หรือผลทางอาญาชัดเจน (2 คะแนน),นำเข้าจาก pasted-text.txt สำหรับวิชา 41216 วันที่ 2026-07-16
q-writing-41216-import-005,ready,41216,2,ความผิดต่อชีวิต,คำถามที่เขียนตอบ,"80, 81, 288",พยายามฆ่าเมื่อผู้เสียหายย้ายที่นอน,นายดำใช้ปืนยิงไปตรงที่นายแดงเคยนอนในห้องพักเพื่อหมายเอาชีวิต แต่กระสุนไม่ถูกใครเนื่องจากนายแดงรู้ตัวก่อนจึงย้ายไปนอนที่ระเบียงนอกห้อง,ให้วินิจฉัยความรับผิดของนายดำ,"นายดำมีความผิดฐานพยายามฆ่าผู้อื่นตามมาตรา 288 ประกอบมาตรา 80 การที่นายแดงหลบไปนอนที่ระเบียงถือเป็นเรื่องบังเอิญที่นายแดงพ้นภัยชั่วคราว แต่ตราบใดที่นายแดงยังคงอยู่ในบริเวณบ้านกระสุนปืนก็ยังมีโอกาสถูกได้ การกระทำของนายดำจึงไม่ใช่เรื่องที่ไม่อาจบรรลุผลได้อย่างแน่แท้เพราะเหตุแห่งวัตถุตามมาตรา 81 ดำจึงต้องรับผิดฐานพยายามฆ่าทั่วไปตามมาตรา 80

ตัวบทมาตราเต็ม:
มาตรา 80: พยายามกระทำความผิด
ผู้ใดลงมือกระทำความผิดแต่กระทำไปไม่ตลอด หรือกระทำไปตลอดแล้วแต่การกระทำนั้นไม่บรรลุผล ผู้นั้นได้ชื่อว่าพยายามกระทำความผิด
ผู้ใดพยายามกระทำความผิด ต้องระวางโทษสองในสามส่วนของโทษที่กฎหมายกำหนดไว้สำหรับความผิดนั้น

มาตรา 81: มาตราความผิดทางอาญา
ผู้ใดกระทำการโดยมุ่งต่อผลซึ่งกฎหมายบัญญัติเป็นความผิด แต่การกระทำนั้นไม่สามารถจะบรรลุผลได้อย่างแน่แท้ เพราะเหตุปัจจัยซึ่งใช้ในการกระทำหรือเหตุแห่งวัตถุที่มุ่งกระทำต่อ ให้ถือว่าผู้นั้นพยายามกระทำความผิด แต่ให้ลงโทษไม่เกินกึ่งหนึ่งของโทษที่กฎหมายกำหนดไว้สำหรับความผิดนั้น ถ้าการกระทำดังกล่าวในวรรคแรกเกิดขึ้นเนื่องจากความเชื่อถืออันงมงาย ศาลจะไม่ลงโทษเลยก็ได้

มาตรา 288: ความผิดฐานฆ่าผู้อื่น
ผู้ใดฆ่าผู้อื่น ต้องระวางโทษประหารชีวิต จำคุกตลอดชีวิต หรือจำคุกตั้งแต่สิบห้าปีถึงยี่สิบปี",นายดำมีความผิดฐานพยายามฆ่าผู้อื่นตามมาตรา 288 ประกอบมาตรา 80 การที่นายแดงหลบไปนอนที่ระเบียงถือเป็นเรื่องบังเอิญที่นายแดงพ้นภัยชั่วคราว แต่ตราบใดที่นายแดงยังคงอยู่ในบริเวณบ้านกระสุนปืนก็ยังมีโอกาสถูกได้ การกระทำของนายดำจึงไม่ใช่เรื่องที่ไม่อาจบรรลุผลได้อย่างแน่แท้เพราะเหตุแห่งวัตถุตามมาตรา 81 ดำจึงต้องรับผิดฐานพยายามฆ่าทั่วไปตามมาตรา 80,โจทย์นี้อยู่ในหมวดความผิดต่อชีวิต,"มาตราที่ควรพิจารณา: 80, 81, 288

ตัวบทมาตราเต็ม:
มาตรา 80: พยายามกระทำความผิด
ผู้ใดลงมือกระทำความผิดแต่กระทำไปไม่ตลอด หรือกระทำไปตลอดแล้วแต่การกระทำนั้นไม่บรรลุผล ผู้นั้นได้ชื่อว่าพยายามกระทำความผิด
ผู้ใดพยายามกระทำความผิด ต้องระวางโทษสองในสามส่วนของโทษที่กฎหมายกำหนดไว้สำหรับความผิดนั้น

มาตรา 81: มาตราความผิดทางอาญา
ผู้ใดกระทำการโดยมุ่งต่อผลซึ่งกฎหมายบัญญัติเป็นความผิด แต่การกระทำนั้นไม่สามารถจะบรรลุผลได้อย่างแน่แท้ เพราะเหตุปัจจัยซึ่งใช้ในการกระทำหรือเหตุแห่งวัตถุที่มุ่งกระทำต่อ ให้ถือว่าผู้นั้นพยายามกระทำความผิด แต่ให้ลงโทษไม่เกินกึ่งหนึ่งของโทษที่กฎหมายกำหนดไว้สำหรับความผิดนั้น ถ้าการกระทำดังกล่าวในวรรคแรกเกิดขึ้นเนื่องจากความเชื่อถืออันงมงาย ศาลจะไม่ลงโทษเลยก็ได้

มาตรา 288: ความผิดฐานฆ่าผู้อื่น
ผู้ใดฆ่าผู้อื่น ต้องระวางโทษประหารชีวิต จำคุกตลอดชีวิต หรือจำคุกตั้งแต่สิบห้าปีถึงยี่สิบปี",แยกประเด็นเป็นข้อเท็จจริง หลักกฎหมาย การปรับบท และสรุปความรับผิดของแต่ละคน,จับประเด็นข้อเท็จจริงสำคัญ (3 คะแนน) | ระบุหลักกฎหมายและมาตราที่เกี่ยวข้องถูกต้อง (4 คะแนน) | ปรับบทกับข้อเท็จจริงครบถ้วน (6 คะแนน) | สรุปฐานความผิด เหตุยกเว้น หรือผลทางอาญาชัดเจน (2 คะแนน),นำเข้าจาก pasted-text.txt สำหรับวิชา 41216 วันที่ 2026-07-16
q-writing-41216-import-006,ready,41216,2,ความผิดต่อชีวิต,คำถามที่เขียนตอบ,"81, 288",พยายามฆ่าด้วยเครื่องมือไม่อาจบรรลุผล,แดงใช้ปืนเล็งยิงเขียวโดยมีเจตนาฆ่า แต่กระสุนปืนที่แดงใช้เป็นกระสุนซ้อมที่ไม่มีหัวกระสุน (ไม่มีเม็ดกระสุนบรรจุไว้) เขียวจึงไม่ได้รับอันตราย,ให้วินิจฉัยความรับผิดของแดง,"แดงมีความผิดฐานพยายามฆ่าผู้อื่นโดยไม่สามารถบรรลุผลได้อย่างแน่แท้ตามมาตรา 288 ประกอบมาตรา 81 วรรคแรก เนื่องจากแดงมีเจตนาฆ่าและได้ลงมือกระทำไปแล้ว แต่การเลือกใช้กระสุนที่ไม่มีหัวกระสุนบรรจุอยู่ ถือเป็นปัจจัยหรือเครื่องมือที่ใช้ในการกระทำที่ไม่สามารถทำให้เกิดผลคือความตายได้อย่างแน่แท้ กฎหมายจึงลงโทษสถานพยายามตามมาตรา 81

ตัวบทมาตราเต็ม:
มาตรา 81: มาตราความผิดทางอาญา
ผู้ใดกระทำการโดยมุ่งต่อผลซึ่งกฎหมายบัญญัติเป็นความผิด แต่การกระทำนั้นไม่สามารถจะบรรลุผลได้อย่างแน่แท้ เพราะเหตุปัจจัยซึ่งใช้ในการกระทำหรือเหตุแห่งวัตถุที่มุ่งกระทำต่อ ให้ถือว่าผู้นั้นพยายามกระทำความผิด แต่ให้ลงโทษไม่เกินกึ่งหนึ่งของโทษที่กฎหมายกำหนดไว้สำหรับความผิดนั้น ถ้าการกระทำดังกล่าวในวรรคแรกเกิดขึ้นเนื่องจากความเชื่อถืออันงมงาย ศาลจะไม่ลงโทษเลยก็ได้

มาตรา 288: ความผิดฐานฆ่าผู้อื่น
ผู้ใดฆ่าผู้อื่น ต้องระวางโทษประหารชีวิต จำคุกตลอดชีวิต หรือจำคุกตั้งแต่สิบห้าปีถึงยี่สิบปี",แดงมีความผิดฐานพยายามฆ่าผู้อื่นโดยไม่สามารถบรรลุผลได้อย่างแน่แท้ตามมาตรา 288 ประกอบมาตรา 81 วรรคแรก เนื่องจากแดงมีเจตนาฆ่าและได้ลงมือกระทำไปแล้ว แต่การเลือกใช้กระสุนที่ไม่มีหัวกระสุนบรรจุอยู่ ถือเป็นปัจจัยหรือเครื่องมือที่ใช้ในการกระทำที่ไม่สามารถทำให้เกิดผลคือความตายได้อย่างแน่แท้ กฎหมายจึงลงโทษสถานพยายามตามมาตรา 81,โจทย์นี้อยู่ในหมวดความผิดต่อชีวิต,"มาตราที่ควรพิจารณา: 81, 288

ตัวบทมาตราเต็ม:
มาตรา 81: มาตราความผิดทางอาญา
ผู้ใดกระทำการโดยมุ่งต่อผลซึ่งกฎหมายบัญญัติเป็นความผิด แต่การกระทำนั้นไม่สามารถจะบรรลุผลได้อย่างแน่แท้ เพราะเหตุปัจจัยซึ่งใช้ในการกระทำหรือเหตุแห่งวัตถุที่มุ่งกระทำต่อ ให้ถือว่าผู้นั้นพยายามกระทำความผิด แต่ให้ลงโทษไม่เกินกึ่งหนึ่งของโทษที่กฎหมายกำหนดไว้สำหรับความผิดนั้น ถ้าการกระทำดังกล่าวในวรรคแรกเกิดขึ้นเนื่องจากความเชื่อถืออันงมงาย ศาลจะไม่ลงโทษเลยก็ได้

มาตรา 288: ความผิดฐานฆ่าผู้อื่น
ผู้ใดฆ่าผู้อื่น ต้องระวางโทษประหารชีวิต จำคุกตลอดชีวิต หรือจำคุกตั้งแต่สิบห้าปีถึงยี่สิบปี",แยกประเด็นเป็นข้อเท็จจริง หลักกฎหมาย การปรับบท และสรุปความรับผิดของแต่ละคน,จับประเด็นข้อเท็จจริงสำคัญ (3 คะแนน) | ระบุหลักกฎหมายและมาตราที่เกี่ยวข้องถูกต้อง (4 คะแนน) | ปรับบทกับข้อเท็จจริงครบถ้วน (6 คะแนน) | สรุปฐานความผิด เหตุยกเว้น หรือผลทางอาญาชัดเจน (2 คะแนน),นำเข้าจาก pasted-text.txt สำหรับวิชา 41216 วันที่ 2026-07-16
q-writing-41216-import-007,ready,41216,2,ความผิดเกี่ยวกับทรัพย์,คำถามที่เขียนตอบ,"61, 334",สำคัญผิดในทรัพย์ที่ลัก,แดงต้องการขโมยสร้อยคอของดำ เมื่อเห็นสร้อยคอของขาววางอยู่คิดว่าเป็นของดำ แดงจึงหยิบสร้อยคอของขาวไปขาย,ให้วินิจฉัยความรับผิดของแดงต่อขาวและดำ,"1. ความรับผิดของแดงต่อขาว: แดงมีความผิดฐานลักทรัพย์ตามมาตรา 334 แดงรู้ว่าสร้อยคอเป็นทรัพย์ของผู้อื่นและมีเจตนาเอาไปโดยทุจริต แดงจะยกเอาความสำคัญผิดว่าคิดว่าสร้อยคอเป็นของดำมาเป็นข้อแก้ตัวว่าไม่มีเจตนาลักทรัพย์ของขาวไม่ได้ตามมาตรา 61
2. ความรับผิดของแดงต่อดำ: แดงไม่ต้องรับผิดใดๆ ต่อดำหรือทรัพย์สินของดำ เนื่องจากเจตนาลักทรัพย์ของแดงได้มุ่งตรงและกระทำต่อสร้อยคอของขาวจนเสร็จสิ้นไปแล้ว

ตัวบทมาตราเต็ม:
มาตรา 61: การสำคัญผิดในตัวบุคคล
ผู้ใดเจตนาจะกระทำต่อบุคคลหนึ่ง แต่ได้กระทำต่ออีกบุคคลหนึ่งโดยสำคัญผิด ผู้ใดจะยกเอาความสำคัญผิดเป็นข้อแก้ตัวว่ามิได้กระทำโดยเจตนาหาได้ไม่

มาตรา 334: ความผิดฐานลักทรัพย์
ผู้ใดเอาทรัพย์ของผู้อื่น หรือที่ผู้อื่นเป็นเจ้าของรวมอยู่ด้วยไปโดยทุจริต ผู้นั้นกระทำความผิดฐานลักทรัพย์ ต้องระวางโทษจำคุกไม่เกินสามปี และปรับไม่เกินหกหมื่นบาท",1. ความรับผิดของแดงต่อขาว: แดงมีความผิดฐานลักทรัพย์ตามมาตรา 334 แดงรู้ว่าสร้อยคอเป็นทรัพย์ของผู้อื่นและมีเจตนาเอาไปโดยทุจริต แดงจะยกเอาความสำคัญผิดว่าคิดว่าสร้อยคอเป็นของดำมาเป็นข้อแก้ตัวว่าไม่มีเจตนาลักทรัพย์ของขาวไม่ได้ตามมาตรา 61 | 2. ความรับผิดของแดงต่อดำ: แดงไม่ต้องรับผิดใดๆ ต่อดำหรือทรัพย์สินของดำ เนื่องจากเจตนาลักทรัพย์ของแดงได้มุ่งตรงและกระทำต่อสร้อยคอของขาวจนเสร็จสิ้นไปแล้ว,โจทย์นี้อยู่ในหมวดความผิดเกี่ยวกับทรัพย์,"มาตราที่ควรพิจารณา: 61, 334

ตัวบทมาตราเต็ม:
มาตรา 61: การสำคัญผิดในตัวบุคคล
ผู้ใดเจตนาจะกระทำต่อบุคคลหนึ่ง แต่ได้กระทำต่ออีกบุคคลหนึ่งโดยสำคัญผิด ผู้ใดจะยกเอาความสำคัญผิดเป็นข้อแก้ตัวว่ามิได้กระทำโดยเจตนาหาได้ไม่

มาตรา 334: ความผิดฐานลักทรัพย์
ผู้ใดเอาทรัพย์ของผู้อื่น หรือที่ผู้อื่นเป็นเจ้าของรวมอยู่ด้วยไปโดยทุจริต ผู้นั้นกระทำความผิดฐานลักทรัพย์ ต้องระวางโทษจำคุกไม่เกินสามปี และปรับไม่เกินหกหมื่นบาท",แยกประเด็นเป็นข้อเท็จจริง หลักกฎหมาย การปรับบท และสรุปความรับผิดของแต่ละคน,จับประเด็นข้อเท็จจริงสำคัญ (3 คะแนน) | ระบุหลักกฎหมายและมาตราที่เกี่ยวข้องถูกต้อง (4 คะแนน) | ปรับบทกับข้อเท็จจริงครบถ้วน (6 คะแนน) | สรุปฐานความผิด เหตุยกเว้น หรือผลทางอาญาชัดเจน (2 คะแนน),นำเข้าจาก pasted-text.txt สำหรับวิชา 41216 วันที่ 2026-07-16
q-writing-41216-import-008,ready,41216,2,ความผิดต่อชีวิต,คำถามที่เขียนตอบ,"80, 82, 289(4), 392",ยับยั้งพยายามฆ่าโดยสมัครใจ,แดงต้องการฆ่าดำ จึงไปดักซุ่มยิงดำที่หน้าบ้าน เมื่อดำเดินออกมา แดงชักปืนออกจากเอวและจ้องเล็งปืนไปที่ดำแล้ว แต่ขณะนั้นแดงเกิดความสงสารดำขึ้นมา จึงเก็บปืนเข้าเอวตามเดิมและไม่ลั่นไก,ให้วินิจฉัยความรับผิดของแดง,"แดงมีความผิดฐานพยายามฆ่าผู้อื่นโดยไตร่ตรองไว้ก่อนตามมาตรา 289(4) ประกอบมาตรา 80 เนื่องจากการชักปืนและเล็งจ้องไปยังเป้าหมายถือเป็นการลงมือกระทำความผิดแล้ว (ขั้นพยายามกระทำไปไม่ตลอด) แต่การที่แดงเปลี่ยนใจเก็บปืนเพราะความสงสาร ถือเป็นการยับยั้งเสียเองโดยสมัครใจตามมาตรา 82 แดงจึงได้รับการยกเว้นโทษในความผิดฐานพยายามฆ่านี้ อย่างไรก็ตาม แดงยังต้องรับโทษฐานทำให้ผู้อื่นตกใจกลัวโดยการขู่เข็ญตามมาตรา 392 ซึ่งเป็นความผิดลหุโทษที่ได้กระทำสำเร็จไปแล้ว

ตัวบทมาตราเต็ม:
มาตรา 80: พยายามกระทำความผิด
ผู้ใดลงมือกระทำความผิดแต่กระทำไปไม่ตลอด หรือกระทำไปตลอดแล้วแต่การกระทำนั้นไม่บรรลุผล ผู้นั้นได้ชื่อว่าพยายามกระทำความผิด
ผู้ใดพยายามกระทำความผิด ต้องระวางโทษสองในสามส่วนของโทษที่กฎหมายกำหนดไว้สำหรับความผิดนั้น

มาตรา 82: มาตราความผิดทางอาญา
ผู้ใดพยายามกระทำความผิด หากยับยั้งเสียเองไม่กระทำการไปให้ตลอด หรือกลับใจแก้ไขไม่ให้การกระทำนั้นบรรลุผล ผู้นั้นไม่ต้องรับโทษสำหรับการพยายามกระทำความผิดนั้น แต่ถ้าการที่ได้กระทำไปแล้วต้องบทกฎหมายที่บัญญัติเป็นความผิด ผู้นั้นต้องรับโทษสำหรับความผิดนั้นๆ

มาตรา 289(4): ความผิดฐานฆ่าผู้อื่น
(4) ฆ่าผู้อื่นโดยไตร่ตรองไว้ก่อน

มาตรา 392: ขู่เข็ญให้ผู้อื่นกลัวหรือตกใจ
ผู้ใดขู่เข็ญผู้อื่นให้กลัวหรือตกใจ โดยการขู่เข็ญ ต้องระวางโทษจำคุกไม่เกินหนึ่งเดือน หรือปรับไม่เกินหนึ่งหมื่นบาท หรือทั้งจำทั้งปรับ",แดงมีความผิดฐานพยายามฆ่าผู้อื่นโดยไตร่ตรองไว้ก่อนตามมาตรา 289(4) ประกอบมาตรา 80 เนื่องจากการชักปืนและเล็งจ้องไปยังเป้าหมายถือเป็นการลงมือกระทำความผิดแล้ว (ขั้นพยายามกระทำไปไม่ตลอด) แต่การที่แดงเปลี่ยนใจเก็บปืนเพราะความสงสาร ถือเป็นการยับยั้งเสียเองโดยสมัครใจตามมาตรา 82 แดงจึงได้รับการยกเว้นโทษในความผิดฐานพยายามฆ่านี้ อย่างไรก็ตาม แดงยังต้องรับโทษฐานทำให้ผู้อื่นตกใจกลัวโดยการขู่เข็ญตามมาตรา 392 ซึ่งเป็นความผิดลหุโทษที่ได้กระทำสำเร็จไปแล้ว,โจทย์นี้อยู่ในหมวดความผิดต่อชีวิต,"มาตราที่ควรพิจารณา: 80, 82, 289(4), 392

ตัวบทมาตราเต็ม:
มาตรา 80: พยายามกระทำความผิด
ผู้ใดลงมือกระทำความผิดแต่กระทำไปไม่ตลอด หรือกระทำไปตลอดแล้วแต่การกระทำนั้นไม่บรรลุผล ผู้นั้นได้ชื่อว่าพยายามกระทำความผิด
ผู้ใดพยายามกระทำความผิด ต้องระวางโทษสองในสามส่วนของโทษที่กฎหมายกำหนดไว้สำหรับความผิดนั้น

มาตรา 82: มาตราความผิดทางอาญา
ผู้ใดพยายามกระทำความผิด หากยับยั้งเสียเองไม่กระทำการไปให้ตลอด หรือกลับใจแก้ไขไม่ให้การกระทำนั้นบรรลุผล ผู้นั้นไม่ต้องรับโทษสำหรับการพยายามกระทำความผิดนั้น แต่ถ้าการที่ได้กระทำไปแล้วต้องบทกฎหมายที่บัญญัติเป็นความผิด ผู้นั้นต้องรับโทษสำหรับความผิดนั้นๆ

มาตรา 289(4): ความผิดฐานฆ่าผู้อื่น
(4) ฆ่าผู้อื่นโดยไตร่ตรองไว้ก่อน

มาตรา 392: ขู่เข็ญให้ผู้อื่นกลัวหรือตกใจ
ผู้ใดขู่เข็ญผู้อื่นให้กลัวหรือตกใจ โดยการขู่เข็ญ ต้องระวางโทษจำคุกไม่เกินหนึ่งเดือน หรือปรับไม่เกินหนึ่งหมื่นบาท หรือทั้งจำทั้งปรับ",แยกประเด็นเป็นข้อเท็จจริง หลักกฎหมาย การปรับบท และสรุปความรับผิดของแต่ละคน,จับประเด็นข้อเท็จจริงสำคัญ (3 คะแนน) | ระบุหลักกฎหมายและมาตราที่เกี่ยวข้องถูกต้อง (4 คะแนน) | ปรับบทกับข้อเท็จจริงครบถ้วน (6 คะแนน) | สรุปฐานความผิด เหตุยกเว้น หรือผลทางอาญาชัดเจน (2 คะแนน),นำเข้าจาก pasted-text.txt สำหรับวิชา 41216 วันที่ 2026-07-16
q-writing-41216-import-009,ready,41216,2,ความผิดเกี่ยวกับอาหารและสาธารณสุข,คำถามที่เขียนตอบ,"80, 236, 289(4)",ตระเตรียมวางยาพิษและปลอมปนอาหาร,แดงต้องการฆ่าดำโดยการให้กินยาพิษ แดงเอายาพิษใส่ในจานอาหารที่วางบนโต๊ะอาหารในบ้านของดำ ก่อนถึงเวลาที่ดำจะมากินอาหาร แดงเกิดสงสารจึงเดินไปหยิบจานอาหารผสมยาพิษนั้นไปเททิ้ง,ให้วินิจฉัยความรับผิดของแดง,"การกระทำของแดงยังอยู่ในขั้นตระเตรียมการฆ่า ยังไม่ถึงขั้นลงมือกระทำความผิด (เนื่องจากยาพิษยังไม่ได้เข้าใกล้ตัวดำหรือยังไม่ได้อยู่ในภาวะที่ดำจะหยิบเข้าปากทันที) แดงจึงไม่มีความผิดฐานพยายามฆ่าดำตามมาตรา 289(4) ประกอบมาตรา 80 และไม่อาจนำมาตรา 82 เรื่องการยับยั้งมาปรับใช้ได้ อย่างไรก็ตาม การที่แดงเอายาพิษใส่ลงในอาหารสำเร็จแล้ว แดงจึงมีความผิดฐานปลอมปนอาหารเพื่อให้อีกบุคคลหนึ่งเสพซึ่งน่าจะเป็นเหตุให้เกิดอันตรายแก่สุขภาพ ตามมาตรา 236 สำเร็จไปแล้ว แดงจึงต้องรับผิดในข้อหาปลอมปนอาหาร

ตัวบทมาตราเต็ม:
มาตรา 80: พยายามกระทำความผิด
ผู้ใดลงมือกระทำความผิดแต่กระทำไปไม่ตลอด หรือกระทำไปตลอดแล้วแต่การกระทำนั้นไม่บรรลุผล ผู้นั้นได้ชื่อว่าพยายามกระทำความผิด
ผู้ใดพยายามกระทำความผิด ต้องระวางโทษสองในสามส่วนของโทษที่กฎหมายกำหนดไว้สำหรับความผิดนั้น

มาตรา 236: มาตราความผิดทางอาญา
ผู้ใดปลอมปนอาหาร ยา หรือเครื่องอุปโภคบริโภคอื่นใด เพื่อบุคคลอื่นเสพหรือใช้ และการปลอมปนนั้นน่าจะเป็นอันตรายแก่สุขภาพอนามัย ต้องระวางโทษจำคุกไม่เกินสามปี หรือปรับไม่เกินหกหมื่นบาท หรือทั้งจำทั้งปรับ

มาตรา 289(4): ความผิดฐานฆ่าผู้อื่น
(4) ฆ่าผู้อื่นโดยไตร่ตรองไว้ก่อน",การกระทำของแดงยังอยู่ในขั้นตระเตรียมการฆ่า ยังไม่ถึงขั้นลงมือกระทำความผิด (เนื่องจากยาพิษยังไม่ได้เข้าใกล้ตัวดำหรือยังไม่ได้อยู่ในภาวะที่ดำจะหยิบเข้าปากทันที) แดงจึงไม่มีความผิดฐานพยายามฆ่าดำตามมาตรา 289(4) ประกอบมาตรา 80 และไม่อาจนำมาตรา 82 เรื่องการยับยั้งมาปรับใช้ได้ อย่างไรก็ตาม การที่แดงเอายาพิษใส่ลงในอาหารสำเร็จแล้ว แดงจึงมีความผิดฐานปลอมปนอาหารเพื่อให้อีกบุคคลหนึ่งเสพซึ่งน่าจะเป็นเหตุให้เกิดอันตรายแก่สุขภาพ ตามมาตรา 236 สำเร็จไปแล้ว แดงจึงต้องรับผิดในข้อหาปลอมปนอาหาร,โจทย์นี้อยู่ในหมวดความผิดเกี่ยวกับอาหารและสาธารณสุข,"มาตราที่ควรพิจารณา: 80, 236, 289(4)

ตัวบทมาตราเต็ม:
มาตรา 80: พยายามกระทำความผิด
ผู้ใดลงมือกระทำความผิดแต่กระทำไปไม่ตลอด หรือกระทำไปตลอดแล้วแต่การกระทำนั้นไม่บรรลุผล ผู้นั้นได้ชื่อว่าพยายามกระทำความผิด
ผู้ใดพยายามกระทำความผิด ต้องระวางโทษสองในสามส่วนของโทษที่กฎหมายกำหนดไว้สำหรับความผิดนั้น

มาตรา 236: มาตราความผิดทางอาญา
ผู้ใดปลอมปนอาหาร ยา หรือเครื่องอุปโภคบริโภคอื่นใด เพื่อบุคคลอื่นเสพหรือใช้ และการปลอมปนนั้นน่าจะเป็นอันตรายแก่สุขภาพอนามัย ต้องระวางโทษจำคุกไม่เกินสามปี หรือปรับไม่เกินหกหมื่นบาท หรือทั้งจำทั้งปรับ

มาตรา 289(4): ความผิดฐานฆ่าผู้อื่น
(4) ฆ่าผู้อื่นโดยไตร่ตรองไว้ก่อน",แยกประเด็นเป็นข้อเท็จจริง หลักกฎหมาย การปรับบท และสรุปความรับผิดของแต่ละคน,จับประเด็นข้อเท็จจริงสำคัญ (3 คะแนน) | ระบุหลักกฎหมายและมาตราที่เกี่ยวข้องถูกต้อง (4 คะแนน) | ปรับบทกับข้อเท็จจริงครบถ้วน (6 คะแนน) | สรุปฐานความผิด เหตุยกเว้น หรือผลทางอาญาชัดเจน (2 คะแนน),นำเข้าจาก pasted-text.txt สำหรับวิชา 41216 วันที่ 2026-07-16
q-writing-41216-import-010,ready,41216,2,ความผิดต่อชีวิต,คำถามที่เขียนตอบ,"80, 82, 289(4)",กลับใจไม่สำเร็จจากความสำคัญผิดเรื่องยาถอนพิษ,แดงต้องการฆ่าดำโดยผสมยาพิษในอาหารให้ดำกิน ดำกินอาหารเข้าไปแล้วนอนชักน้ำลายฟูมปาก แดงเห็นดำทรมานนานแต่ยังไม่ตาย คิดว่ายาพิษอาจน้อยเกินไปจึงเอายาอีกขวดมากรอกปากซ้ำเพื่อเร่งให้ตายเร็วขึ้น แต่ความจริงยาขวดหลังคือยาถอนพิษ ทำให้ดำรอดชีวิต,ให้วินิจฉัยความรับผิดของแดง,"แดงมีความผิดฐานพยายามฆ่าผู้อื่นโดยไตร่ตรองไว้ก่อนตามมาตรา 289(4) ประกอบมาตรา 80 การที่ดำรอดชีวิตไม่ได้เกิดจากการที่แดงกลับใจช่วยเหลือโดยสมัครใจ แต่เกิดจากความสำคัญผิดของแดงที่เอายาถอนพิษมากรอกปากโดยคิดว่าเป็นยาพิษซ้ำ กรณีนี้จึงไม่เข้าข้อยกเว้นโทษตามมาตรา 82 แดงจึงต้องรับโทษฐานพยายามฆ่าโดยไตร่ตรองไว้ก่อนเต็มตามกฎหมาย

ตัวบทมาตราเต็ม:
มาตรา 80: พยายามกระทำความผิด
ผู้ใดลงมือกระทำความผิดแต่กระทำไปไม่ตลอด หรือกระทำไปตลอดแล้วแต่การกระทำนั้นไม่บรรลุผล ผู้นั้นได้ชื่อว่าพยายามกระทำความผิด
ผู้ใดพยายามกระทำความผิด ต้องระวางโทษสองในสามส่วนของโทษที่กฎหมายกำหนดไว้สำหรับความผิดนั้น

มาตรา 82: มาตราความผิดทางอาญา
ผู้ใดพยายามกระทำความผิด หากยับยั้งเสียเองไม่กระทำการไปให้ตลอด หรือกลับใจแก้ไขไม่ให้การกระทำนั้นบรรลุผล ผู้นั้นไม่ต้องรับโทษสำหรับการพยายามกระทำความผิดนั้น แต่ถ้าการที่ได้กระทำไปแล้วต้องบทกฎหมายที่บัญญัติเป็นความผิด ผู้นั้นต้องรับโทษสำหรับความผิดนั้นๆ

มาตรา 289(4): ความผิดฐานฆ่าผู้อื่น
(4) ฆ่าผู้อื่นโดยไตร่ตรองไว้ก่อน",แดงมีความผิดฐานพยายามฆ่าผู้อื่นโดยไตร่ตรองไว้ก่อนตามมาตรา 289(4) ประกอบมาตรา 80 การที่ดำรอดชีวิตไม่ได้เกิดจากการที่แดงกลับใจช่วยเหลือโดยสมัครใจ แต่เกิดจากความสำคัญผิดของแดงที่เอายาถอนพิษมากรอกปากโดยคิดว่าเป็นยาพิษซ้ำ กรณีนี้จึงไม่เข้าข้อยกเว้นโทษตามมาตรา 82 แดงจึงต้องรับโทษฐานพยายามฆ่าโดยไตร่ตรองไว้ก่อนเต็มตามกฎหมาย,โจทย์นี้อยู่ในหมวดความผิดต่อชีวิต,"มาตราที่ควรพิจารณา: 80, 82, 289(4)

ตัวบทมาตราเต็ม:
มาตรา 80: พยายามกระทำความผิด
ผู้ใดลงมือกระทำความผิดแต่กระทำไปไม่ตลอด หรือกระทำไปตลอดแล้วแต่การกระทำนั้นไม่บรรลุผล ผู้นั้นได้ชื่อว่าพยายามกระทำความผิด
ผู้ใดพยายามกระทำความผิด ต้องระวางโทษสองในสามส่วนของโทษที่กฎหมายกำหนดไว้สำหรับความผิดนั้น

มาตรา 82: มาตราความผิดทางอาญา
ผู้ใดพยายามกระทำความผิด หากยับยั้งเสียเองไม่กระทำการไปให้ตลอด หรือกลับใจแก้ไขไม่ให้การกระทำนั้นบรรลุผล ผู้นั้นไม่ต้องรับโทษสำหรับการพยายามกระทำความผิดนั้น แต่ถ้าการที่ได้กระทำไปแล้วต้องบทกฎหมายที่บัญญัติเป็นความผิด ผู้นั้นต้องรับโทษสำหรับความผิดนั้นๆ

มาตรา 289(4): ความผิดฐานฆ่าผู้อื่น
(4) ฆ่าผู้อื่นโดยไตร่ตรองไว้ก่อน",แยกประเด็นเป็นข้อเท็จจริง หลักกฎหมาย การปรับบท และสรุปความรับผิดของแต่ละคน,จับประเด็นข้อเท็จจริงสำคัญ (3 คะแนน) | ระบุหลักกฎหมายและมาตราที่เกี่ยวข้องถูกต้อง (4 คะแนน) | ปรับบทกับข้อเท็จจริงครบถ้วน (6 คะแนน) | สรุปฐานความผิด เหตุยกเว้น หรือผลทางอาญาชัดเจน (2 คะแนน),นำเข้าจาก pasted-text.txt สำหรับวิชา 41216 วันที่ 2026-07-16
q-writing-41216-import-011,ready,41216,2,ความผิดต่อชีวิต,คำถามที่เขียนตอบ,"80, 82, 298",แดงต้องการฆ่าดำ จึงลวงดำเข้าไปในป่าลึกและใช้ปืนย...,แดงต้องการฆ่าดำ จึงลวงดำเข้าไปในป่าลึกและใช้ปืนยิงดำจนได้รับอันตรายสาหัสปางตาย ต่อมาแดงเกิดสงสารจึงอุ้มดำออกจากป่าไปส่งโรงพยาบาลให้แพทย์รักษาจนดำรอดชีวิต,ให้วินิจฉัยความรับผิดของแดง,"แดงได้ลงมือกระทำความผิดไปตลอดแล้วแต่ผลไม่บรรลุผล ถือเป็นความผิดฐานพยายามฆ่าผู้อื่นโดยไตร่ตรองไว้ก่อน แต่การที่แดงกลับใจช่วยเหลือพาตัวส่งโรงพยาบาลจนดำไม่ตาย ถือเป็นการกลับใจแก้ไขไม่ให้การกระทำนั้นบรรลุผลโดยสมัครใจตามมาตรา 82 แดงจึงได้รับการยกเว้นโทษสำหรับความผิดฐานพยายามฆ่าตามมาตรา 289(4) ประกอบ 80 แต่แดงยังคงต้องรับโทษในความผิดฐานทำร้ายร่างกายผู้อื่นจนได้รับอันตรายสาหัสตามมาตรา 298 ซึ่งเป็นความผิดที่ได้กระทำสำเร็จไปแล้วตามตอนท้ายของมาตรา 82

ตัวบทมาตราเต็ม:
มาตรา 80: พยายามกระทำความผิด
ผู้ใดลงมือกระทำความผิดแต่กระทำไปไม่ตลอด หรือกระทำไปตลอดแล้วแต่การกระทำนั้นไม่บรรลุผล ผู้นั้นได้ชื่อว่าพยายามกระทำความผิด
ผู้ใดพยายามกระทำความผิด ต้องระวางโทษสองในสามส่วนของโทษที่กฎหมายกำหนดไว้สำหรับความผิดนั้น

มาตรา 82: มาตราความผิดทางอาญา
ผู้ใดพยายามกระทำความผิด หากยับยั้งเสียเองไม่กระทำการไปให้ตลอด หรือกลับใจแก้ไขไม่ให้การกระทำนั้นบรรลุผล ผู้นั้นไม่ต้องรับโทษสำหรับการพยายามกระทำความผิดนั้น แต่ถ้าการที่ได้กระทำไปแล้วต้องบทกฎหมายที่บัญญัติเป็นความผิด ผู้นั้นต้องรับโทษสำหรับความผิดนั้นๆ

มาตรา 298: มาตราความผิดทางอาญา
ผู้ใดกระทำความผิดตามมาตรา 297 ถ้าความผิดนั้นมีลักษณะประการหนึ่งประการใดดังที่บัญญัติไว้ในมาตรา 289 ต้องระวางโทษจำคุกตั้งแต่สองปีถึงสิบปี และปรับตั้งแต่สี่หมื่นบาทถึงสองแสนบาท",แดงได้ลงมือกระทำความผิดไปตลอดแล้วแต่ผลไม่บรรลุผล ถือเป็นความผิดฐานพยายามฆ่าผู้อื่นโดยไตร่ตรองไว้ก่อน แต่การที่แดงกลับใจช่วยเหลือพาตัวส่งโรงพยาบาลจนดำไม่ตาย ถือเป็นการกลับใจแก้ไขไม่ให้การกระทำนั้นบรรลุผลโดยสมัครใจตามมาตรา 82 แดงจึงได้รับการยกเว้นโทษสำหรับความผิดฐานพยายามฆ่าตามมาตรา 289(4) ประกอบ 80 แต่แดงยังคงต้องรับโทษในความผิดฐานทำร้ายร่างกายผู้อื่นจนได้รับอันตรายสาหัสตามมาตรา 298 ซึ่งเป็นความผิดที่ได้กระทำสำเร็จไปแล้วตามตอนท้ายของมาตรา 82,โจทย์นี้อยู่ในหมวดความผิดต่อชีวิต,"มาตราที่ควรพิจารณา: 80, 82, 298

ตัวบทมาตราเต็ม:
มาตรา 80: พยายามกระทำความผิด
ผู้ใดลงมือกระทำความผิดแต่กระทำไปไม่ตลอด หรือกระทำไปตลอดแล้วแต่การกระทำนั้นไม่บรรลุผล ผู้นั้นได้ชื่อว่าพยายามกระทำความผิด
ผู้ใดพยายามกระทำความผิด ต้องระวางโทษสองในสามส่วนของโทษที่กฎหมายกำหนดไว้สำหรับความผิดนั้น

มาตรา 82: มาตราความผิดทางอาญา
ผู้ใดพยายามกระทำความผิด หากยับยั้งเสียเองไม่กระทำการไปให้ตลอด หรือกลับใจแก้ไขไม่ให้การกระทำนั้นบรรลุผล ผู้นั้นไม่ต้องรับโทษสำหรับการพยายามกระทำความผิดนั้น แต่ถ้าการที่ได้กระทำไปแล้วต้องบทกฎหมายที่บัญญัติเป็นความผิด ผู้นั้นต้องรับโทษสำหรับความผิดนั้นๆ

มาตรา 298: มาตราความผิดทางอาญา
ผู้ใดกระทำความผิดตามมาตรา 297 ถ้าความผิดนั้นมีลักษณะประการหนึ่งประการใดดังที่บัญญัติไว้ในมาตรา 289 ต้องระวางโทษจำคุกตั้งแต่สองปีถึงสิบปี และปรับตั้งแต่สี่หมื่นบาทถึงสองแสนบาท",แยกประเด็นเป็นข้อเท็จจริง หลักกฎหมาย การปรับบท และสรุปความรับผิดของแต่ละคน,จับประเด็นข้อเท็จจริงสำคัญ (3 คะแนน) | ระบุหลักกฎหมายและมาตราที่เกี่ยวข้องถูกต้อง (4 คะแนน) | ปรับบทกับข้อเท็จจริงครบถ้วน (6 คะแนน) | สรุปฐานความผิด เหตุยกเว้น หรือผลทางอาญาชัดเจน (2 คะแนน),นำเข้าจาก pasted-text.txt สำหรับวิชา 41216 วันที่ 2026-07-16
q-writing-41216-import-012,ready,41216,2,ความผิดต่อชีวิต,คำถามที่เขียนตอบ,"80, 288",ดำใช้ปืนยิงไปที่ศีรษะของแดงอันเป็นอวัยวะสำคัญ กร...,ดำใช้ปืนยิงไปที่ศีรษะของแดงอันเป็นอวัยวะสำคัญ กระสุนปืนเฉี่ยวเส้นผมของแดงไปเพียง 1 เส้น โดยแดงไม่ได้รับบาดเจ็บ,ให้วินิจฉัยความรับผิดของดำ,"การใช้ปืนยิงไปยังศีรษะแสดงว่าดำมีเจตนาฆ่าแดงตามมาตรา 288 การที่กระสุนเฉี่ยวเพียงเส้นผมถือว่าดำได้ลงมือกระทำความผิดไปตลอดแล้วแต่การกระทำนั้นไม่บรรลุผล ดำจึงมีความผิดฐานพยายามฆ่าผู้อื่นตามประมวลกฎหมายอาญา มาตรา 288 ประกอบมาตรา 80

ตัวบทมาตราเต็ม:
มาตรา 80: พยายามกระทำความผิด
ผู้ใดลงมือกระทำความผิดแต่กระทำไปไม่ตลอด หรือกระทำไปตลอดแล้วแต่การกระทำนั้นไม่บรรลุผล ผู้นั้นได้ชื่อว่าพยายามกระทำความผิด
ผู้ใดพยายามกระทำความผิด ต้องระวางโทษสองในสามส่วนของโทษที่กฎหมายกำหนดไว้สำหรับความผิดนั้น

มาตรา 288: ความผิดฐานฆ่าผู้อื่น
ผู้ใดฆ่าผู้อื่น ต้องระวางโทษประหารชีวิต จำคุกตลอดชีวิต หรือจำคุกตั้งแต่สิบห้าปีถึงยี่สิบปี",การใช้ปืนยิงไปยังศีรษะแสดงว่าดำมีเจตนาฆ่าแดงตามมาตรา 288 การที่กระสุนเฉี่ยวเพียงเส้นผมถือว่าดำได้ลงมือกระทำความผิดไปตลอดแล้วแต่การกระทำนั้นไม่บรรลุผล ดำจึงมีความผิดฐานพยายามฆ่าผู้อื่นตามประมวลกฎหมายอาญา มาตรา 288 ประกอบมาตรา 80,โจทย์นี้อยู่ในหมวดความผิดต่อชีวิต,"มาตราที่ควรพิจารณา: 80, 288

ตัวบทมาตราเต็ม:
มาตรา 80: พยายามกระทำความผิด
ผู้ใดลงมือกระทำความผิดแต่กระทำไปไม่ตลอด หรือกระทำไปตลอดแล้วแต่การกระทำนั้นไม่บรรลุผล ผู้นั้นได้ชื่อว่าพยายามกระทำความผิด
ผู้ใดพยายามกระทำความผิด ต้องระวางโทษสองในสามส่วนของโทษที่กฎหมายกำหนดไว้สำหรับความผิดนั้น

มาตรา 288: ความผิดฐานฆ่าผู้อื่น
ผู้ใดฆ่าผู้อื่น ต้องระวางโทษประหารชีวิต จำคุกตลอดชีวิต หรือจำคุกตั้งแต่สิบห้าปีถึงยี่สิบปี",แยกประเด็นเป็นข้อเท็จจริง หลักกฎหมาย การปรับบท และสรุปความรับผิดของแต่ละคน,จับประเด็นข้อเท็จจริงสำคัญ (3 คะแนน) | ระบุหลักกฎหมายและมาตราที่เกี่ยวข้องถูกต้อง (4 คะแนน) | ปรับบทกับข้อเท็จจริงครบถ้วน (6 คะแนน) | สรุปฐานความผิด เหตุยกเว้น หรือผลทางอาญาชัดเจน (2 คะแนน),นำเข้าจาก pasted-text.txt สำหรับวิชา 41216 วันที่ 2026-07-16
q-writing-41216-import-013,ready,41216,2,ความผิดต่อชีวิต,คำถามที่เขียนตอบ,"80, 288, 297",ดำใช้ปืนยิงไปที่ศีรษะของแดง แดงไม่ถึงแก่ความตายแ...,ดำใช้ปืนยิงไปที่ศีรษะของแดง แดงไม่ถึงแก่ความตายแต่กระสุนปืนทำลายประสาทตาทำให้แดงตาบอดทั้งสองข้าง,ให้วินิจฉัยความรับผิดของดำ,"ดำมีความผิดฐานพยายามฆ่าผู้อื่นตามมาตรา 288 ประกอบมาตรา 80 เนื่องจากดำมีเจตนาฆ่ามาตั้งแต่แรกเริ่มลงมือ การที่แดงไม่ตายแต่ได้รับบาดเจ็บจนตาบอดเป็นเพียงผลของการพยายามฆ่าที่ไม่บรรลุผล ดำจึงต้องรับผิดฐานพยายามฆ่า ซึ่งมีโทษหนักกว่าและกลืนความผิดฐานทำร้ายร่างกายสาหัสตามมาตรา 297 ไปในตัว โดยไม่เปลี่ยนฐานความผิดเป็นทำร้ายร่างกายสาหัส

ตัวบทมาตราเต็ม:
มาตรา 80: พยายามกระทำความผิด
ผู้ใดลงมือกระทำความผิดแต่กระทำไปไม่ตลอด หรือกระทำไปตลอดแล้วแต่การกระทำนั้นไม่บรรลุผล ผู้นั้นได้ชื่อว่าพยายามกระทำความผิด
ผู้ใดพยายามกระทำความผิด ต้องระวางโทษสองในสามส่วนของโทษที่กฎหมายกำหนดไว้สำหรับความผิดนั้น

มาตรา 288: ความผิดฐานฆ่าผู้อื่น
ผู้ใดฆ่าผู้อื่น ต้องระวางโทษประหารชีวิต จำคุกตลอดชีวิต หรือจำคุกตั้งแต่สิบห้าปีถึงยี่สิบปี

มาตรา 297: ทำร้ายร่างกายสาหัส
ผู้ใดกระทำความผิดฐานทำร้ายร่างกาย จนเป็นเหตุให้ผู้ถูกกระทำร้ายรับอันตรายสาหัส ต้องระวางโทษจำคุกตั้งแต่หกเดือนถึงสิบปี และปรับตั้งแต่หนึ่งหมื่นบาทถึงสองแสนบาท อันตรายสาหัสนั้น คือ (1) ตาบอด หูหนวก ลิ้นขาด หรือเสียฆานประสาท (2) เสียอวัยวะสืบพันธุ์ หรือความสามารถสืบพันธุ์ (3) เสียแขน ขา มือ เท้า นิ้วหรืออวัยวะอื่นใด (4) หน้าเสียโฉมอย่างติดตัว (5) แท้งลูก (6) จิตพิการอย่างติดตัว (7) ทุพพลภาพ หรือเจ็บป่วยเรื้อรังซึ่งอาจถึงตลอดชีวิต (8) ทุพพลภาพหรือเจ็บป่วยด้วยอาการทุกขเวทนาเกินกว่ายี่สิบวัน หรือจนประกอบภารกิจตามปกติไม่ได้เกินกว่ายี่สิบวัน",ดำมีความผิดฐานพยายามฆ่าผู้อื่นตามมาตรา 288 ประกอบมาตรา 80 เนื่องจากดำมีเจตนาฆ่ามาตั้งแต่แรกเริ่มลงมือ การที่แดงไม่ตายแต่ได้รับบาดเจ็บจนตาบอดเป็นเพียงผลของการพยายามฆ่าที่ไม่บรรลุผล ดำจึงต้องรับผิดฐานพยายามฆ่า ซึ่งมีโทษหนักกว่าและกลืนความผิดฐานทำร้ายร่างกายสาหัสตามมาตรา 297 ไปในตัว โดยไม่เปลี่ยนฐานความผิดเป็นทำร้ายร่างกายสาหัส,โจทย์นี้อยู่ในหมวดความผิดต่อชีวิต,"มาตราที่ควรพิจารณา: 80, 288, 297

ตัวบทมาตราเต็ม:
มาตรา 80: พยายามกระทำความผิด
ผู้ใดลงมือกระทำความผิดแต่กระทำไปไม่ตลอด หรือกระทำไปตลอดแล้วแต่การกระทำนั้นไม่บรรลุผล ผู้นั้นได้ชื่อว่าพยายามกระทำความผิด
ผู้ใดพยายามกระทำความผิด ต้องระวางโทษสองในสามส่วนของโทษที่กฎหมายกำหนดไว้สำหรับความผิดนั้น

มาตรา 288: ความผิดฐานฆ่าผู้อื่น
ผู้ใดฆ่าผู้อื่น ต้องระวางโทษประหารชีวิต จำคุกตลอดชีวิต หรือจำคุกตั้งแต่สิบห้าปีถึงยี่สิบปี

มาตรา 297: ทำร้ายร่างกายสาหัส
ผู้ใดกระทำความผิดฐานทำร้ายร่างกาย จนเป็นเหตุให้ผู้ถูกกระทำร้ายรับอันตรายสาหัส ต้องระวางโทษจำคุกตั้งแต่หกเดือนถึงสิบปี และปรับตั้งแต่หนึ่งหมื่นบาทถึงสองแสนบาท อันตรายสาหัสนั้น คือ (1) ตาบอด หูหนวก ลิ้นขาด หรือเสียฆานประสาท (2) เสียอวัยวะสืบพันธุ์ หรือความสามารถสืบพันธุ์ (3) เสียแขน ขา มือ เท้า นิ้วหรืออวัยวะอื่นใด (4) หน้าเสียโฉมอย่างติดตัว (5) แท้งลูก (6) จิตพิการอย่างติดตัว (7) ทุพพลภาพ หรือเจ็บป่วยเรื้อรังซึ่งอาจถึงตลอดชีวิต (8) ทุพพลภาพหรือเจ็บป่วยด้วยอาการทุกขเวทนาเกินกว่ายี่สิบวัน หรือจนประกอบภารกิจตามปกติไม่ได้เกินกว่ายี่สิบวัน",แยกประเด็นเป็นข้อเท็จจริง หลักกฎหมาย การปรับบท และสรุปความรับผิดของแต่ละคน,จับประเด็นข้อเท็จจริงสำคัญ (3 คะแนน) | ระบุหลักกฎหมายและมาตราที่เกี่ยวข้องถูกต้อง (4 คะแนน) | ปรับบทกับข้อเท็จจริงครบถ้วน (6 คะแนน) | สรุปฐานความผิด เหตุยกเว้น หรือผลทางอาญาชัดเจน (2 คะแนน),นำเข้าจาก pasted-text.txt สำหรับวิชา 41216 วันที่ 2026-07-16
q-writing-41216-import-014,ready,41216,2,ความผิดต่อชีวิต,คำถามที่เขียนตอบ,"59 วรรคสี่, 60, 80, 291, 358",นายโตใช้ปืนยิงสุนัขของนายอ้วนแต่กระสุนพลาดไปถูกน...,นายโตใช้ปืนยิงสุนัขของนายอ้วนแต่กระสุนพลาดไปถูกนายใหญ่ซึ่งนั่งคุยกับนายอ้วนอยู่ในบ้านถึงแก่ความตาย,ให้วินิจฉัยความรับผิดทางอาญาของนายโต,"1. ความรับผิดต่อสุนัข (ทรัพย์สิน): นายโตมีเจตนาทำลายสุนัขซึ่งเป็นทรัพย์สินของผู้อื่น เมื่อยิงไม่ถูก นายโตจึงมีความผิดฐานพยายามทำให้เสียทรัพย์ตามมาตรา 358 ประกอบมาตรา 80
2. ความรับผิดต่อนายใหญ่ (บุคคล): นายโตไม่มีเจตนาฆ่านายใหญ่ และกรณีนี้ไม่อาจเป็นศาลฎีกาเรื่องการกระทำโดยพลาดตามมาตรา 60 ได้ เนื่องจากเจตนาเริ่มต้นของนายโตเป็นเจตนาต่อทรัพย์ (สุนัข) พลาดไปเกิดแก่บุคคล (นายใหญ่) ซึ่งเป็นวัตถุต่างประเภทกัน จึงไม่โอนเจตนา อย่างไรก็ตาม การใช้อาวุธปืนยิงในบริเวณบ้านคนถือเป็นการกระทำโดยปราศจากความระมัดระวังซึ่งบุคคลย่อมต้องมีตามวิสัยและพฤติการณ์ นายโตจึงมีความผิดฐานกระทำโดยประมาทเป็นเหตุให้ผู้อื่นถึงแก่ความตายตามมาตรา 291
สรุป: เป็นการกระทำกรรมเดียวผิดกฎหมายหลายบท ให้ลงโทษบทหนักสุดคือฐานกระทำโดยประมาทเป็นเหตุให้ผู้อื่นถึงแก่ความตายตามมาตรา 291

ตัวบทมาตราเต็ม:
มาตรา 59 วรรคสี่: หลักเรื่องเจตนาและความประมาท
กระทำโดยประมาท ได้แก่กระทำความผิดมิใช่โดยเจตนา แต่กระทำโดยปราศจากความระมัดระวังซึ่งบุคคลในภาวะเช่นนั้นจักต้องมีตามวิสัยและพฤติการณ์ และผู้กระทำอาจใช้ความระมัดระวังเช่นนั้นได้ แต่หาได้ใช้ให้เพียงพอไม่

มาตรา 60: การกระทำโดยพลาด
ผู้ใดเจตนาจะกระทำต่อบุคคลหนึ่ง แต่ผลของการกระทำไปเกิดแก่ข้อมูลอีกบุคคลหนึ่งโดยพลาดไป ให้ถือว่าผู้กระทำได้กระทำโดยเจตนาต่อบุคคลซึ่งได้รับผลร้ายจากการกระทำนั้น แต่ในกรณีที่กฎหมายบัญญัติให้ลงโทษหนักขึ้นเพราะฐานะของบุคคลหรือเพราะความสัมพันธ์ระหว่างผู้กระทำกับบุคคลผู้ได้รับผลร้าย มิให้นำกฎหมายนั้นมาใช้บังคับเพื่อลงโทษผู้กระทำให้หนักขึ้น

มาตรา 80: พยายามกระทำความผิด
ผู้ใดลงมือกระทำความผิดแต่กระทำไปไม่ตลอด หรือกระทำไปตลอดแล้วแต่การกระทำนั้นไม่บรรลุผล ผู้นั้นได้ชื่อว่าพยายามกระทำความผิด
ผู้ใดพยายามกระทำความผิด ต้องระวางโทษสองในสามส่วนของโทษที่กฎหมายกำหนดไว้สำหรับความผิดนั้น

มาตรา 291: มาตราความผิดทางอาญา
ผู้ใดกระทำโดยประมาท และการกระทำนั้นเป็นเหตุให้ผู้อื่นถึงแก่ความตาย ต้องระวางโทษจำคุกไม่เกินสิบปี และปรับไม่เกินสองแสนบาท

มาตรา 358: ความผิดฐานทำให้เสียทรัพย์
ผู้ใดทำให้เสียหาย ทำลาย ทำให้เสื่อมค่าหรือทำให้ไร้ประโยชน์ ซึ่งทรัพย์ของผู้อื่นหรือผู้อื่นเป็นเจ้าของรวมอยู่ด้วย ผู้นั้นกระทำความผิดฐานทำให้เสียทรัพย์ ต้องระวางโทษจำคุกไม่เกินสามปี หรือปรับไม่เกินหกหมื่นบาท หรือทั้งจำทั้งปรับ",1. ความรับผิดต่อสุนัข (ทรัพย์สิน): นายโตมีเจตนาทำลายสุนัขซึ่งเป็นทรัพย์สินของผู้อื่น เมื่อยิงไม่ถูก นายโตจึงมีความผิดฐานพยายามทำให้เสียทรัพย์ตามมาตรา 358 ประกอบมาตรา 80 | 2. ความรับผิดต่อนายใหญ่ (บุคคล): นายโตไม่มีเจตนาฆ่านายใหญ่ และกรณีนี้ไม่อาจเป็นศาลฎีกาเรื่องการกระทำโดยพลาดตามมาตรา 60 ได้ เนื่องจากเจตนาเริ่มต้นของนายโตเป็นเจตนาต่อทรัพย์ (สุนัข) พลาดไปเกิดแก่บุคคล (นายใหญ่) ซึ่งเป็นวัตถุต่างประเภทกัน จึงไม่โอนเจตนา อย่างไรก็ตาม การใช้อาวุธปืนยิงในบริเวณบ้านคนถือเป็นการกระทำโดยปราศจากความระมัดระวังซึ่งบุคคลย่อมต้องมีตามวิสัยและพฤติการณ์ นายโตจึงมีความผิดฐานกระทำโดยประมาทเป็นเหตุให้ผู้อื่นถึงแก่ความตายตามมาตรา 291 | สรุป: เป็นการกระทำกรรมเดียวผิดกฎหมายหลายบท ให้ลงโทษบทหนักสุดคือฐานกระทำโดยประมาทเป็นเหตุให้ผู้อื่นถึงแก่ความตายตามมาตรา 291,โจทย์นี้อยู่ในหมวดความผิดต่อชีวิต,"มาตราที่ควรพิจารณา: 59 วรรคสี่, 60, 80, 291, 358

ตัวบทมาตราเต็ม:
มาตรา 59 วรรคสี่: หลักเรื่องเจตนาและความประมาท
กระทำโดยประมาท ได้แก่กระทำความผิดมิใช่โดยเจตนา แต่กระทำโดยปราศจากความระมัดระวังซึ่งบุคคลในภาวะเช่นนั้นจักต้องมีตามวิสัยและพฤติการณ์ และผู้กระทำอาจใช้ความระมัดระวังเช่นนั้นได้ แต่หาได้ใช้ให้เพียงพอไม่

มาตรา 60: การกระทำโดยพลาด
ผู้ใดเจตนาจะกระทำต่อบุคคลหนึ่ง แต่ผลของการกระทำไปเกิดแก่ข้อมูลอีกบุคคลหนึ่งโดยพลาดไป ให้ถือว่าผู้กระทำได้กระทำโดยเจตนาต่อบุคคลซึ่งได้รับผลร้ายจากการกระทำนั้น แต่ในกรณีที่กฎหมายบัญญัติให้ลงโทษหนักขึ้นเพราะฐานะของบุคคลหรือเพราะความสัมพันธ์ระหว่างผู้กระทำกับบุคคลผู้ได้รับผลร้าย มิให้นำกฎหมายนั้นมาใช้บังคับเพื่อลงโทษผู้กระทำให้หนักขึ้น

มาตรา 80: พยายามกระทำความผิด
ผู้ใดลงมือกระทำความผิดแต่กระทำไปไม่ตลอด หรือกระทำไปตลอดแล้วแต่การกระทำนั้นไม่บรรลุผล ผู้นั้นได้ชื่อว่าพยายามกระทำความผิด
ผู้ใดพยายามกระทำความผิด ต้องระวางโทษสองในสามส่วนของโทษที่กฎหมายกำหนดไว้สำหรับความผิดนั้น

มาตรา 291: มาตราความผิดทางอาญา
ผู้ใดกระทำโดยประมาท และการกระทำนั้นเป็นเหตุให้ผู้อื่นถึงแก่ความตาย ต้องระวางโทษจำคุกไม่เกินสิบปี และปรับไม่เกินสองแสนบาท

มาตรา 358: ความผิดฐานทำให้เสียทรัพย์
ผู้ใดทำให้เสียหาย ทำลาย ทำให้เสื่อมค่าหรือทำให้ไร้ประโยชน์ ซึ่งทรัพย์ของผู้อื่นหรือผู้อื่นเป็นเจ้าของรวมอยู่ด้วย ผู้นั้นกระทำความผิดฐานทำให้เสียทรัพย์ ต้องระวางโทษจำคุกไม่เกินสามปี หรือปรับไม่เกินหกหมื่นบาท หรือทั้งจำทั้งปรับ",แยกประเด็นเป็นข้อเท็จจริง หลักกฎหมาย การปรับบท และสรุปความรับผิดของแต่ละคน,จับประเด็นข้อเท็จจริงสำคัญ (3 คะแนน) | ระบุหลักกฎหมายและมาตราที่เกี่ยวข้องถูกต้อง (4 คะแนน) | ปรับบทกับข้อเท็จจริงครบถ้วน (6 คะแนน) | สรุปฐานความผิด เหตุยกเว้น หรือผลทางอาญาชัดเจน (2 คะแนน),นำเข้าจาก pasted-text.txt สำหรับวิชา 41216 วันที่ 2026-07-16
q-writing-41216-import-015,ready,41216,2,ความผิดต่อชีวิต,คำถามที่เขียนตอบ,"59, 291",มะโรงเอาอาวุธปืนพกออกมาทำความสะอาด เสร็จแล้วยกปื...,มะโรงเอาอาวุธปืนพกออกมาทำความสะอาด เสร็จแล้วยกปืนเล็งไปยังมะเส็งเพื่อหยอกล้อ โดยเข้าใจเอาเองว่าไม่มีกระสุนค้างอยู่ในลูกโม่ เมื่อเหนี่ยวไกปืน ปรากฏว่ามีกระสุนค้างอยู่ 1 นัด ปืนจึงลั่นถูกมะเส็งถึงแก่ความตาย,ข้อหาฆ่าผู้อื่นโดยเจตนาถูกต้องหรือไม่ และมะโรงต้องรับผิดอย่างไร,"ข้อหาฆ่าผู้อื่นโดยเจตนาไม่ถูกต้อง เนื่องจากมะเส็งยกปืนเล็งเพื่อล้อเล่น ย่อมแสดงว่าไม่มีเจตนาฆ่าโดยประสงค์ต่อผลหรือเล็งเห็นผลตามมาตรา 59 วรรคสอง แต่อย่างไรก็ตาม การถืออาวุธปืนซึ่งเป็นวัตถุอันตรายเล็งใส่ผู้อื่นโดยไม่ตรวจตรากระสุนให้รอบคอบ ถือเป็นการกระทำโดยปราศจากความระมัดระวังซึ่งบุคคลในภาวะเช่นนั้นจักต้องมีตามวิสัยและพฤติการณ์ มะโรงจึงมีความผิดฐานกระทำโดยประมาทเป็นเหตุให้ผู้อื่นถึงแก่ความตายตามมาตรา 291

ตัวบทมาตราเต็ม:
มาตรา 59: หลักเรื่องเจตนาและความประมาท
บุคคลจะต้องรับผิดในทางอาญาก็ต่อเมื่อได้กระทำโดยเจตนา เว้นแต่จะได้กระทำโดยประมาท ในกรณีที่กฎหมายบัญญัติไว้โดยชัดแจ้งให้ต้องรับผิดเมื่อได้กระทำโดยประมาท หรือเว้นแต่ในกรณีที่กฎหมายบัญญัติไว้โดยชัดแจ้งให้ต้องรับผิดแม้ได้กระทำโดยไม่มีเจตนา
กระทำโดยเจตนา ได้แก่กระทำโดยรู้สำนึกในการที่กระทำและในขณะเดียวกันผู้กระทำประสงค์ต่อผล หรือย่อมเล็งเห็นผลของการกระทำนั้น
ถ้าผู้กระทำมิได้รู้ข้อเท็จจริงอันเป็นองค์ประกอบของความผิด จะถือว่าผู้กระทำประสงค์ต่อผล หรือย่อมเล็งเห็นผลของการกระทำนั้นมิได้
กระทำโดยประมาท ได้แก่กระทำความผิดมิใช่โดยเจตนา แต่กระทำโดยปราศจากความระมัดระวังซึ่งบุคคลในภาวะเช่นนั้นจักต้องมีตามวิสัยและพฤติการณ์ และผู้กระทำอาจใช้ความระมัดระวังเช่นนั้นได้ แต่หาได้ใช้ให้เพียงพอไม่
การกระทำ ให้หมายความรวมถึงการให้เกิดผลอันหนึ่งอันใดขึ้นโดยงดเว้นการที่จักต้องกระทำเพื่อป้องกันผลนั้นด้วย

มาตรา 291: มาตราความผิดทางอาญา
ผู้ใดกระทำโดยประมาท และการกระทำนั้นเป็นเหตุให้ผู้อื่นถึงแก่ความตาย ต้องระวางโทษจำคุกไม่เกินสิบปี และปรับไม่เกินสองแสนบาท",ข้อหาฆ่าผู้อื่นโดยเจตนาไม่ถูกต้อง เนื่องจากมะเส็งยกปืนเล็งเพื่อล้อเล่น ย่อมแสดงว่าไม่มีเจตนาฆ่าโดยประสงค์ต่อผลหรือเล็งเห็นผลตามมาตรา 59 วรรคสอง แต่อย่างไรก็ตาม การถืออาวุธปืนซึ่งเป็นวัตถุอันตรายเล็งใส่ผู้อื่นโดยไม่ตรวจตรากระสุนให้รอบคอบ ถือเป็นการกระทำโดยปราศจากความระมัดระวังซึ่งบุคคลในภาวะเช่นนั้นจักต้องมีตามวิสัยและพฤติการณ์ มะโรงจึงมีความผิดฐานกระทำโดยประมาทเป็นเหตุให้ผู้อื่นถึงแก่ความตายตามมาตรา 291,โจทย์นี้อยู่ในหมวดความผิดต่อชีวิต,"มาตราที่ควรพิจารณา: 59, 291

ตัวบทมาตราเต็ม:
มาตรา 59: หลักเรื่องเจตนาและความประมาท
บุคคลจะต้องรับผิดในทางอาญาก็ต่อเมื่อได้กระทำโดยเจตนา เว้นแต่จะได้กระทำโดยประมาท ในกรณีที่กฎหมายบัญญัติไว้โดยชัดแจ้งให้ต้องรับผิดเมื่อได้กระทำโดยประมาท หรือเว้นแต่ในกรณีที่กฎหมายบัญญัติไว้โดยชัดแจ้งให้ต้องรับผิดแม้ได้กระทำโดยไม่มีเจตนา
กระทำโดยเจตนา ได้แก่กระทำโดยรู้สำนึกในการที่กระทำและในขณะเดียวกันผู้กระทำประสงค์ต่อผล หรือย่อมเล็งเห็นผลของการกระทำนั้น
ถ้าผู้กระทำมิได้รู้ข้อเท็จจริงอันเป็นองค์ประกอบของความผิด จะถือว่าผู้กระทำประสงค์ต่อผล หรือย่อมเล็งเห็นผลของการกระทำนั้นมิได้
กระทำโดยประมาท ได้แก่กระทำความผิดมิใช่โดยเจตนา แต่กระทำโดยปราศจากความระมัดระวังซึ่งบุคคลในภาวะเช่นนั้นจักต้องมีตามวิสัยและพฤติการณ์ และผู้กระทำอาจใช้ความระมัดระวังเช่นนั้นได้ แต่หาได้ใช้ให้เพียงพอไม่
การกระทำ ให้หมายความรวมถึงการให้เกิดผลอันหนึ่งอันใดขึ้นโดยงดเว้นการที่จักต้องกระทำเพื่อป้องกันผลนั้นด้วย

มาตรา 291: มาตราความผิดทางอาญา
ผู้ใดกระทำโดยประมาท และการกระทำนั้นเป็นเหตุให้ผู้อื่นถึงแก่ความตาย ต้องระวางโทษจำคุกไม่เกินสิบปี และปรับไม่เกินสองแสนบาท",แยกประเด็นเป็นข้อเท็จจริง หลักกฎหมาย การปรับบท และสรุปความรับผิดของแต่ละคน,จับประเด็นข้อเท็จจริงสำคัญ (3 คะแนน) | ระบุหลักกฎหมายและมาตราที่เกี่ยวข้องถูกต้อง (4 คะแนน) | ปรับบทกับข้อเท็จจริงครบถ้วน (6 คะแนน) | สรุปฐานความผิด เหตุยกเว้น หรือผลทางอาญาชัดเจน (2 คะแนน),นำเข้าจาก pasted-text.txt สำหรับวิชา 41216 วันที่ 2026-07-16
q-writing-41216-import-016,ready,41216,2,ความผิดต่อชีวิต,คำถามที่เขียนตอบ,"59 วรรคสาม, 61, 288",นายสมชายต้องการฆ่านายสมศักดิ์คู่อริ ในความมืดเห็...,นายสมชายต้องการฆ่านายสมศักดิ์คู่อริ ในความมืดเห็นนายดำเจ้าพนักงานตำรวจกำลังเดินปฏิบัติหน้าที่อยู่ นายสมชายคิดว่าเป็นนายสมศักดิ์จึงใช้ปืนยิงนายดำจนถึงแก่ความตาย,นายสมชายต้องรับผิดทางอาญาอย่างไร,"นายสมชายมีความผิดฐานฆ่าผู้อื่นโดยเจตนาตามมาตรา 288 นายสมชายจะยกเอาความสำคัญผิดในตัวบุคคลว่าคิดว่านายดำเป็นนายสมศักดิ์มาแก้ตัวว่าไม่มีเจตนาฆ่านายดำไม่ได้ตามมาตรา 61 ส่วนกรณีฐานะพิเศษของนายดำที่เป็นเจ้าพนักงานตำรวจปฏิบัติหน้าที่ (ซึ่งหากฆ่าจะมีโทษหนักขึ้นตามมาตรา 289) เนื่องจากนายสมชายไม่รู้ข้อเท็จจริงในขณะกระทำว่านายดำเป็นตำรวจ จึงไม่อาจนำฐานะพิเศษมารับโทษหนักขึ้นได้ ให้ลงโทษสมชายในฐานฆ่าบุคคลธรรมดาตามมาตรา 288

ตัวบทมาตราเต็ม:
มาตรา 59 วรรคสาม: หลักเรื่องเจตนาและความประมาท
ถ้าผู้กระทำมิได้รู้ข้อเท็จจริงอันเป็นองค์ประกอบของความผิด จะถือว่าผู้กระทำประสงค์ต่อผล หรือย่อมเล็งเห็นผลของการกระทำนั้นมิได้

มาตรา 61: การสำคัญผิดในตัวบุคคล
ผู้ใดเจตนาจะกระทำต่อบุคคลหนึ่ง แต่ได้กระทำต่ออีกบุคคลหนึ่งโดยสำคัญผิด ผู้ใดจะยกเอาความสำคัญผิดเป็นข้อแก้ตัวว่ามิได้กระทำโดยเจตนาหาได้ไม่

มาตรา 288: ความผิดฐานฆ่าผู้อื่น
ผู้ใดฆ่าผู้อื่น ต้องระวางโทษประหารชีวิต จำคุกตลอดชีวิต หรือจำคุกตั้งแต่สิบห้าปีถึงยี่สิบปี",นายสมชายมีความผิดฐานฆ่าผู้อื่นโดยเจตนาตามมาตรา 288 นายสมชายจะยกเอาความสำคัญผิดในตัวบุคคลว่าคิดว่านายดำเป็นนายสมศักดิ์มาแก้ตัวว่าไม่มีเจตนาฆ่านายดำไม่ได้ตามมาตรา 61 ส่วนกรณีฐานะพิเศษของนายดำที่เป็นเจ้าพนักงานตำรวจปฏิบัติหน้าที่ (ซึ่งหากฆ่าจะมีโทษหนักขึ้นตามมาตรา 289) เนื่องจากนายสมชายไม่รู้ข้อเท็จจริงในขณะกระทำว่านายดำเป็นตำรวจ จึงไม่อาจนำฐานะพิเศษมารับโทษหนักขึ้นได้ ให้ลงโทษสมชายในฐานฆ่าบุคคลธรรมดาตามมาตรา 288,โจทย์นี้อยู่ในหมวดความผิดต่อชีวิต,"มาตราที่ควรพิจารณา: 59 วรรคสาม, 61, 288

ตัวบทมาตราเต็ม:
มาตรา 59 วรรคสาม: หลักเรื่องเจตนาและความประมาท
ถ้าผู้กระทำมิได้รู้ข้อเท็จจริงอันเป็นองค์ประกอบของความผิด จะถือว่าผู้กระทำประสงค์ต่อผล หรือย่อมเล็งเห็นผลของการกระทำนั้นมิได้

มาตรา 61: การสำคัญผิดในตัวบุคคล
ผู้ใดเจตนาจะกระทำต่อบุคคลหนึ่ง แต่ได้กระทำต่ออีกบุคคลหนึ่งโดยสำคัญผิด ผู้ใดจะยกเอาความสำคัญผิดเป็นข้อแก้ตัวว่ามิได้กระทำโดยเจตนาหาได้ไม่

มาตรา 288: ความผิดฐานฆ่าผู้อื่น
ผู้ใดฆ่าผู้อื่น ต้องระวางโทษประหารชีวิต จำคุกตลอดชีวิต หรือจำคุกตั้งแต่สิบห้าปีถึงยี่สิบปี",แยกประเด็นเป็นข้อเท็จจริง หลักกฎหมาย การปรับบท และสรุปความรับผิดของแต่ละคน,จับประเด็นข้อเท็จจริงสำคัญ (3 คะแนน) | ระบุหลักกฎหมายและมาตราที่เกี่ยวข้องถูกต้อง (4 คะแนน) | ปรับบทกับข้อเท็จจริงครบถ้วน (6 คะแนน) | สรุปฐานความผิด เหตุยกเว้น หรือผลทางอาญาชัดเจน (2 คะแนน),นำเข้าจาก pasted-text.txt สำหรับวิชา 41216 วันที่ 2026-07-16
q-writing-41216-import-017,ready,41216,2,ความผิดเกี่ยวกับทรัพย์,คำถามที่เขียนตอบ,"61, 71, 334",นายเล็กเห็นร่มและรองเท้าของนางแดงวางอยู่หน้าอุโบ...,นายเล็กเห็นร่มและรองเท้าของนางแดงวางอยู่หน้าอุโบสถรวมกับของผู้อื่น เกิดอยากได้จึงหยิบร่มและรองเท้าคู่นั้นไปโดยคิดว่าเป็นของนางแดง แต่ความจริงร่มคันนั้นเป็นของนางสาย (ภริยาของนายเล็กเอง) และรองเท้าคู่นั้นเป็นของนางมี (ยายของนายเล็กเอง),ให้วินิจฉัยความรับผิดของนายเล็ก,"นายเล็กกระทำโดยสำคัญผิดในตัวเจ้าของทรัพย์ตามมาตรา 61 ย่อมถือว่านายเล็กมีเจตนาลักร่มของนางสายและเจตนาลักรองเท้าของนางมี โดยมีผลทางกฎหมายพิเศษตามมาตรา 71 ดังนี้
1. กรณีลักร่มของนางสาย (ภริยา): เป็นการที่สามีลักทรัพย์ของภริยา นายเล็กย่อมได้รับการยกเว้นโทษตามมาตรา 71 วรรคหนึ่ง
2. กรณีลักรองเท้าของนางมี (ยาย/บุพการี): เป็นการที่ผู้สืบสันดานลักทรัพย์ของบุพการี กฎหมายกำหนดให้เป็นความผิดอันยอมความได้ และศาลจะลงโทษน้อยกว่าที่กฎหมายกำหนดไว้เพียงใดก็ได้ตามมาตรา 71 วรรคสอง นายเล็กจึงมีความผิดฐานลักทรัพย์และต้องรับโทษตามเงื่อนไขนี้

ตัวบทมาตราเต็ม:
มาตรา 61: การสำคัญผิดในตัวบุคคล
ผู้ใดเจตนาจะกระทำต่อบุคคลหนึ่ง แต่ได้กระทำต่ออีกบุคคลหนึ่งโดยสำคัญผิด ผู้ใดจะยกเอาความสำคัญผิดเป็นข้อแก้ตัวว่ามิได้กระทำโดยเจตนาหาได้ไม่

มาตรา 71: มาตราความผิดทางอาญา
ความผิดตามที่บัญญัติไว้ในมาตรา 334 ถึงมาตรา 336 วรรคแรก และมาตรา 341 ถึงมาตรา 364 นั้น ถ้าเป็นการกระทำที่สามีกระทำต่อภริยา หรือภริยากระทำต่อสามี ผู้กระทำไม่ต้องรับโทษ ความผิดดังระบุมานี้ ถ้าเป็นการกระทำที่ผู้บุพการีกระทำต่อผู้สืบสันดาน ผู้สืบสันดานกระทำต่อผู้บุพการี หรือพี่น้องร่วมบิดามารดาเดียวกันกระทำต่อกัน แม้กฎหมายมิได้บัญญัติให้ยกเว้นโทษ ศาลจะลงโทษน้อยกว่าที่กฎหมายกำหนดไว้สำหรับความผิดนั้นเพียงใดก็ได้ หรือศาลจะสั่งไม่ลงโทษเลยก็ได้

มาตรา 334: ความผิดฐานลักทรัพย์
ผู้ใดเอาทรัพย์ของผู้อื่น หรือที่ผู้อื่นเป็นเจ้าของรวมอยู่ด้วยไปโดยทุจริต ผู้นั้นกระทำความผิดฐานลักทรัพย์ ต้องระวางโทษจำคุกไม่เกินสามปี และปรับไม่เกินหกหมื่นบาท",นายเล็กกระทำโดยสำคัญผิดในตัวเจ้าของทรัพย์ตามมาตรา 61 ย่อมถือว่านายเล็กมีเจตนาลักร่มของนางสายและเจตนาลักรองเท้าของนางมี โดยมีผลทางกฎหมายพิเศษตามมาตรา 71 ดังนี้ | 1. กรณีลักร่มของนางสาย (ภริยา): เป็นการที่สามีลักทรัพย์ของภริยา นายเล็กย่อมได้รับการยกเว้นโทษตามมาตรา 71 วรรคหนึ่ง | 2. กรณีลักรองเท้าของนางมี (ยาย/บุพการี): เป็นการที่ผู้สืบสันดานลักทรัพย์ของบุพการี กฎหมายกำหนดให้เป็นความผิดอันยอมความได้ และศาลจะลงโทษน้อยกว่าที่กฎหมายกำหนดไว้เพียงใดก็ได้ตามมาตรา 71 วรรคสอง นายเล็กจึงมีความผิดฐานลักทรัพย์และต้องรับโทษตามเงื่อนไขนี้,โจทย์นี้อยู่ในหมวดความผิดเกี่ยวกับทรัพย์,"มาตราที่ควรพิจารณา: 61, 71, 334

ตัวบทมาตราเต็ม:
มาตรา 61: การสำคัญผิดในตัวบุคคล
ผู้ใดเจตนาจะกระทำต่อบุคคลหนึ่ง แต่ได้กระทำต่ออีกบุคคลหนึ่งโดยสำคัญผิด ผู้ใดจะยกเอาความสำคัญผิดเป็นข้อแก้ตัวว่ามิได้กระทำโดยเจตนาหาได้ไม่

มาตรา 71: มาตราความผิดทางอาญา
ความผิดตามที่บัญญัติไว้ในมาตรา 334 ถึงมาตรา 336 วรรคแรก และมาตรา 341 ถึงมาตรา 364 นั้น ถ้าเป็นการกระทำที่สามีกระทำต่อภริยา หรือภริยากระทำต่อสามี ผู้กระทำไม่ต้องรับโทษ ความผิดดังระบุมานี้ ถ้าเป็นการกระทำที่ผู้บุพการีกระทำต่อผู้สืบสันดาน ผู้สืบสันดานกระทำต่อผู้บุพการี หรือพี่น้องร่วมบิดามารดาเดียวกันกระทำต่อกัน แม้กฎหมายมิได้บัญญัติให้ยกเว้นโทษ ศาลจะลงโทษน้อยกว่าที่กฎหมายกำหนดไว้สำหรับความผิดนั้นเพียงใดก็ได้ หรือศาลจะสั่งไม่ลงโทษเลยก็ได้

มาตรา 334: ความผิดฐานลักทรัพย์
ผู้ใดเอาทรัพย์ของผู้อื่น หรือที่ผู้อื่นเป็นเจ้าของรวมอยู่ด้วยไปโดยทุจริต ผู้นั้นกระทำความผิดฐานลักทรัพย์ ต้องระวางโทษจำคุกไม่เกินสามปี และปรับไม่เกินหกหมื่นบาท",แยกประเด็นเป็นข้อเท็จจริง หลักกฎหมาย การปรับบท และสรุปความรับผิดของแต่ละคน,จับประเด็นข้อเท็จจริงสำคัญ (3 คะแนน) | ระบุหลักกฎหมายและมาตราที่เกี่ยวข้องถูกต้อง (4 คะแนน) | ปรับบทกับข้อเท็จจริงครบถ้วน (6 คะแนน) | สรุปฐานความผิด เหตุยกเว้น หรือผลทางอาญาชัดเจน (2 คะแนน),นำเข้าจาก pasted-text.txt สำหรับวิชา 41216 วันที่ 2026-07-16
q-writing-41216-import-018,ready,41216,2,ความผิดต่อชีวิต,คำถามที่เขียนตอบ,290,นายขวดใช้ไม้ฟาดศีรษะนายไข่ 1 ครั้งจนศีรษะแตก เลื...,นายขวดใช้ไม้ฟาดศีรษะนายไข่ 1 ครั้งจนศีรษะแตก เลือดไหล นายไข่ถูกนำส่งโรงพยาบาลและถึงแก่ความตายในเย็นวันนั้นด้วยอาการหัวใจวาย ซึ่งแพทย์ชันสูตรศพพบว่านายไข่มีโรคหัวใจอยู่ก่อนแล้ว และสาเหตุการตายเกิดจากอาการตกใจสุดขีดทำให้หัวใจเต้นผิดปกติจนหัวใจวาย ไม่ได้ตายจากแผลแตกที่ศีรษะ,นายขวดมีความผิดฐานใด,"นายขวดมีความผิดฐานทำร้ายร่างกายผู้อื่นจนเป็นเหตุให้ถึงแก่ความตายตามมาตรา 290 แม้นายไข่จะมีโรคประจำตัวอยู่ก่อนและแผลแตกไม่ใช่สาเหตุโดยตรง แต่การที่นายขวดใช้ไม้ตีศีรษะย่อมเป็นผลโดยตรงที่ส่งผลให้นายไข่เกิดความตกใจอย่างรุนแรงจนหัวใจวาย ความตายจึงเป็นผลโดยตรงจากการกระทำของนายขวด นายขวดไม่มีเจตนาฆ่าจึงต้องรับผิดฐานทำร้ายจนเป็นเหตุให้ผู้อื่นถึงแก่ความตาย (เทียบคำพิพากษาฎีกาที่ 1593/2542)

ตัวบทมาตราเต็ม:
มาตรา 290: มาตราความผิดทางอาญา
ผู้ใดมิได้มีเจตนาฆ่า แต่ทำร้ายผู้อื่นจนเป็นเหตุให้ผู้อื่นนั้นถึงแก่ความตาย ต้องระวางโทษจำคุกตั้งแต่สามปีถึงสิบห้าปี ถ้าการกระทำความผิดนั้นมีลักษณะประการหนึ่งประการใดดังที่บัญญัติไว้ในมาตรา 289 ผู้กระทำต้องระวางโทษจำคุกตั้งแต่สามปีถึงยี่สิงปี",นายขวดมีความผิดฐานทำร้ายร่างกายผู้อื่นจนเป็นเหตุให้ถึงแก่ความตายตามมาตรา 290 แม้นายไข่จะมีโรคประจำตัวอยู่ก่อนและแผลแตกไม่ใช่สาเหตุโดยตรง แต่การที่นายขวดใช้ไม้ตีศีรษะย่อมเป็นผลโดยตรงที่ส่งผลให้นายไข่เกิดความตกใจอย่างรุนแรงจนหัวใจวาย ความตายจึงเป็นผลโดยตรงจากการกระทำของนายขวด นายขวดไม่มีเจตนาฆ่าจึงต้องรับผิดฐานทำร้ายจนเป็นเหตุให้ผู้อื่นถึงแก่ความตาย (เทียบคำพิพากษาฎีกาที่ 1593/2542),โจทย์นี้อยู่ในหมวดความผิดต่อชีวิต,"มาตราที่ควรพิจารณา: 290

ตัวบทมาตราเต็ม:
มาตรา 290: มาตราความผิดทางอาญา
ผู้ใดมิได้มีเจตนาฆ่า แต่ทำร้ายผู้อื่นจนเป็นเหตุให้ผู้อื่นนั้นถึงแก่ความตาย ต้องระวางโทษจำคุกตั้งแต่สามปีถึงสิบห้าปี ถ้าการกระทำความผิดนั้นมีลักษณะประการหนึ่งประการใดดังที่บัญญัติไว้ในมาตรา 289 ผู้กระทำต้องระวางโทษจำคุกตั้งแต่สามปีถึงยี่สิงปี",แยกประเด็นเป็นข้อเท็จจริง หลักกฎหมาย การปรับบท และสรุปความรับผิดของแต่ละคน,จับประเด็นข้อเท็จจริงสำคัญ (3 คะแนน) | ระบุหลักกฎหมายและมาตราที่เกี่ยวข้องถูกต้อง (4 คะแนน) | ปรับบทกับข้อเท็จจริงครบถ้วน (6 คะแนน) | สรุปฐานความผิด เหตุยกเว้น หรือผลทางอาญาชัดเจน (2 คะแนน),นำเข้าจาก pasted-text.txt สำหรับวิชา 41216 วันที่ 2026-07-16
q-writing-41216-import-019,ready,41216,2,ความผิดต่อชีวิต,คำถามที่เขียนตอบ,291,นายหนึ่งขับรถแท็กซี่ด้วยความเร็วสูงผ่านชุมชนเพื่...,นายหนึ่งขับรถแท็กซี่ด้วยความเร็วสูงผ่านชุมชนเพื่อรีบไปรับผู้โดยสาร รถพุ่งชนท้ายรถตุ๊กๆ จนพลิกคว่ำ ทำให้นายสองผู้โดยสารในรถตุ๊กๆ กระเด็นกลิ้งไปนอนอยู่บนรางรถไฟ นายสองบาดเจ็บเล็กน้อยจากแรงกระแทก แต่ในเวลานั้นมีรถไฟแล่นผ่านมาพอดีทับนายสองจนถึงแก่ความตาย,นายหนึ่งต้องรับผิดอย่างไร,"นายหนึ่งมีความผิดฐานกระทำโดยประมาทเป็นเหตุให้ผู้อื่นถึงแก่ความตายตามมาตรา 291 การขับรถเร็วในชุมชนจนชนรถคันอื่นคว่ำและคนกระเด็นไปตกบนรางรถไฟถือเป็นความประมาทของนายหนึ่ง ส่วนการที่รถไฟแล่นมาทับพอดีนั้นถือเป็น ""เหตุแทรกแซง"" ที่วิญญูชนคาดหมายได้ว่าบนรางรถไฟย่อมมีรถไฟวิ่งผ่าน จึงไม่ตัดความสัมพันธ์ระหว่างการกระทำประมาทกับผล ความตายจึงยังเป็นผลโดยตรงจากความประมาทของนายหนึ่ง (เทียบคำพิพากษาฎีกาที่ 1011/2503)

ตัวบทมาตราเต็ม:
มาตรา 291: มาตราความผิดทางอาญา
ผู้ใดกระทำโดยประมาท และการกระทำนั้นเป็นเหตุให้ผู้อื่นถึงแก่ความตาย ต้องระวางโทษจำคุกไม่เกินสิบปี และปรับไม่เกินสองแสนบาท","นายหนึ่งมีความผิดฐานกระทำโดยประมาทเป็นเหตุให้ผู้อื่นถึงแก่ความตายตามมาตรา 291 การขับรถเร็วในชุมชนจนชนรถคันอื่นคว่ำและคนกระเด็นไปตกบนรางรถไฟถือเป็นความประมาทของนายหนึ่ง ส่วนการที่รถไฟแล่นมาทับพอดีนั้นถือเป็น ""เหตุแทรกแซง"" ที่วิญญูชนคาดหมายได้ว่าบนรางรถไฟย่อมมีรถไฟวิ่งผ่าน จึงไม่ตัดความสัมพันธ์ระหว่างการกระทำประมาทกับผล ความตายจึงยังเป็นผลโดยตรงจากความประมาทของนายหนึ่ง (เทียบคำพิพากษาฎีกาที่ 1011/2503)",โจทย์นี้อยู่ในหมวดความผิดต่อชีวิต,"มาตราที่ควรพิจารณา: 291

ตัวบทมาตราเต็ม:
มาตรา 291: มาตราความผิดทางอาญา
ผู้ใดกระทำโดยประมาท และการกระทำนั้นเป็นเหตุให้ผู้อื่นถึงแก่ความตาย ต้องระวางโทษจำคุกไม่เกินสิบปี และปรับไม่เกินสองแสนบาท",แยกประเด็นเป็นข้อเท็จจริง หลักกฎหมาย การปรับบท และสรุปความรับผิดของแต่ละคน,จับประเด็นข้อเท็จจริงสำคัญ (3 คะแนน) | ระบุหลักกฎหมายและมาตราที่เกี่ยวข้องถูกต้อง (4 คะแนน) | ปรับบทกับข้อเท็จจริงครบถ้วน (6 คะแนน) | สรุปฐานความผิด เหตุยกเว้น หรือผลทางอาญาชัดเจน (2 คะแนน),นำเข้าจาก pasted-text.txt สำหรับวิชา 41216 วันที่ 2026-07-16
q-writing-41216-import-020,ready,41216,2,ความผิดต่อร่างกาย,คำถามที่เขียนตอบ,"63, 295, 297",นายดำใช้ท่อนไม้ขว้างใส่ศีรษะนายแดงที่กำลังขับขี่...,นายดำใช้ท่อนไม้ขว้างใส่ศีรษะนายแดงที่กำลังขับขี่จักรยานยนต์ผ่าน โดยมีเจตนาเพียงแค่ทำร้ายร่างกาย ท่อนไม้ถูกศีรษะทำให้นายแดงพลัดตกจากรถจักรยานยนต์ ข้อมือกระแทกพื้นถนนอย่างแรงจนข้อมือหัก ได้รับอันตรายสาหัส,นายดำมีความผิดฐานใด,"นายดำมีความผิดฐานทำร้ายร่างกายผู้อื่นจนเป็นเหตุให้ได้รับอันตรายสาหัสตามมาตรา 297(8) แม้นายดำจะมีเจตนาเพียงทำร้ายร่างกายธรรมดาตามมาตรา 295 และไม่ได้เจตนาให้สาหัส แต่การที่นายแดงตกจากรถข้อมือหักถือเป็นผลโดยตรงและเป็นผลที่ตามธรรมดาย่อมเกิดขึ้นได้จากการขว้างไม้ใส่คนขับรถตามมาตรา 63 ดำจึงต้องรับโทษหนักขึ้นตามผลที่เกิดขึ้นนั้น

ตัวบทมาตราเต็ม:
มาตรา 63: มาตราความผิดทางอาญา
ถ้าผลของการกระทำความผิดบังฉุดให้ผู้กระทำต้องรับโทษหนักขึ้น ผลของการกระทำความผิดนั้นจะต้องเป็นผลที่ตามธรรมดาย่อมเกิดขึ้นได้

มาตรา 295: ความผิดฐานทำร้ายร่างกาย
ผู้ใดทำร้ายผู้อื่น จนเป็นเหตุให้เกิดอันตรายแก่กายหรือจิตใจของผู้อื่นนั้น ผู้นั้นกระทำความผิดฐานทำร้ายร่างกาย ต้องระวางโทษจำคุกไม่เกินสองปี หรือปรับไม่เกินสี่หมื่นบาท หรือทั้งจำทั้งปรับ

มาตรา 297: ทำร้ายร่างกายสาหัส
ผู้ใดกระทำความผิดฐานทำร้ายร่างกาย จนเป็นเหตุให้ผู้ถูกกระทำร้ายรับอันตรายสาหัส ต้องระวางโทษจำคุกตั้งแต่หกเดือนถึงสิบปี และปรับตั้งแต่หนึ่งหมื่นบาทถึงสองแสนบาท อันตรายสาหัสนั้น คือ (1) ตาบอด หูหนวก ลิ้นขาด หรือเสียฆานประสาท (2) เสียอวัยวะสืบพันธุ์ หรือความสามารถสืบพันธุ์ (3) เสียแขน ขา มือ เท้า นิ้วหรืออวัยวะอื่นใด (4) หน้าเสียโฉมอย่างติดตัว (5) แท้งลูก (6) จิตพิการอย่างติดตัว (7) ทุพพลภาพ หรือเจ็บป่วยเรื้อรังซึ่งอาจถึงตลอดชีวิต (8) ทุพพลภาพหรือเจ็บป่วยด้วยอาการทุกขเวทนาเกินกว่ายี่สิบวัน หรือจนประกอบภารกิจตามปกติไม่ได้เกินกว่ายี่สิบวัน",นายดำมีความผิดฐานทำร้ายร่างกายผู้อื่นจนเป็นเหตุให้ได้รับอันตรายสาหัสตามมาตรา 297(8) แม้นายดำจะมีเจตนาเพียงทำร้ายร่างกายธรรมดาตามมาตรา 295 และไม่ได้เจตนาให้สาหัส แต่การที่นายแดงตกจากรถข้อมือหักถือเป็นผลโดยตรงและเป็นผลที่ตามธรรมดาย่อมเกิดขึ้นได้จากการขว้างไม้ใส่คนขับรถตามมาตรา 63 ดำจึงต้องรับโทษหนักขึ้นตามผลที่เกิดขึ้นนั้น,โจทย์นี้อยู่ในหมวดความผิดต่อร่างกาย,"มาตราที่ควรพิจารณา: 63, 295, 297

ตัวบทมาตราเต็ม:
มาตรา 63: มาตราความผิดทางอาญา
ถ้าผลของการกระทำความผิดบังฉุดให้ผู้กระทำต้องรับโทษหนักขึ้น ผลของการกระทำความผิดนั้นจะต้องเป็นผลที่ตามธรรมดาย่อมเกิดขึ้นได้

มาตรา 295: ความผิดฐานทำร้ายร่างกาย
ผู้ใดทำร้ายผู้อื่น จนเป็นเหตุให้เกิดอันตรายแก่กายหรือจิตใจของผู้อื่นนั้น ผู้นั้นกระทำความผิดฐานทำร้ายร่างกาย ต้องระวางโทษจำคุกไม่เกินสองปี หรือปรับไม่เกินสี่หมื่นบาท หรือทั้งจำทั้งปรับ

มาตรา 297: ทำร้ายร่างกายสาหัส
ผู้ใดกระทำความผิดฐานทำร้ายร่างกาย จนเป็นเหตุให้ผู้ถูกกระทำร้ายรับอันตรายสาหัส ต้องระวางโทษจำคุกตั้งแต่หกเดือนถึงสิบปี และปรับตั้งแต่หนึ่งหมื่นบาทถึงสองแสนบาท อันตรายสาหัสนั้น คือ (1) ตาบอด หูหนวก ลิ้นขาด หรือเสียฆานประสาท (2) เสียอวัยวะสืบพันธุ์ หรือความสามารถสืบพันธุ์ (3) เสียแขน ขา มือ เท้า นิ้วหรืออวัยวะอื่นใด (4) หน้าเสียโฉมอย่างติดตัว (5) แท้งลูก (6) จิตพิการอย่างติดตัว (7) ทุพพลภาพ หรือเจ็บป่วยเรื้อรังซึ่งอาจถึงตลอดชีวิต (8) ทุพพลภาพหรือเจ็บป่วยด้วยอาการทุกขเวทนาเกินกว่ายี่สิบวัน หรือจนประกอบภารกิจตามปกติไม่ได้เกินกว่ายี่สิบวัน",แยกประเด็นเป็นข้อเท็จจริง หลักกฎหมาย การปรับบท และสรุปความรับผิดของแต่ละคน,จับประเด็นข้อเท็จจริงสำคัญ (3 คะแนน) | ระบุหลักกฎหมายและมาตราที่เกี่ยวข้องถูกต้อง (4 คะแนน) | ปรับบทกับข้อเท็จจริงครบถ้วน (6 คะแนน) | สรุปฐานความผิด เหตุยกเว้น หรือผลทางอาญาชัดเจน (2 คะแนน),นำเข้าจาก pasted-text.txt สำหรับวิชา 41216 วันที่ 2026-07-16
q-writing-41216-import-021,ready,41216,2,ความผิดต่อร่างกาย,คำถามที่เขียนตอบ,"63, 297",นาย ก. รุ่นพี่ ชกใบหน้านาย ข. รุ่นน้องสองสามครั้...,นาย ก. รุ่นพี่ ชกใบหน้านาย ข. รุ่นน้องสองสามครั้งอย่างแรงเพื่อสั่งสอน ไม่มีเจตนาให้สาหัส แต่ปรากฏว่าตาซ้ายของนาย ข. บวมช้ำและบอดสนิทในอีก 5 วันต่อมาเนื่องจากการถูกชก นาย ก.,มีความผิดฐานใด,"นาย ก. มีความผิดฐานทำร้ายร่างกายผู้อื่นจนเป็นเหตุให้ได้รับอันตรายสาหัส (ตาบอด) ตามมาตรา 297(1) เนื่องจากบาดแผลตาบอดเป็นผลโดยตรงและเป็นผลที่ตามธรรมดาย่อมเกิดขึ้นได้ตามมาตรา 63 จากการใช้กำลังชกที่ใบหน้าและดวงตาอย่างรุนแรง นาย ก. ต้องรับโทษหนักขึ้นตามผลนั้น (เทียบคำพิพากษาฎีกาที่ 1116/2502) *ต่างจากกรณีตบหน้า 1 ทีแล้วผู้ถูกตบตาบอดเพราะโรคประจำตัวแห้งและขยี้ตาจนอักเสบ ซึ่งวิญญูชนคาดเห็นไม่ได้ ไม่ถือเป็นผลตามธรรมดา*

ตัวบทมาตราเต็ม:
มาตรา 63: มาตราความผิดทางอาญา
ถ้าผลของการกระทำความผิดบังฉุดให้ผู้กระทำต้องรับโทษหนักขึ้น ผลของการกระทำความผิดนั้นจะต้องเป็นผลที่ตามธรรมดาย่อมเกิดขึ้นได้

มาตรา 297: ทำร้ายร่างกายสาหัส
ผู้ใดกระทำความผิดฐานทำร้ายร่างกาย จนเป็นเหตุให้ผู้ถูกกระทำร้ายรับอันตรายสาหัส ต้องระวางโทษจำคุกตั้งแต่หกเดือนถึงสิบปี และปรับตั้งแต่หนึ่งหมื่นบาทถึงสองแสนบาท อันตรายสาหัสนั้น คือ (1) ตาบอด หูหนวก ลิ้นขาด หรือเสียฆานประสาท (2) เสียอวัยวะสืบพันธุ์ หรือความสามารถสืบพันธุ์ (3) เสียแขน ขา มือ เท้า นิ้วหรืออวัยวะอื่นใด (4) หน้าเสียโฉมอย่างติดตัว (5) แท้งลูก (6) จิตพิการอย่างติดตัว (7) ทุพพลภาพ หรือเจ็บป่วยเรื้อรังซึ่งอาจถึงตลอดชีวิต (8) ทุพพลภาพหรือเจ็บป่วยด้วยอาการทุกขเวทนาเกินกว่ายี่สิบวัน หรือจนประกอบภารกิจตามปกติไม่ได้เกินกว่ายี่สิบวัน",นาย ก. มีความผิดฐานทำร้ายร่างกายผู้อื่นจนเป็นเหตุให้ได้รับอันตรายสาหัส (ตาบอด) ตามมาตรา 297(1) เนื่องจากบาดแผลตาบอดเป็นผลโดยตรงและเป็นผลที่ตามธรรมดาย่อมเกิดขึ้นได้ตามมาตรา 63 จากการใช้กำลังชกที่ใบหน้าและดวงตาอย่างรุนแรง นาย ก. ต้องรับโทษหนักขึ้นตามผลนั้น (เทียบคำพิพากษาฎีกาที่ 1116/2502) *ต่างจากกรณีตบหน้า 1 ทีแล้วผู้ถูกตบตาบอดเพราะโรคประจำตัวแห้งและขยี้ตาจนอักเสบ ซึ่งวิญญูชนคาดเห็นไม่ได้ ไม่ถือเป็นผลตามธรรมดา*,โจทย์นี้อยู่ในหมวดความผิดต่อร่างกาย,"มาตราที่ควรพิจารณา: 63, 297

ตัวบทมาตราเต็ม:
มาตรา 63: มาตราความผิดทางอาญา
ถ้าผลของการกระทำความผิดบังฉุดให้ผู้กระทำต้องรับโทษหนักขึ้น ผลของการกระทำความผิดนั้นจะต้องเป็นผลที่ตามธรรมดาย่อมเกิดขึ้นได้

มาตรา 297: ทำร้ายร่างกายสาหัส
ผู้ใดกระทำความผิดฐานทำร้ายร่างกาย จนเป็นเหตุให้ผู้ถูกกระทำร้ายรับอันตรายสาหัส ต้องระวางโทษจำคุกตั้งแต่หกเดือนถึงสิบปี และปรับตั้งแต่หนึ่งหมื่นบาทถึงสองแสนบาท อันตรายสาหัสนั้น คือ (1) ตาบอด หูหนวก ลิ้นขาด หรือเสียฆานประสาท (2) เสียอวัยวะสืบพันธุ์ หรือความสามารถสืบพันธุ์ (3) เสียแขน ขา มือ เท้า นิ้วหรืออวัยวะอื่นใด (4) หน้าเสียโฉมอย่างติดตัว (5) แท้งลูก (6) จิตพิการอย่างติดตัว (7) ทุพพลภาพ หรือเจ็บป่วยเรื้อรังซึ่งอาจถึงตลอดชีวิต (8) ทุพพลภาพหรือเจ็บป่วยด้วยอาการทุกขเวทนาเกินกว่ายี่สิบวัน หรือจนประกอบภารกิจตามปกติไม่ได้เกินกว่ายี่สิบวัน",แยกประเด็นเป็นข้อเท็จจริง หลักกฎหมาย การปรับบท และสรุปความรับผิดของแต่ละคน,จับประเด็นข้อเท็จจริงสำคัญ (3 คะแนน) | ระบุหลักกฎหมายและมาตราที่เกี่ยวข้องถูกต้อง (4 คะแนน) | ปรับบทกับข้อเท็จจริงครบถ้วน (6 คะแนน) | สรุปฐานความผิด เหตุยกเว้น หรือผลทางอาญาชัดเจน (2 คะแนน),นำเข้าจาก pasted-text.txt สำหรับวิชา 41216 วันที่ 2026-07-16
q-writing-41216-import-022,ready,41216,2,ความผิดเกี่ยวกับทรัพย์,คำถามที่เขียนตอบ,"80, 336",นายกบกระชากสร้อยคอของนางสาวแอนนา สร้อยขาดติดมือน...,นายกบกระชากสร้อยคอของนางสาวแอนนา สร้อยขาดติดมือนายกบแล้วร่วงตกพื้นทันที นายกบยังไม่ทันก้มเก็บก็เห็นตำรวจผ่านมาพอดีจึงวิ่งหนีไป,นายกบมีความผิดฐานใด,"นายกบมีความผิดฐานพยายามวิ่งราวทรัพย์ตามมาตรา 336 ประกอบมาตรา 80 การกระชากสร้อยขาดหลุดจากคอแต่ทรัพย์ตกอยู่บนพื้นโดยที่นายกบยังไม่ได้เข้ายึดถือเอาทรัพย์นั้นไว้ในความครอบครองหรือพา ทรัพย์เคลื่อนที่ไป ถือเป็นเพียงการแย่งการครอบครองที่ยังไม่สำเร็จเป็นความผิดฐานวิ่งราวทรัพย์สำเร็จ จึงเป็นเพียงขั้นพยายาม

ตัวบทมาตราเต็ม:
มาตรา 80: พยายามกระทำความผิด
ผู้ใดลงมือกระทำความผิดแต่กระทำไปไม่ตลอด หรือกระทำไปตลอดแล้วแต่การกระทำนั้นไม่บรรลุผล ผู้นั้นได้ชื่อว่าพยายามกระทำความผิด
ผู้ใดพยายามกระทำความผิด ต้องระวางโทษสองในสามส่วนของโทษที่กฎหมายกำหนดไว้สำหรับความผิดนั้น

มาตรา 336: ความผิดฐานลักทรัพย์
ผู้ใดลักทรัพย์โดยฉกฉวยเอาไปซึ่งหน้า ผู้นั้นกระทำความผิดฐานวิ่งราวทรัพย์ ต้องระวางโทษจำคุกไม่เกินห้าปี และปรับไม่เกินหนึ่งแสนบาท",นายกบมีความผิดฐานพยายามวิ่งราวทรัพย์ตามมาตรา 336 ประกอบมาตรา 80 การกระชากสร้อยขาดหลุดจากคอแต่ทรัพย์ตกอยู่บนพื้นโดยที่นายกบยังไม่ได้เข้ายึดถือเอาทรัพย์นั้นไว้ในความครอบครองหรือพา ทรัพย์เคลื่อนที่ไป ถือเป็นเพียงการแย่งการครอบครองที่ยังไม่สำเร็จเป็นความผิดฐานวิ่งราวทรัพย์สำเร็จ จึงเป็นเพียงขั้นพยายาม,โจทย์นี้อยู่ในหมวดความผิดเกี่ยวกับทรัพย์,"มาตราที่ควรพิจารณา: 80, 336

ตัวบทมาตราเต็ม:
มาตรา 80: พยายามกระทำความผิด
ผู้ใดลงมือกระทำความผิดแต่กระทำไปไม่ตลอด หรือกระทำไปตลอดแล้วแต่การกระทำนั้นไม่บรรลุผล ผู้นั้นได้ชื่อว่าพยายามกระทำความผิด
ผู้ใดพยายามกระทำความผิด ต้องระวางโทษสองในสามส่วนของโทษที่กฎหมายกำหนดไว้สำหรับความผิดนั้น

มาตรา 336: ความผิดฐานลักทรัพย์
ผู้ใดลักทรัพย์โดยฉกฉวยเอาไปซึ่งหน้า ผู้นั้นกระทำความผิดฐานวิ่งราวทรัพย์ ต้องระวางโทษจำคุกไม่เกินห้าปี และปรับไม่เกินหนึ่งแสนบาท",แยกประเด็นเป็นข้อเท็จจริง หลักกฎหมาย การปรับบท และสรุปความรับผิดของแต่ละคน,จับประเด็นข้อเท็จจริงสำคัญ (3 คะแนน) | ระบุหลักกฎหมายและมาตราที่เกี่ยวข้องถูกต้อง (4 คะแนน) | ปรับบทกับข้อเท็จจริงครบถ้วน (6 คะแนน) | สรุปฐานความผิด เหตุยกเว้น หรือผลทางอาญาชัดเจน (2 คะแนน),นำเข้าจาก pasted-text.txt สำหรับวิชา 41216 วันที่ 2026-07-16
q-writing-41216-import-023,ready,41216,2,ความผิดต่อชีวิต,คำถามที่เขียนตอบ,"80, 81, 289(4)",นายเหี้ยมต้องการฆ่านายห้อย จึงดักรอยิงพอยกปืนเล็...,นายเหี้ยมต้องการฆ่านายห้อย จึงดักรอยิงพอยกปืนเล็งยิง ปรากฏข้อเท็จจริงแยกเป็น 2 กรณี คือ (1) ปืนไม่มีลูกกระสุนบรรจุอยู่เลย หรือ (2) ปืนมีลูกกระสุนแต่กระสุนด้าน นายห้อยจึงรอดตาย,ทั้งสองกรณีมีความผิดอย่างไร,"1. กรณีปืนไม่มีกระสุนเลย: นายเหี้ยมมีความผิดฐานพยายามฆ่าผู้อื่นโดยไตร่ตรองไว้ก่อนอันไม่อาจบรรลุผลได้อย่างแน่แท้เพราะเหตุแห่งวัตถุที่ใช้กระทำตามมาตรา 289(4) ประกอบมาตรา 81 วรรคแรก
2. กรณีปืนมีกระสุนแต่กระสุนด้าน: ถือเป็นความผิดฐานพยายามฆ่าผู้อื่นทั่วไปตามมาตรา 289(4) ประกอบมาตรา 80 เนื่องจากปืนและกระสุนจริงมีศักยภาพฆ่าคนได้ แต่ขัดข้องฉุกเฉินเพราะกระสุนด้านอันเป็นเหตุบังเอิญชั่วคราว ไม่ใช่เนื้อหาที่เป็นไปไม่ได้อย่างแน่แท้ตามมาตรา 81

ตัวบทมาตราเต็ม:
มาตรา 80: พยายามกระทำความผิด
ผู้ใดลงมือกระทำความผิดแต่กระทำไปไม่ตลอด หรือกระทำไปตลอดแล้วแต่การกระทำนั้นไม่บรรลุผล ผู้นั้นได้ชื่อว่าพยายามกระทำความผิด
ผู้ใดพยายามกระทำความผิด ต้องระวางโทษสองในสามส่วนของโทษที่กฎหมายกำหนดไว้สำหรับความผิดนั้น

มาตรา 81: มาตราความผิดทางอาญา
ผู้ใดกระทำการโดยมุ่งต่อผลซึ่งกฎหมายบัญญัติเป็นความผิด แต่การกระทำนั้นไม่สามารถจะบรรลุผลได้อย่างแน่แท้ เพราะเหตุปัจจัยซึ่งใช้ในการกระทำหรือเหตุแห่งวัตถุที่มุ่งกระทำต่อ ให้ถือว่าผู้นั้นพยายามกระทำความผิด แต่ให้ลงโทษไม่เกินกึ่งหนึ่งของโทษที่กฎหมายกำหนดไว้สำหรับความผิดนั้น ถ้าการกระทำดังกล่าวในวรรคแรกเกิดขึ้นเนื่องจากความเชื่อถืออันงมงาย ศาลจะไม่ลงโทษเลยก็ได้

มาตรา 289(4): ความผิดฐานฆ่าผู้อื่น
(4) ฆ่าผู้อื่นโดยไตร่ตรองไว้ก่อน",1. กรณีปืนไม่มีกระสุนเลย: นายเหี้ยมมีความผิดฐานพยายามฆ่าผู้อื่นโดยไตร่ตรองไว้ก่อนอันไม่อาจบรรลุผลได้อย่างแน่แท้เพราะเหตุแห่งวัตถุที่ใช้กระทำตามมาตรา 289(4) ประกอบมาตรา 81 วรรคแรก | 2. กรณีปืนมีกระสุนแต่กระสุนด้าน: ถือเป็นความผิดฐานพยายามฆ่าผู้อื่นทั่วไปตามมาตรา 289(4) ประกอบมาตรา 80 เนื่องจากปืนและกระสุนจริงมีศักยภาพฆ่าคนได้ แต่ขัดข้องฉุกเฉินเพราะกระสุนด้านอันเป็นเหตุบังเอิญชั่วคราว ไม่ใช่เนื้อหาที่เป็นไปไม่ได้อย่างแน่แท้ตามมาตรา 81,โจทย์นี้อยู่ในหมวดความผิดต่อชีวิต,"มาตราที่ควรพิจารณา: 80, 81, 289(4)

ตัวบทมาตราเต็ม:
มาตรา 80: พยายามกระทำความผิด
ผู้ใดลงมือกระทำความผิดแต่กระทำไปไม่ตลอด หรือกระทำไปตลอดแล้วแต่การกระทำนั้นไม่บรรลุผล ผู้นั้นได้ชื่อว่าพยายามกระทำความผิด
ผู้ใดพยายามกระทำความผิด ต้องระวางโทษสองในสามส่วนของโทษที่กฎหมายกำหนดไว้สำหรับความผิดนั้น

มาตรา 81: มาตราความผิดทางอาญา
ผู้ใดกระทำการโดยมุ่งต่อผลซึ่งกฎหมายบัญญัติเป็นความผิด แต่การกระทำนั้นไม่สามารถจะบรรลุผลได้อย่างแน่แท้ เพราะเหตุปัจจัยซึ่งใช้ในการกระทำหรือเหตุแห่งวัตถุที่มุ่งกระทำต่อ ให้ถือว่าผู้นั้นพยายามกระทำความผิด แต่ให้ลงโทษไม่เกินกึ่งหนึ่งของโทษที่กฎหมายกำหนดไว้สำหรับความผิดนั้น ถ้าการกระทำดังกล่าวในวรรคแรกเกิดขึ้นเนื่องจากความเชื่อถืออันงมงาย ศาลจะไม่ลงโทษเลยก็ได้

มาตรา 289(4): ความผิดฐานฆ่าผู้อื่น
(4) ฆ่าผู้อื่นโดยไตร่ตรองไว้ก่อน",แยกประเด็นเป็นข้อเท็จจริง หลักกฎหมาย การปรับบท และสรุปความรับผิดของแต่ละคน,จับประเด็นข้อเท็จจริงสำคัญ (3 คะแนน) | ระบุหลักกฎหมายและมาตราที่เกี่ยวข้องถูกต้อง (4 คะแนน) | ปรับบทกับข้อเท็จจริงครบถ้วน (6 คะแนน) | สรุปฐานความผิด เหตุยกเว้น หรือผลทางอาญาชัดเจน (2 คะแนน),นำเข้าจาก pasted-text.txt สำหรับวิชา 41216 วันที่ 2026-07-16
q-writing-41216-import-024,ready,41216,2,ความผิดเกี่ยวกับทรัพย์,คำถามที่เขียนตอบ,"80, 84, 88, 358",นางสาวสวยจ้างนายโหดให้ไปทุบกระจกรถยนต์ของนายหนุ่...,นางสาวสวยจ้างนายโหดให้ไปทุบกระจกรถยนต์ของนายหนุ่มในวันรุ่งขึ้น นายโหดตกลง คืนนั้นนายหนุ่มมาง้อสวยจนหายโกรธ เช้าวันรุ่งขึ้นขณะที่นายโหดถือค้อนปอนด์เงื้อขึ้นกำลังจะทุบรถ นางสาวสวยโทรศัพท์มาสั่งห้ามทุบ นายโหดจึงโยนค้อนทิ้งและหลบหนีไป,ให้วินิจฉัยความรับผิดของนายโหดและนางสาวสวย,"1. ความรับผิดของนายโหด: การเงื้อค้อนปอนด์เตรียมทุบถือเป็นการลงมือกระทำความผิดฐานพยายามทำให้เสียทรัพย์ตามมาตรา 358 ประกอบมาตรา 80 แล้ว การที่โยนค้อนทิ้งเพราะสวยโทรมาสั่งห้าม ไม่ใช่การยับยั้งเสียเองโดยสมัครใจตามมาตรา 82 นายโหดจึงไม่ได้รับยกเว้นโทษ ต้องรับโทษฐานพยายามทำให้เสียทรัพย์
2. ความรับผิดของนางสาวสวย (ผู้ใช้): สวยเป็นผู้ใช้สั่งการ แม้ตอนแรกต้องรับโทษเสมือนตัวการตามมาตรา 84 แต่นการที่สวยโทรศัพท์ไปห้ามขัดขวางจนนายโหดเลิกกระทำ ถือเป็นกรณีที่ผู้ใช้เข้าขัดขวางมิให้ความผิดสำเร็จตามมาตรา 88 สวยจึงได้รับประโยชน์โดยรับโทษเพียง 1 ใน 3 ของโทษที่กำหนดไว้ในความผิดฐานทำให้เสียทรัพย์ตามมาตรา 84 วรรคสอง

ตัวบทมาตราเต็ม:
มาตรา 80: พยายามกระทำความผิด
ผู้ใดลงมือกระทำความผิดแต่กระทำไปไม่ตลอด หรือกระทำไปตลอดแล้วแต่การกระทำนั้นไม่บรรลุผล ผู้นั้นได้ชื่อว่าพยายามกระทำความผิด
ผู้ใดพยายามกระทำความผิด ต้องระวางโทษสองในสามส่วนของโทษที่กฎหมายกำหนดไว้สำหรับความผิดนั้น

มาตรา 84: ผู้ใช้ให้กระทำความผิด
ผู้ใดก่อให้ผู้อื่นกระทำความผิดไม่ว่าด้วยการสั่ง บังคับ ขู่เข็ญ จ้าง วาน หรือยุยงส่งเสริม หรือด้วยวิธีอื่นใด ผู้นั้นเป็นผู้ใช้ให้กระทำความผิด ถ้าผู้ถูกใช้ได้ลงมือกระทำความผิด ผู้ใช้ต้องรับโทษเสมือนเป็นตัวการ ถ้าความผิดมิได้กระทำลง ไม่ว่าจะเป็นเพราะผู้ถูกใช้ไม่ยอมกระทำ หรือกระทำยังไม่ถึงขั้นพยายาม หรือด้วยเหตุอื่นใด ผู้ใช้ต้องระวางโทษเพียงหนึ่งในสามของโทษที่กฎหมายกำหนดไว้สำหรับความผิดนั้น

มาตรา 88: มาตราความผิดทางอาญา
ถ้าตัวการ ผู้ใช้ หรือผู้สนับสนุน กลับใจและเข้าขัดขวางไม่ให้ความผิดสำเร็จ หรือได้แก้ไขผลร้ายที่จะเกิดขึ้น ผู้นั้นย่อมได้รับยกเว้นโทษหรือได้รับการลดโทษตามกฎหมาย

มาตรา 358: ความผิดฐานทำให้เสียทรัพย์
ผู้ใดทำให้เสียหาย ทำลาย ทำให้เสื่อมค่าหรือทำให้ไร้ประโยชน์ ซึ่งทรัพย์ของผู้อื่นหรือผู้อื่นเป็นเจ้าของรวมอยู่ด้วย ผู้นั้นกระทำความผิดฐานทำให้เสียทรัพย์ ต้องระวางโทษจำคุกไม่เกินสามปี หรือปรับไม่เกินหกหมื่นบาท หรือทั้งจำทั้งปรับ",1. ความรับผิดของนายโหด: การเงื้อค้อนปอนด์เตรียมทุบถือเป็นการลงมือกระทำความผิดฐานพยายามทำให้เสียทรัพย์ตามมาตรา 358 ประกอบมาตรา 80 แล้ว การที่โยนค้อนทิ้งเพราะสวยโทรมาสั่งห้าม ไม่ใช่การยับยั้งเสียเองโดยสมัครใจตามมาตรา 82 นายโหดจึงไม่ได้รับยกเว้นโทษ ต้องรับโทษฐานพยายามทำให้เสียทรัพย์ | 2. ความรับผิดของนางสาวสวย (ผู้ใช้): สวยเป็นผู้ใช้สั่งการ แม้ตอนแรกต้องรับโทษเสมือนตัวการตามมาตรา 84 แต่นการที่สวยโทรศัพท์ไปห้ามขัดขวางจนนายโหดเลิกกระทำ ถือเป็นกรณีที่ผู้ใช้เข้าขัดขวางมิให้ความผิดสำเร็จตามมาตรา 88 สวยจึงได้รับประโยชน์โดยรับโทษเพียง 1 ใน 3 ของโทษที่กำหนดไว้ในความผิดฐานทำให้เสียทรัพย์ตามมาตรา 84 วรรคสอง,โจทย์นี้อยู่ในหมวดความผิดเกี่ยวกับทรัพย์,"มาตราที่ควรพิจารณา: 80, 84, 88, 358

ตัวบทมาตราเต็ม:
มาตรา 80: พยายามกระทำความผิด
ผู้ใดลงมือกระทำความผิดแต่กระทำไปไม่ตลอด หรือกระทำไปตลอดแล้วแต่การกระทำนั้นไม่บรรลุผล ผู้นั้นได้ชื่อว่าพยายามกระทำความผิด
ผู้ใดพยายามกระทำความผิด ต้องระวางโทษสองในสามส่วนของโทษที่กฎหมายกำหนดไว้สำหรับความผิดนั้น

มาตรา 84: ผู้ใช้ให้กระทำความผิด
ผู้ใดก่อให้ผู้อื่นกระทำความผิดไม่ว่าด้วยการสั่ง บังคับ ขู่เข็ญ จ้าง วาน หรือยุยงส่งเสริม หรือด้วยวิธีอื่นใด ผู้นั้นเป็นผู้ใช้ให้กระทำความผิด ถ้าผู้ถูกใช้ได้ลงมือกระทำความผิด ผู้ใช้ต้องรับโทษเสมือนเป็นตัวการ ถ้าความผิดมิได้กระทำลง ไม่ว่าจะเป็นเพราะผู้ถูกใช้ไม่ยอมกระทำ หรือกระทำยังไม่ถึงขั้นพยายาม หรือด้วยเหตุอื่นใด ผู้ใช้ต้องระวางโทษเพียงหนึ่งในสามของโทษที่กฎหมายกำหนดไว้สำหรับความผิดนั้น

มาตรา 88: มาตราความผิดทางอาญา
ถ้าตัวการ ผู้ใช้ หรือผู้สนับสนุน กลับใจและเข้าขัดขวางไม่ให้ความผิดสำเร็จ หรือได้แก้ไขผลร้ายที่จะเกิดขึ้น ผู้นั้นย่อมได้รับยกเว้นโทษหรือได้รับการลดโทษตามกฎหมาย

มาตรา 358: ความผิดฐานทำให้เสียทรัพย์
ผู้ใดทำให้เสียหาย ทำลาย ทำให้เสื่อมค่าหรือทำให้ไร้ประโยชน์ ซึ่งทรัพย์ของผู้อื่นหรือผู้อื่นเป็นเจ้าของรวมอยู่ด้วย ผู้นั้นกระทำความผิดฐานทำให้เสียทรัพย์ ต้องระวางโทษจำคุกไม่เกินสามปี หรือปรับไม่เกินหกหมื่นบาท หรือทั้งจำทั้งปรับ",แยกประเด็นเป็นข้อเท็จจริง หลักกฎหมาย การปรับบท และสรุปความรับผิดของแต่ละคน,จับประเด็นข้อเท็จจริงสำคัญ (3 คะแนน) | ระบุหลักกฎหมายและมาตราที่เกี่ยวข้องถูกต้อง (4 คะแนน) | ปรับบทกับข้อเท็จจริงครบถ้วน (6 คะแนน) | สรุปฐานความผิด เหตุยกเว้น หรือผลทางอาญาชัดเจน (2 คะแนน),นำเข้าจาก pasted-text.txt สำหรับวิชา 41216 วันที่ 2026-07-16
q-writing-41216-import-025,ready,41216,2,ความผิดเกี่ยวกับอาหารและสาธารณสุข,คำถามที่เขียนตอบ,"80, 82, 236, 289(4)",ก. เอายาพิษใส่ถ้วยกาแฟวางบนโต๊ะอาหารเพื่อให้ ข. ...,ก. เอายาพิษใส่ถ้วยกาแฟวางบนโต๊ะอาหารเพื่อให้ ข. สามีที่มีเมียน้อยดื่ม เมื่อ ข. ยกแก้วกำลังจะดื่ม ก. เกิดสงสารจึงใช้มือปัดถ้วยกาแฟตกแตกกระจาย ข. รอดตาย,ให้วินิจฉัยความรับผิดของ ก.,"การเอายาพิษใส่แก้ววางให้ดื่มถือเป็นการกระทำขั้นสุดท้ายที่ใกล้ชิดต่อผล ถือเป็นขั้นลงมือพยายามฆ่าผู้อื่นโดยไตร่ตรองไว้ก่อนตามมาตรา 289(4) ประกอบมาตรา 80 แต่การที่ ก. ปัดแก้วทิ้งถือเป็นการกลับใจแก้ไขไม่ให้การกระทำนั้นบรรลุผลโดยสมัครใจตามมาตรา 82 ก. จึงได้รับการยกเว้นโทษในฐานพยายามฆ่า แต่อย่างไรก็ตาม การผสมยาพิษลงในอาหารเสร็จสิ้นแล้ว ก. จึงต้องรับโทษในความผิดฐานปลอมปนอาหารหรือเครื่องบริโภคเพื่อให้บุคคลอื่นเสพซึ่งน่าจะเกิดอันตรายแก่สุขภาพตามมาตรา 236 ซึ่งเป็นความผิดที่สำเร็จไปแล้ว

ตัวบทมาตราเต็ม:
มาตรา 80: พยายามกระทำความผิด
ผู้ใดลงมือกระทำความผิดแต่กระทำไปไม่ตลอด หรือกระทำไปตลอดแล้วแต่การกระทำนั้นไม่บรรลุผล ผู้นั้นได้ชื่อว่าพยายามกระทำความผิด
ผู้ใดพยายามกระทำความผิด ต้องระวางโทษสองในสามส่วนของโทษที่กฎหมายกำหนดไว้สำหรับความผิดนั้น

มาตรา 82: มาตราความผิดทางอาญา
ผู้ใดพยายามกระทำความผิด หากยับยั้งเสียเองไม่กระทำการไปให้ตลอด หรือกลับใจแก้ไขไม่ให้การกระทำนั้นบรรลุผล ผู้นั้นไม่ต้องรับโทษสำหรับการพยายามกระทำความผิดนั้น แต่ถ้าการที่ได้กระทำไปแล้วต้องบทกฎหมายที่บัญญัติเป็นความผิด ผู้นั้นต้องรับโทษสำหรับความผิดนั้นๆ

มาตรา 236: มาตราความผิดทางอาญา
ผู้ใดปลอมปนอาหาร ยา หรือเครื่องอุปโภคบริโภคอื่นใด เพื่อบุคคลอื่นเสพหรือใช้ และการปลอมปนนั้นน่าจะเป็นอันตรายแก่สุขภาพอนามัย ต้องระวางโทษจำคุกไม่เกินสามปี หรือปรับไม่เกินหกหมื่นบาท หรือทั้งจำทั้งปรับ

มาตรา 289(4): ความผิดฐานฆ่าผู้อื่น
(4) ฆ่าผู้อื่นโดยไตร่ตรองไว้ก่อน",การเอายาพิษใส่แก้ววางให้ดื่มถือเป็นการกระทำขั้นสุดท้ายที่ใกล้ชิดต่อผล ถือเป็นขั้นลงมือพยายามฆ่าผู้อื่นโดยไตร่ตรองไว้ก่อนตามมาตรา 289(4) ประกอบมาตรา 80 แต่การที่ ก. ปัดแก้วทิ้งถือเป็นการกลับใจแก้ไขไม่ให้การกระทำนั้นบรรลุผลโดยสมัครใจตามมาตรา 82 ก. จึงได้รับการยกเว้นโทษในฐานพยายามฆ่า แต่อย่างไรก็ตาม การผสมยาพิษลงในอาหารเสร็จสิ้นแล้ว ก. จึงต้องรับโทษในความผิดฐานปลอมปนอาหารหรือเครื่องบริโภคเพื่อให้บุคคลอื่นเสพซึ่งน่าจะเกิดอันตรายแก่สุขภาพตามมาตรา 236 ซึ่งเป็นความผิดที่สำเร็จไปแล้ว,โจทย์นี้อยู่ในหมวดความผิดเกี่ยวกับอาหารและสาธารณสุข,"มาตราที่ควรพิจารณา: 80, 82, 236, 289(4)

ตัวบทมาตราเต็ม:
มาตรา 80: พยายามกระทำความผิด
ผู้ใดลงมือกระทำความผิดแต่กระทำไปไม่ตลอด หรือกระทำไปตลอดแล้วแต่การกระทำนั้นไม่บรรลุผล ผู้นั้นได้ชื่อว่าพยายามกระทำความผิด
ผู้ใดพยายามกระทำความผิด ต้องระวางโทษสองในสามส่วนของโทษที่กฎหมายกำหนดไว้สำหรับความผิดนั้น

มาตรา 82: มาตราความผิดทางอาญา
ผู้ใดพยายามกระทำความผิด หากยับยั้งเสียเองไม่กระทำการไปให้ตลอด หรือกลับใจแก้ไขไม่ให้การกระทำนั้นบรรลุผล ผู้นั้นไม่ต้องรับโทษสำหรับการพยายามกระทำความผิดนั้น แต่ถ้าการที่ได้กระทำไปแล้วต้องบทกฎหมายที่บัญญัติเป็นความผิด ผู้นั้นต้องรับโทษสำหรับความผิดนั้นๆ

มาตรา 236: มาตราความผิดทางอาญา
ผู้ใดปลอมปนอาหาร ยา หรือเครื่องอุปโภคบริโภคอื่นใด เพื่อบุคคลอื่นเสพหรือใช้ และการปลอมปนนั้นน่าจะเป็นอันตรายแก่สุขภาพอนามัย ต้องระวางโทษจำคุกไม่เกินสามปี หรือปรับไม่เกินหกหมื่นบาท หรือทั้งจำทั้งปรับ

มาตรา 289(4): ความผิดฐานฆ่าผู้อื่น
(4) ฆ่าผู้อื่นโดยไตร่ตรองไว้ก่อน",แยกประเด็นเป็นข้อเท็จจริง หลักกฎหมาย การปรับบท และสรุปความรับผิดของแต่ละคน,จับประเด็นข้อเท็จจริงสำคัญ (3 คะแนน) | ระบุหลักกฎหมายและมาตราที่เกี่ยวข้องถูกต้อง (4 คะแนน) | ปรับบทกับข้อเท็จจริงครบถ้วน (6 คะแนน) | สรุปฐานความผิด เหตุยกเว้น หรือผลทางอาญาชัดเจน (2 คะแนน),นำเข้าจาก pasted-text.txt สำหรับวิชา 41216 วันที่ 2026-07-16
q-writing-41216-import-026,ready,41216,3,ความผิดเกี่ยวกับทรัพย์,คำถามที่เขียนตอบ,"1(2), 339, 349, 357, 364, 365",บุกรุก ลักทรัพย์ และรับของโจรที่ขาดมูลฐาน,นายต้นแอบเข้าไปในบ้านของนางแต๋นเจ้าหนี้ในเวลากลางคืน ขโมยสร้อยเพชรของตนเองที่จำนำไว้กับนางแต๋น แล้วนำไปขายให้นายต่อซึ่งรู้เรื่องทั้งหมด วันหนึ่งนายกร่างแอบมาด้านหลังใช้มือบีบคอนายต่อเบาๆ เพื่อกระชากสร้อยเพชรคันนั้นไป,วินิจฉัยความรับผิดของ นายต้น นายต่อ และนายกร่าง,"1. นายต้น: มีความผิดฐานบุกรุกเคหสถานในเวลากลางคืนตามมาตรา 365(3) ประกอบมาตรา 364 เนื่องจากเข้าไปโดยไม่มีเหตุอันสมควร ส่วนสร้อยเพชรยังเป็นกรรมสิทธิ์ของตนเอง ต้นจึงไม่มีความผิดฐานลักทรัพย์ แต่มีความผิดฐานโกงเจ้าหนี้ตามมาตรา 349 เพราะเอาทรัพย์ที่จำนำไว้ไปจากเจ้าหนี้เพื่อให้เกิดความเสียหายแก่ผู้รับจำนำ
2. นายต่อ: ไม่มีความผิดฐานรับของโจรตามมาตรา 357 แม้จะรู้ว่าต้นขโมยมา แต่ทรัพย์นั้นได้มาจากการกระทำความผิดฐาน ""โกงเจ้าหนี้"" ซึ่งไม่ใช่ฐานความผิดมูลฐาน 9 ข้อที่ระบุไว้ในมาตรา 357 (เช่น ลักทรัพย์ ยักยอก ฉ้อโกง) การรับไว้จึงไม่เป็นรับของโจร
3. นายกร่าง: การบีบคอเบาๆ เพื่อกระชากสร้อยถือเป็นการใช้กำลังประทุษร้ายตามมาตรา 1(2) เพื่อความสะดวกแก่การลักทรัพย์ นายกร่างจึงมีความผิดฐานชิงทรัพย์ตามมาตรา 339 วรรคหนึ่ง

ตัวบทมาตราเต็ม:
มาตรา 1(2): นิยามศัพท์กฎหมายอาญา
(2) 'ทางสาธารณประโยชน์' หมายความว่า ทางบกหรือทางน้ำสำหรับประชาชนใช้ในการจราจร และให้หมายความรวมถึงทางรถไฟและทางรถรางที่มีรถเดินสำหรับประชาชนโดยสารด้วย

มาตรา 339: ความผิดฐานลักทรัพย์
ผู้ใดลักทรัพย์โดยใช้กำลังประทุษร้ายหรือขู่เข็ญว่าในทันใดนั้นจะใช้กำลังประทุษร้าย เพื่อให้ความสะดวกแก่การลักทรัพย์หรือพาทรัพย์นั้นไป... ผู้นั้นกระทำความผิดฐานชิงทรัพย์ ต้องระวางโทษจำคุกตั้งแต่ห้าปีถึงสิบปี และปรับตั้งแต่หนึ่งแสนบาทถึงสองแสนบาท

มาตรา 349: มาตราความผิดทางอาญา
ผู้ใดเอาไป เสียหาย ทำลาย ทำให้เสื่อมค่าหรือทำให้ไร้ประโยชน์ซึ่งทรัพย์อันเป็นจำนำ ถ้าได้กระทำเพื่อให้เกิดความเสียหายแก่ผู้รับจำนำ ต้องระวางโทษจำคุกไม่เกินสองปี หรือปรับไม่เกินสี่หมื่นบาท หรือทั้งจำทั้งปรับ

มาตรา 357: ความผิดฐานรับของโจร
ผู้ใดช่วยซ่อนเร้น ช่วยจำหน่าย ช่วยพาเอาไปเสีย ซื้อ รับจำนำหรือรับไว้โดยประการใดซึ่งทรัพย์อันได้มาโดยการกระทำความผิด... ผู้นั้นกระทำความผิดฐานรับของโจร ต้องระวางโทษจำคุกไม่เกินห้าปี หรือปรับไม่เกินหนึ่งแสนบาท หรือทั้งจำทั้งปรับ

มาตรา 364: มาตราความผิดทางอาญา
ผู้ใดโดยไม่มีเหตุอันสมควร เข้าไปหรือซ่อนตัวอยู่ในเคหสถาน อาคารเก็บรักษาทรัพย์หรือสำนักงานในความครอบครองของผู้อื่น... ต้องระวางโทษจำคุกไม่เกินหนึ่งปี หรือปรับไม่เกินสองหมื่นบาท หรือทั้งจำทั้งปรับ

มาตรา 365: มาตราความผิดทางอาญา
ถ้าการกระทำความผิดตามมาตรา 362 มาตรา 363 หรือมาตรา 364 ได้กระทำโดยใช้กำลังประทุษร้าย, มีอาวุธ/ร่วมกันตั้งแต่สองคนขึ้นไป หรือในเวลากลางคืน ต้องระวางโทษจำคุกไม่เกินห้าปี หรือปรับไม่เกินหนึ่งแสนบาท หรือทั้งจำทั้งปรับ","1. นายต้น: มีความผิดฐานบุกรุกเคหสถานในเวลากลางคืนตามมาตรา 365(3) ประกอบมาตรา 364 เนื่องจากเข้าไปโดยไม่มีเหตุอันสมควร ส่วนสร้อยเพชรยังเป็นกรรมสิทธิ์ของตนเอง ต้นจึงไม่มีความผิดฐานลักทรัพย์ แต่มีความผิดฐานโกงเจ้าหนี้ตามมาตรา 349 เพราะเอาทรัพย์ที่จำนำไว้ไปจากเจ้าหนี้เพื่อให้เกิดความเสียหายแก่ผู้รับจำนำ | 2. นายต่อ: ไม่มีความผิดฐานรับของโจรตามมาตรา 357 แม้จะรู้ว่าต้นขโมยมา แต่ทรัพย์นั้นได้มาจากการกระทำความผิดฐาน ""โกงเจ้าหนี้"" ซึ่งไม่ใช่ฐานความผิดมูลฐาน 9 ข้อที่ระบุไว้ในมาตรา 357 (เช่น ลักทรัพย์ ยักยอก ฉ้อโกง) การรับไว้จึงไม่เป็นรับของโจร | 3. นายกร่าง: การบีบคอเบาๆ เพื่อกระชากสร้อยถือเป็นการใช้กำลังประทุษร้ายตามมาตรา 1(2) เพื่อความสะดวกแก่การลักทรัพย์ นายกร่างจึงมีความผิดฐานชิงทรัพย์ตามมาตรา 339 วรรคหนึ่ง",โจทย์นี้อยู่ในหมวดความผิดเกี่ยวกับทรัพย์,"มาตราที่ควรพิจารณา: 1(2), 339, 349, 357, 364, 365

ตัวบทมาตราเต็ม:
มาตรา 1(2): นิยามศัพท์กฎหมายอาญา
(2) 'ทางสาธารณประโยชน์' หมายความว่า ทางบกหรือทางน้ำสำหรับประชาชนใช้ในการจราจร และให้หมายความรวมถึงทางรถไฟและทางรถรางที่มีรถเดินสำหรับประชาชนโดยสารด้วย

มาตรา 339: ความผิดฐานลักทรัพย์
ผู้ใดลักทรัพย์โดยใช้กำลังประทุษร้ายหรือขู่เข็ญว่าในทันใดนั้นจะใช้กำลังประทุษร้าย เพื่อให้ความสะดวกแก่การลักทรัพย์หรือพาทรัพย์นั้นไป... ผู้นั้นกระทำความผิดฐานชิงทรัพย์ ต้องระวางโทษจำคุกตั้งแต่ห้าปีถึงสิบปี และปรับตั้งแต่หนึ่งแสนบาทถึงสองแสนบาท

มาตรา 349: มาตราความผิดทางอาญา
ผู้ใดเอาไป เสียหาย ทำลาย ทำให้เสื่อมค่าหรือทำให้ไร้ประโยชน์ซึ่งทรัพย์อันเป็นจำนำ ถ้าได้กระทำเพื่อให้เกิดความเสียหายแก่ผู้รับจำนำ ต้องระวางโทษจำคุกไม่เกินสองปี หรือปรับไม่เกินสี่หมื่นบาท หรือทั้งจำทั้งปรับ

มาตรา 357: ความผิดฐานรับของโจร
ผู้ใดช่วยซ่อนเร้น ช่วยจำหน่าย ช่วยพาเอาไปเสีย ซื้อ รับจำนำหรือรับไว้โดยประการใดซึ่งทรัพย์อันได้มาโดยการกระทำความผิด... ผู้นั้นกระทำความผิดฐานรับของโจร ต้องระวางโทษจำคุกไม่เกินห้าปี หรือปรับไม่เกินหนึ่งแสนบาท หรือทั้งจำทั้งปรับ

มาตรา 364: มาตราความผิดทางอาญา
ผู้ใดโดยไม่มีเหตุอันสมควร เข้าไปหรือซ่อนตัวอยู่ในเคหสถาน อาคารเก็บรักษาทรัพย์หรือสำนักงานในความครอบครองของผู้อื่น... ต้องระวางโทษจำคุกไม่เกินหนึ่งปี หรือปรับไม่เกินสองหมื่นบาท หรือทั้งจำทั้งปรับ

มาตรา 365: มาตราความผิดทางอาญา
ถ้าการกระทำความผิดตามมาตรา 362 มาตรา 363 หรือมาตรา 364 ได้กระทำโดยใช้กำลังประทุษร้าย, มีอาวุธ/ร่วมกันตั้งแต่สองคนขึ้นไป หรือในเวลากลางคืน ต้องระวางโทษจำคุกไม่เกินห้าปี หรือปรับไม่เกินหนึ่งแสนบาท หรือทั้งจำทั้งปรับ",แยกประเด็นเป็นข้อเท็จจริง หลักกฎหมาย การปรับบท และสรุปความรับผิดของแต่ละคน,จับประเด็นข้อเท็จจริงสำคัญ (3 คะแนน) | ระบุหลักกฎหมายและมาตราที่เกี่ยวข้องถูกต้อง (4 คะแนน) | ปรับบทกับข้อเท็จจริงครบถ้วน (6 คะแนน) | สรุปฐานความผิด เหตุยกเว้น หรือผลทางอาญาชัดเจน (2 คะแนน),นำเข้าจาก pasted-text.txt สำหรับวิชา 41216 วันที่ 2026-07-16
q-writing-41216-import-027,ready,41216,2,ความผิดเกี่ยวกับทรัพย์,คำถามที่เขียนตอบ,"59 วรรคสาม, 71, 352, 357",นายเดชยืมรถจักรยานยนต์ของนางแดงภริยาไปใช้ แล้วแอ...,นายเดชยืมรถจักรยานยนต์ของนางแดงภริยาไปใช้ แล้วแอบเอาไปยกให้แก่นายสาวส้มภริยาน้อย สองสัปดาห์ต่อมานางแดงเจอรถจอดอยู่หน้าร้านค้าจึงใช้กุญแจสำรองสตาร์ทรถจะขับกลับ นางสาวส้มมาเห็นตรงเข้าผลักนางแดงตกจากรถแล้วชิงขับรถหนีไปโดยส้มเข้าใจว่าเป็นรถของตน,วินิจฉัยความรับผิดของนายเดชและนางสาวส้ม,"1. นายเดช: มีความผิดฐานยักยอกทรัพย์ตามมาตรา 352 วรรคหนึ่ง เพราะครอบครองรถของผู้อื่นแล้วเบียดบังเอาไปให้บุคคลที่สามโดยทุจริต แต่เนื่องจากเป็นการกระทำต่อทรัพย์ของภริยา นายเดชจึงได้รับการยกเว้นโทษตามมาตรา 71 วรรคหนึ่ง (ผิดแต่ไม่ต้องรับโทษ)
2. นางสาวส้ม: (กรณีรับรถ) ไม่ผิดรับของโจรตามมาตรา 357 เพราะไม่รู้ว่าเป็นทรัพย์ที่ได้มาจากการกระทำความผิด (กรณีผลักแดงตกจากรถ) ส้มกระทำไปโดยเข้าใจว่ารถเป็นของตนเองที่เดชยกให้ จึงเป็นการไม่รู้ข้อเท็จจริงอันเป็นองค์ประกอบความผิดตามมาตรา 59 วรรคสาม ส้มขาดเจตนาลักทรัพย์ จึงไม่มีความผิดฐานชิงทรัพย์หรือทำร้ายร่างกายเนื่องจากสำคัญผิดในเนื้อหาทรัพย์สิน

ตัวบทมาตราเต็ม:
มาตรา 59 วรรคสาม: หลักเรื่องเจตนาและความประมาท
ถ้าผู้กระทำมิได้รู้ข้อเท็จจริงอันเป็นองค์ประกอบของความผิด จะถือว่าผู้กระทำประสงค์ต่อผล หรือย่อมเล็งเห็นผลของการกระทำนั้นมิได้

มาตรา 71: มาตราความผิดทางอาญา
ความผิดตามที่บัญญัติไว้ในมาตรา 334 ถึงมาตรา 336 วรรคแรก และมาตรา 341 ถึงมาตรา 364 นั้น ถ้าเป็นการกระทำที่สามีกระทำต่อภริยา หรือภริยากระทำต่อสามี ผู้กระทำไม่ต้องรับโทษ ความผิดดังระบุมานี้ ถ้าเป็นการกระทำที่ผู้บุพการีกระทำต่อผู้สืบสันดาน ผู้สืบสันดานกระทำต่อผู้บุพการี หรือพี่น้องร่วมบิดามารดาเดียวกันกระทำต่อกัน แม้กฎหมายมิได้บัญญัติให้ยกเว้นโทษ ศาลจะลงโทษน้อยกว่าที่กฎหมายกำหนดไว้สำหรับความผิดนั้นเพียงใดก็ได้ หรือศาลจะสั่งไม่ลงโทษเลยก็ได้

มาตรา 352: ความผิดฐานยักยอกทรัพย์
ผู้ใดครอบครองทรัพย์ซึ่งเป็นของผู้อื่น หรือซึ่งผู้อื่นเป็นเจ้าของรวมอยู่ด้วย เบียดบังเอาทรัพย์นั้นเป็นของตนหรือบุคคลที่สามโดยทุจริต ผู้นั้นกระทำความผิดฐานยักยอก ต้องระวางโทษจำคุกไม่เกินสามปี หรือปรับไม่เกินหกหมื่นบาท หรือทั้งจำทั้งปรับ (มีโทษจำคุกไม่เกินหนึ่งปีหกเดือนในกรณีทรัพย์สินหายหรือส่งมอบโดยสำคัญผิด)

มาตรา 357: ความผิดฐานรับของโจร
ผู้ใดช่วยซ่อนเร้น ช่วยจำหน่าย ช่วยพาเอาไปเสีย ซื้อ รับจำนำหรือรับไว้โดยประการใดซึ่งทรัพย์อันได้มาโดยการกระทำความผิด... ผู้นั้นกระทำความผิดฐานรับของโจร ต้องระวางโทษจำคุกไม่เกินห้าปี หรือปรับไม่เกินหนึ่งแสนบาท หรือทั้งจำทั้งปรับ",1. นายเดช: มีความผิดฐานยักยอกทรัพย์ตามมาตรา 352 วรรคหนึ่ง เพราะครอบครองรถของผู้อื่นแล้วเบียดบังเอาไปให้บุคคลที่สามโดยทุจริต แต่เนื่องจากเป็นการกระทำต่อทรัพย์ของภริยา นายเดชจึงได้รับการยกเว้นโทษตามมาตรา 71 วรรคหนึ่ง (ผิดแต่ไม่ต้องรับโทษ) | 2. นางสาวส้ม: (กรณีรับรถ) ไม่ผิดรับของโจรตามมาตรา 357 เพราะไม่รู้ว่าเป็นทรัพย์ที่ได้มาจากการกระทำความผิด (กรณีผลักแดงตกจากรถ) ส้มกระทำไปโดยเข้าใจว่ารถเป็นของตนเองที่เดชยกให้ จึงเป็นการไม่รู้ข้อเท็จจริงอันเป็นองค์ประกอบความผิดตามมาตรา 59 วรรคสาม ส้มขาดเจตนาลักทรัพย์ จึงไม่มีความผิดฐานชิงทรัพย์หรือทำร้ายร่างกายเนื่องจากสำคัญผิดในเนื้อหาทรัพย์สิน,โจทย์นี้อยู่ในหมวดความผิดเกี่ยวกับทรัพย์,"มาตราที่ควรพิจารณา: 59 วรรคสาม, 71, 352, 357

ตัวบทมาตราเต็ม:
มาตรา 59 วรรคสาม: หลักเรื่องเจตนาและความประมาท
ถ้าผู้กระทำมิได้รู้ข้อเท็จจริงอันเป็นองค์ประกอบของความผิด จะถือว่าผู้กระทำประสงค์ต่อผล หรือย่อมเล็งเห็นผลของการกระทำนั้นมิได้

มาตรา 71: มาตราความผิดทางอาญา
ความผิดตามที่บัญญัติไว้ในมาตรา 334 ถึงมาตรา 336 วรรคแรก และมาตรา 341 ถึงมาตรา 364 นั้น ถ้าเป็นการกระทำที่สามีกระทำต่อภริยา หรือภริยากระทำต่อสามี ผู้กระทำไม่ต้องรับโทษ ความผิดดังระบุมานี้ ถ้าเป็นการกระทำที่ผู้บุพการีกระทำต่อผู้สืบสันดาน ผู้สืบสันดานกระทำต่อผู้บุพการี หรือพี่น้องร่วมบิดามารดาเดียวกันกระทำต่อกัน แม้กฎหมายมิได้บัญญัติให้ยกเว้นโทษ ศาลจะลงโทษน้อยกว่าที่กฎหมายกำหนดไว้สำหรับความผิดนั้นเพียงใดก็ได้ หรือศาลจะสั่งไม่ลงโทษเลยก็ได้

มาตรา 352: ความผิดฐานยักยอกทรัพย์
ผู้ใดครอบครองทรัพย์ซึ่งเป็นของผู้อื่น หรือซึ่งผู้อื่นเป็นเจ้าของรวมอยู่ด้วย เบียดบังเอาทรัพย์นั้นเป็นของตนหรือบุคคลที่สามโดยทุจริต ผู้นั้นกระทำความผิดฐานยักยอก ต้องระวางโทษจำคุกไม่เกินสามปี หรือปรับไม่เกินหกหมื่นบาท หรือทั้งจำทั้งปรับ (มีโทษจำคุกไม่เกินหนึ่งปีหกเดือนในกรณีทรัพย์สินหายหรือส่งมอบโดยสำคัญผิด)

มาตรา 357: ความผิดฐานรับของโจร
ผู้ใดช่วยซ่อนเร้น ช่วยจำหน่าย ช่วยพาเอาไปเสีย ซื้อ รับจำนำหรือรับไว้โดยประการใดซึ่งทรัพย์อันได้มาโดยการกระทำความผิด... ผู้นั้นกระทำความผิดฐานรับของโจร ต้องระวางโทษจำคุกไม่เกินห้าปี หรือปรับไม่เกินหนึ่งแสนบาท หรือทั้งจำทั้งปรับ",แยกประเด็นเป็นข้อเท็จจริง หลักกฎหมาย การปรับบท และสรุปความรับผิดของแต่ละคน,จับประเด็นข้อเท็จจริงสำคัญ (3 คะแนน) | ระบุหลักกฎหมายและมาตราที่เกี่ยวข้องถูกต้อง (4 คะแนน) | ปรับบทกับข้อเท็จจริงครบถ้วน (6 คะแนน) | สรุปฐานความผิด เหตุยกเว้น หรือผลทางอาญาชัดเจน (2 คะแนน),นำเข้าจาก pasted-text.txt สำหรับวิชา 41216 วันที่ 2026-07-16
q-writing-41216-import-028,ready,41216,3,ความผิดต่อร่างกาย,คำถามที่เขียนตอบ,"1(4), 295, 297, 334, 358, 362, 364, 365",นายหมื่นลงไปในแพที่อยู่อาศัยของนายตรี ไล่ชกต่อยเ...,นายหมื่นลงไปในแพที่อยู่อาศัยของนายตรี ไล่ชกต่อยเตะนายตรีจนแขนเคล็ดทำงานไม่สะดวกอยู่ 3 เดือนจึงหาย และยังเอาเสื้อของนายตรีโยนทิ้งลงในน้ำสกปรก ระหว่างนั้นนายมืดพายเรือผ่านมาเห็นเหตุการณ์จึงเข้าไปเก็บเอาเสื้อของนายตรีในน้ำไปเป็นของตน,วินิจฉัยความรับผิดของนายหมื่นและนายมืด,"1. นายหมื่น: มีความผิดฐานบุกรุกเคหสถานโดยใช้กำลังประทุษร้ายตามมาตรา 365(1) ประกอบมาตรา 364 เพราะแพที่ใช้นอนถือเป็นเคหสถานตามมาตรา 1(4) แต่ไม่มีความผิดบุกรุกตามมาตรา 362 เพราะแพเป็นสังหาริมทรัพย์ ไม่ใช่อสังหาริมทรัพย์ ด้านการทำร้ายร่างกาย หมื่นมีความผิดฐานทำร้ายร่างกายตามมาตรา 295 แต่ไม่ผิดมาตรา 297(8) (อันตรายสาหัส) เพราะแขนเคล็ดไม่เข้าข่ายทุพพลภาพหรือป่วยเจ็บด้วยอาการทุกขเวทนาเกินกว่า 20 วัน และหมื่นยังมีความผิดฐานทำให้เสียทรัพย์ตามมาตรา 358 จากการโยนเสื้อลงน้ำสกปรก
2. นายมืด: มีความผิดฐานลักทรัพย์ตามมาตรา 334 เนื่องจากเสื้อที่ตกน้ำกรรมสิทธิ์ยังเป็นของนายตรี การที่มืดถือโอกาสเก็บเอาไปเป็นของตนจึงเป็นการเอาทรัพย์ของผู้อื่นไปโดยทุจริต

ตัวบทมาตราเต็ม:
มาตรา 1(4): นิยามศัพท์กฎหมายอาญา
(4) 'เคหสถาน' หมายความว่า ที่ซึ่งใช้เป็นที่อยู่อาศัย เช่น เรือน โรง เรือ หรือแพ ซึ่งคนอยู่อาศัย และให้หมายความรวมถึงบริเวณของที่ซึ่งใช้เป็นที่อยู่อาศัยนั้นด้วย จะมีรั้วล้อมหรือไม่ก็ตาม

มาตรา 295: ความผิดฐานทำร้ายร่างกาย
ผู้ใดทำร้ายผู้อื่น จนเป็นเหตุให้เกิดอันตรายแก่กายหรือจิตใจของผู้อื่นนั้น ผู้นั้นกระทำความผิดฐานทำร้ายร่างกาย ต้องระวางโทษจำคุกไม่เกินสองปี หรือปรับไม่เกินสี่หมื่นบาท หรือทั้งจำทั้งปรับ

มาตรา 297: ทำร้ายร่างกายสาหัส
ผู้ใดกระทำความผิดฐานทำร้ายร่างกาย จนเป็นเหตุให้ผู้ถูกกระทำร้ายรับอันตรายสาหัส ต้องระวางโทษจำคุกตั้งแต่หกเดือนถึงสิบปี และปรับตั้งแต่หนึ่งหมื่นบาทถึงสองแสนบาท อันตรายสาหัสนั้น คือ (1) ตาบอด หูหนวก ลิ้นขาด หรือเสียฆานประสาท (2) เสียอวัยวะสืบพันธุ์ หรือความสามารถสืบพันธุ์ (3) เสียแขน ขา มือ เท้า นิ้วหรืออวัยวะอื่นใด (4) หน้าเสียโฉมอย่างติดตัว (5) แท้งลูก (6) จิตพิการอย่างติดตัว (7) ทุพพลภาพ หรือเจ็บป่วยเรื้อรังซึ่งอาจถึงตลอดชีวิต (8) ทุพพลภาพหรือเจ็บป่วยด้วยอาการทุกขเวทนาเกินกว่ายี่สิบวัน หรือจนประกอบภารกิจตามปกติไม่ได้เกินกว่ายี่สิบวัน

มาตรา 334: ความผิดฐานลักทรัพย์
ผู้ใดเอาทรัพย์ของผู้อื่น หรือที่ผู้อื่นเป็นเจ้าของรวมอยู่ด้วยไปโดยทุจริต ผู้นั้นกระทำความผิดฐานลักทรัพย์ ต้องระวางโทษจำคุกไม่เกินสามปี และปรับไม่เกินหกหมื่นบาท

มาตรา 358: ความผิดฐานทำให้เสียทรัพย์
ผู้ใดทำให้เสียหาย ทำลาย ทำให้เสื่อมค่าหรือทำให้ไร้ประโยชน์ ซึ่งทรัพย์ของผู้อื่นหรือผู้อื่นเป็นเจ้าของรวมอยู่ด้วย ผู้นั้นกระทำความผิดฐานทำให้เสียทรัพย์ ต้องระวางโทษจำคุกไม่เกินสามปี หรือปรับไม่เกินหกหมื่นบาท หรือทั้งจำทั้งปรับ

มาตรา 362: ความผิดฐานบุกรุก
ผู้ใดเข้าไปในอสังหาริมทรัพย์ของผู้อื่น เพื่อถือการครอบครองอสังหาริมทรัพย์นั้นทั้งหมดหรือแต่บางส่วน หรือเข้าไปกระทำการใดๆ อันเป็นการรบกวนการครอบครองอสังหาริมทรัพย์ของเขาโดยปกติสุข ผู้นั้นกระทำความผิดฐานบุกรุก ต้องระวางโทษจำคุกไม่เกินหนึ่งปี หรือปรับไม่เกินสองหมื่นบาท หรือทั้งจำทั้งปรับ

มาตรา 364: มาตราความผิดทางอาญา
ผู้ใดโดยไม่มีเหตุอันสมควร เข้าไปหรือซ่อนตัวอยู่ในเคหสถาน อาคารเก็บรักษาทรัพย์หรือสำนักงานในความครอบครองของผู้อื่น... ต้องระวางโทษจำคุกไม่เกินหนึ่งปี หรือปรับไม่เกินสองหมื่นบาท หรือทั้งจำทั้งปรับ

มาตรา 365: มาตราความผิดทางอาญา
ถ้าการกระทำความผิดตามมาตรา 362 มาตรา 363 หรือมาตรา 364 ได้กระทำโดยใช้กำลังประทุษร้าย, มีอาวุธ/ร่วมกันตั้งแต่สองคนขึ้นไป หรือในเวลากลางคืน ต้องระวางโทษจำคุกไม่เกินห้าปี หรือปรับไม่เกินหนึ่งแสนบาท หรือทั้งจำทั้งปรับ",1. นายหมื่น: มีความผิดฐานบุกรุกเคหสถานโดยใช้กำลังประทุษร้ายตามมาตรา 365(1) ประกอบมาตรา 364 เพราะแพที่ใช้นอนถือเป็นเคหสถานตามมาตรา 1(4) แต่ไม่มีความผิดบุกรุกตามมาตรา 362 เพราะแพเป็นสังหาริมทรัพย์ ไม่ใช่อสังหาริมทรัพย์ ด้านการทำร้ายร่างกาย หมื่นมีความผิดฐานทำร้ายร่างกายตามมาตรา 295 แต่ไม่ผิดมาตรา 297(8) (อันตรายสาหัส) เพราะแขนเคล็ดไม่เข้าข่ายทุพพลภาพหรือป่วยเจ็บด้วยอาการทุกขเวทนาเกินกว่า 20 วัน และหมื่นยังมีความผิดฐานทำให้เสียทรัพย์ตามมาตรา 358 จากการโยนเสื้อลงน้ำสกปรก | 2. นายมืด: มีความผิดฐานลักทรัพย์ตามมาตรา 334 เนื่องจากเสื้อที่ตกน้ำกรรมสิทธิ์ยังเป็นของนายตรี การที่มืดถือโอกาสเก็บเอาไปเป็นของตนจึงเป็นการเอาทรัพย์ของผู้อื่นไปโดยทุจริต,โจทย์นี้อยู่ในหมวดความผิดต่อร่างกาย,"มาตราที่ควรพิจารณา: 1(4), 295, 297, 334, 358, 362, 364, 365

ตัวบทมาตราเต็ม:
มาตรา 1(4): นิยามศัพท์กฎหมายอาญา
(4) 'เคหสถาน' หมายความว่า ที่ซึ่งใช้เป็นที่อยู่อาศัย เช่น เรือน โรง เรือ หรือแพ ซึ่งคนอยู่อาศัย และให้หมายความรวมถึงบริเวณของที่ซึ่งใช้เป็นที่อยู่อาศัยนั้นด้วย จะมีรั้วล้อมหรือไม่ก็ตาม

มาตรา 295: ความผิดฐานทำร้ายร่างกาย
ผู้ใดทำร้ายผู้อื่น จนเป็นเหตุให้เกิดอันตรายแก่กายหรือจิตใจของผู้อื่นนั้น ผู้นั้นกระทำความผิดฐานทำร้ายร่างกาย ต้องระวางโทษจำคุกไม่เกินสองปี หรือปรับไม่เกินสี่หมื่นบาท หรือทั้งจำทั้งปรับ

มาตรา 297: ทำร้ายร่างกายสาหัส
ผู้ใดกระทำความผิดฐานทำร้ายร่างกาย จนเป็นเหตุให้ผู้ถูกกระทำร้ายรับอันตรายสาหัส ต้องระวางโทษจำคุกตั้งแต่หกเดือนถึงสิบปี และปรับตั้งแต่หนึ่งหมื่นบาทถึงสองแสนบาท อันตรายสาหัสนั้น คือ (1) ตาบอด หูหนวก ลิ้นขาด หรือเสียฆานประสาท (2) เสียอวัยวะสืบพันธุ์ หรือความสามารถสืบพันธุ์ (3) เสียแขน ขา มือ เท้า นิ้วหรืออวัยวะอื่นใด (4) หน้าเสียโฉมอย่างติดตัว (5) แท้งลูก (6) จิตพิการอย่างติดตัว (7) ทุพพลภาพ หรือเจ็บป่วยเรื้อรังซึ่งอาจถึงตลอดชีวิต (8) ทุพพลภาพหรือเจ็บป่วยด้วยอาการทุกขเวทนาเกินกว่ายี่สิบวัน หรือจนประกอบภารกิจตามปกติไม่ได้เกินกว่ายี่สิบวัน

มาตรา 334: ความผิดฐานลักทรัพย์
ผู้ใดเอาทรัพย์ของผู้อื่น หรือที่ผู้อื่นเป็นเจ้าของรวมอยู่ด้วยไปโดยทุจริต ผู้นั้นกระทำความผิดฐานลักทรัพย์ ต้องระวางโทษจำคุกไม่เกินสามปี และปรับไม่เกินหกหมื่นบาท

มาตรา 358: ความผิดฐานทำให้เสียทรัพย์
ผู้ใดทำให้เสียหาย ทำลาย ทำให้เสื่อมค่าหรือทำให้ไร้ประโยชน์ ซึ่งทรัพย์ของผู้อื่นหรือผู้อื่นเป็นเจ้าของรวมอยู่ด้วย ผู้นั้นกระทำความผิดฐานทำให้เสียทรัพย์ ต้องระวางโทษจำคุกไม่เกินสามปี หรือปรับไม่เกินหกหมื่นบาท หรือทั้งจำทั้งปรับ

มาตรา 362: ความผิดฐานบุกรุก
ผู้ใดเข้าไปในอสังหาริมทรัพย์ของผู้อื่น เพื่อถือการครอบครองอสังหาริมทรัพย์นั้นทั้งหมดหรือแต่บางส่วน หรือเข้าไปกระทำการใดๆ อันเป็นการรบกวนการครอบครองอสังหาริมทรัพย์ของเขาโดยปกติสุข ผู้นั้นกระทำความผิดฐานบุกรุก ต้องระวางโทษจำคุกไม่เกินหนึ่งปี หรือปรับไม่เกินสองหมื่นบาท หรือทั้งจำทั้งปรับ

มาตรา 364: มาตราความผิดทางอาญา
ผู้ใดโดยไม่มีเหตุอันสมควร เข้าไปหรือซ่อนตัวอยู่ในเคหสถาน อาคารเก็บรักษาทรัพย์หรือสำนักงานในความครอบครองของผู้อื่น... ต้องระวางโทษจำคุกไม่เกินหนึ่งปี หรือปรับไม่เกินสองหมื่นบาท หรือทั้งจำทั้งปรับ

มาตรา 365: มาตราความผิดทางอาญา
ถ้าการกระทำความผิดตามมาตรา 362 มาตรา 363 หรือมาตรา 364 ได้กระทำโดยใช้กำลังประทุษร้าย, มีอาวุธ/ร่วมกันตั้งแต่สองคนขึ้นไป หรือในเวลากลางคืน ต้องระวางโทษจำคุกไม่เกินห้าปี หรือปรับไม่เกินหนึ่งแสนบาท หรือทั้งจำทั้งปรับ",แยกประเด็นเป็นข้อเท็จจริง หลักกฎหมาย การปรับบท และสรุปความรับผิดของแต่ละคน,จับประเด็นข้อเท็จจริงสำคัญ (3 คะแนน) | ระบุหลักกฎหมายและมาตราที่เกี่ยวข้องถูกต้อง (4 คะแนน) | ปรับบทกับข้อเท็จจริงครบถ้วน (6 คะแนน) | สรุปฐานความผิด เหตุยกเว้น หรือผลทางอาญาชัดเจน (2 คะแนน),นำเข้าจาก pasted-text.txt สำหรับวิชา 41216 วันที่ 2026-07-16
q-writing-41216-import-029,ready,41216,3,ความผิดต่อชีวิต,คำถามที่เขียนตอบ,"80, 289(4), 335, 352, 357",นายหาญแอบเข้าไปเอาปืนในรถยนต์ของนายหลงที่ลืมเปิด...,นายหาญแอบเข้าไปเอาปืนในรถยนต์ของนายหลงที่ลืมเปิดประตูทิ้งไว้ในเวลากลางคืน จากนั้นวางแผนฆ่านายกล้ามคู่อริ ดักซุ่มอยู่ 3 วันโดยนิ้วอยู่ในโกร่งไกพร้อมยิง ระหว่างรอตำรวจสายตรวจผ่านมา นายหาญตกใจจึงโยนปืนให้นายแก้วเพื่อนสนิทช่วยเก็บรักษาไว้โดยแก้วไม่รู้ว่าขโมยมา ต่อมานายแก้วแอบเอาปืนไปขาย,วินิจฉัยความรับผิดของหาญและแก้ว,"1. นายหาญ: มีความผิดฐานลักทรัพย์ในเวลากลางคืนตามมาตรา 335(1) วรรคแรก แต่ไม่ผิดมาตรา 335(3) (ผ่านสิ่งกีดกั้น) เพราะประตูรถเปิดทิ้งไว้ไม่ได้ทำลายหรือผ่านสิ่งกีดกั้นเข้าไป ส่วนกรณีดักซุ่มยิงนายกล้าม นายหาญไม่มีความผิดฐานพยายามฆ่าโดยไตร่ตรองไว้ก่อนตามมาตรา 289(4) ประกอบมาตรา 80 เพราะนายกล้ามยังมาไม่ถึงและยังไม่ปรากฏตัว การกระทำจึงยังไม่ถึงขั้นใกล้ชิดต่อผลหรือยังไม่ลงมือกระทำความผิด
2. นายแก้ว: ไม่มีความผิดฐานรับของโจรตามมาตรา 357 เพราะขณะรับปืนไว้ไม่รู้ว่าเป็นทรัพย์ที่ได้มาจากการกระทำความผิด แต่การที่แก้วแอบเอาปืนที่รับฝากรักษาไว้ไปขาย ถือเป็นการเบียดบังทรัพย์ในความครอบครองของตนไปโดยทุจริต แก้วจึงมีความผิดฐานยักยอกทรัพย์ตามมาตรา 352 วรรคหนึ่ง

ตัวบทมาตราเต็ม:
มาตรา 80: พยายามกระทำความผิด
ผู้ใดลงมือกระทำความผิดแต่กระทำไปไม่ตลอด หรือกระทำไปตลอดแล้วแต่การกระทำนั้นไม่บรรลุผล ผู้นั้นได้ชื่อว่าพยายามกระทำความผิด
ผู้ใดพยายามกระทำความผิด ต้องระวางโทษสองในสามส่วนของโทษที่กฎหมายกำหนดไว้สำหรับความผิดนั้น

มาตรา 289(4): ความผิดฐานฆ่าผู้อื่น
(4) ฆ่าผู้อื่นโดยไตร่ตรองไว้ก่อน

มาตรา 335: ความผิดฐานลักทรัพย์
ผู้ใดลักทรัพย์ในเวลากลางคืน, ในที่อุกฉกรรจ์, โดยแปลงตัว, หรือมีเหตุฉกรรจ์อื่นๆ ตาม (1) ถึง (12) ต้องระวางโทษจำคุกตั้งแต่หนึ่งปีถึงห้าปี และปรับตั้งแต่สองหมื่นบาทถึงหนึ่งแสนบาท

มาตรา 352: ความผิดฐานยักยอกทรัพย์
ผู้ใดครอบครองทรัพย์ซึ่งเป็นของผู้อื่น หรือซึ่งผู้อื่นเป็นเจ้าของรวมอยู่ด้วย เบียดบังเอาทรัพย์นั้นเป็นของตนหรือบุคคลที่สามโดยทุจริต ผู้นั้นกระทำความผิดฐานยักยอก ต้องระวางโทษจำคุกไม่เกินสามปี หรือปรับไม่เกินหกหมื่นบาท หรือทั้งจำทั้งปรับ (มีโทษจำคุกไม่เกินหนึ่งปีหกเดือนในกรณีทรัพย์สินหายหรือส่งมอบโดยสำคัญผิด)

มาตรา 357: ความผิดฐานรับของโจร
ผู้ใดช่วยซ่อนเร้น ช่วยจำหน่าย ช่วยพาเอาไปเสีย ซื้อ รับจำนำหรือรับไว้โดยประการใดซึ่งทรัพย์อันได้มาโดยการกระทำความผิด... ผู้นั้นกระทำความผิดฐานรับของโจร ต้องระวางโทษจำคุกไม่เกินห้าปี หรือปรับไม่เกินหนึ่งแสนบาท หรือทั้งจำทั้งปรับ",1. นายหาญ: มีความผิดฐานลักทรัพย์ในเวลากลางคืนตามมาตรา 335(1) วรรคแรก แต่ไม่ผิดมาตรา 335(3) (ผ่านสิ่งกีดกั้น) เพราะประตูรถเปิดทิ้งไว้ไม่ได้ทำลายหรือผ่านสิ่งกีดกั้นเข้าไป ส่วนกรณีดักซุ่มยิงนายกล้าม นายหาญไม่มีความผิดฐานพยายามฆ่าโดยไตร่ตรองไว้ก่อนตามมาตรา 289(4) ประกอบมาตรา 80 เพราะนายกล้ามยังมาไม่ถึงและยังไม่ปรากฏตัว การกระทำจึงยังไม่ถึงขั้นใกล้ชิดต่อผลหรือยังไม่ลงมือกระทำความผิด | 2. นายแก้ว: ไม่มีความผิดฐานรับของโจรตามมาตรา 357 เพราะขณะรับปืนไว้ไม่รู้ว่าเป็นทรัพย์ที่ได้มาจากการกระทำความผิด แต่การที่แก้วแอบเอาปืนที่รับฝากรักษาไว้ไปขาย ถือเป็นการเบียดบังทรัพย์ในความครอบครองของตนไปโดยทุจริต แก้วจึงมีความผิดฐานยักยอกทรัพย์ตามมาตรา 352 วรรคหนึ่ง,โจทย์นี้อยู่ในหมวดความผิดต่อชีวิต,"มาตราที่ควรพิจารณา: 80, 289(4), 335, 352, 357

ตัวบทมาตราเต็ม:
มาตรา 80: พยายามกระทำความผิด
ผู้ใดลงมือกระทำความผิดแต่กระทำไปไม่ตลอด หรือกระทำไปตลอดแล้วแต่การกระทำนั้นไม่บรรลุผล ผู้นั้นได้ชื่อว่าพยายามกระทำความผิด
ผู้ใดพยายามกระทำความผิด ต้องระวางโทษสองในสามส่วนของโทษที่กฎหมายกำหนดไว้สำหรับความผิดนั้น

มาตรา 289(4): ความผิดฐานฆ่าผู้อื่น
(4) ฆ่าผู้อื่นโดยไตร่ตรองไว้ก่อน

มาตรา 335: ความผิดฐานลักทรัพย์
ผู้ใดลักทรัพย์ในเวลากลางคืน, ในที่อุกฉกรรจ์, โดยแปลงตัว, หรือมีเหตุฉกรรจ์อื่นๆ ตาม (1) ถึง (12) ต้องระวางโทษจำคุกตั้งแต่หนึ่งปีถึงห้าปี และปรับตั้งแต่สองหมื่นบาทถึงหนึ่งแสนบาท

มาตรา 352: ความผิดฐานยักยอกทรัพย์
ผู้ใดครอบครองทรัพย์ซึ่งเป็นของผู้อื่น หรือซึ่งผู้อื่นเป็นเจ้าของรวมอยู่ด้วย เบียดบังเอาทรัพย์นั้นเป็นของตนหรือบุคคลที่สามโดยทุจริต ผู้นั้นกระทำความผิดฐานยักยอก ต้องระวางโทษจำคุกไม่เกินสามปี หรือปรับไม่เกินหกหมื่นบาท หรือทั้งจำทั้งปรับ (มีโทษจำคุกไม่เกินหนึ่งปีหกเดือนในกรณีทรัพย์สินหายหรือส่งมอบโดยสำคัญผิด)

มาตรา 357: ความผิดฐานรับของโจร
ผู้ใดช่วยซ่อนเร้น ช่วยจำหน่าย ช่วยพาเอาไปเสีย ซื้อ รับจำนำหรือรับไว้โดยประการใดซึ่งทรัพย์อันได้มาโดยการกระทำความผิด... ผู้นั้นกระทำความผิดฐานรับของโจร ต้องระวางโทษจำคุกไม่เกินห้าปี หรือปรับไม่เกินหนึ่งแสนบาท หรือทั้งจำทั้งปรับ",แยกประเด็นเป็นข้อเท็จจริง หลักกฎหมาย การปรับบท และสรุปความรับผิดของแต่ละคน,จับประเด็นข้อเท็จจริงสำคัญ (3 คะแนน) | ระบุหลักกฎหมายและมาตราที่เกี่ยวข้องถูกต้อง (4 คะแนน) | ปรับบทกับข้อเท็จจริงครบถ้วน (6 คะแนน) | สรุปฐานความผิด เหตุยกเว้น หรือผลทางอาญาชัดเจน (2 คะแนน),นำเข้าจาก pasted-text.txt สำหรับวิชา 41216 วันที่ 2026-07-16
q-writing-41216-import-030,ready,41216,3,เสรีภาพและเรียกค่าไถ่,คำถามที่เขียนตอบ,"313, 317, 337",นางต้อมฐานะยากจนชวนเด็กชายตุ้ยอายุ 10 ปี (ลูกนาง...,"นางต้อมฐานะยากจนชวนเด็กชายตุ้ยอายุ 10 ปี (ลูกนางชื่นเพื่อนบ้าน) มาเล่นที่บ้านโดยไม่ได้ขออนุญาตซึ่งเป็นเรื่องปกติ ต่อมานายอำนาจเจ้าหนี้โทรมาขู่นางต้อมว่าถ้าไม่คืนเงิน 50,000 บาทในวันรุ่งขึ้นจะส่งคนไปฆ่า นางต้อมกลัวจึงโทรไปขู่เรียกเงินจากนางชื่น 100,000 บาทอ้างว่าถ้าไม่ให้จะไม่ปล่อยตัวเด็กชายตุ้ยกลับ แต่นางชื่นปฏิเสธ ต้อมจึงปล่อยเด็กกลับ",วินิจฉัยความรับผิดของต้อมและอำนาจ,"1. นางต้อม: ไม่มีความผิดฐานพรากเด็กตามมาตรา 317 เพราะเป็นการชวนมาเล่นตามปกติที่เคยทำกันมา จึงไม่ใช่การพรากโดยไม่มีเหตุอันสมควร แต่การที่ต้อมโทรศัพท์ไปขู่เรียกเงิน 100,000 บาทเพื่อแลกกับเสรีภาพของเด็ก ถือเป็นความผิดฐานเรียกค่าไถ่ตามมาตรา 313 วรรคแรก ความผิดสำเร็จทันทีที่มีการกักขังและแจ้งข้อเรียกร้อง แม้นางชื่นจะปฏิเสธไม่ให้เงินก็ตาม
2. นายอำนาจ: มีความผิดฐานกรรโชกทรัพย์โดยขู่ว่าจะฆ่าตามมาตรา 337 วรรคสอง(1) เนื่องจากเป็นการข่มขืนใจผู้อื่นให้ยอมจะให้ตนได้ประโยชน์ในลักษณะทรัพย์สิน โดยขู่ว่าจะทำอันตรายต่อชีวิต จนผู้ถูกขู่ยอมตกลงจะให้

ตัวบทมาตราเต็ม:
มาตรา 313: มาตราความผิดทางอาญา
ผู้ใดเพื่อให้ได้มาซึ่งค่าไถ่ (1) เอาตัวเด็กอายุยังไม่เกินสิบห้าปีไป (2) เอาตัวบุคคลอายุกว่าสิบห้าปีไป โดยใช้อุบายหลอกลวง ขู่เข็ญ ใช้กำลังประทุษร้าย ใช้อำนาจครอบงำผิดคลองธรรม หรือใช้วิธีข่มขืนใจด้วยประการใดๆ หรือ (3) หน่วงเหนี่ยวหรือกักขังบุคคลใด ต้องระวางโทษจำคุกตั้งแต่สิบห้าปีถึงยี่สิบปี และปรับตั้งแต่สามแสนบาทถึงสี่แสนบาท หรือจำคุกตลอดชีวิต หรือประหารชีวิต (ถ้าเป็นเหตุให้รับอันตรายสาหัสหรือถึงแก่ความตาย โทษคือประหารชีวิต)

มาตรา 317: ความผิดฐานกระทำอนาจาร
ผู้ใดโดยปราศจากเหตุอันสมควร พรากเด็กอายุยังไม่เกินสิบห้าปีไปเสียจากบิดามารดา ผู้ปกครอง หรือผู้ดูแล ต้องระวางโทษจำคุกตั้งแต่สามปีถึงสิบห้าปี และปรับตั้งแต่หกหมื่นบาทถึงสามแสนบาท ผู้ใดเพื่อหากำไร หรือเพื่อการอนาจาร ซื้อ จำหน่าย หรือรับตัวเด็กซึ่งถูกพรากตามวรรคแรก ต้องระวางโทษจำคุกตั้งแต่ห้าปีถึงยี่สิบปี และปรับตั้งแต่หนึ่งแสนบาทถึงสี่แสนบาท

มาตรา 337: ความผิดฐานกรรโชกทรัพย์
ผู้ใดขู่เข็ญผู้อื่นให้ยอมให้หรือยอมจะให้ตนหรือผู้อื่นได้ประโยชน์ในลักษณะที่เป็นทรัพย์สิน โดยใช้กำลังประทุษร้ายหรือโดยขู่เข็ญว่าจะทำอันตราย... ผู้นั้นกระทำความผิดฐานกรรโชก ต้องระวางโทษจำคุกไม่เกินห้าปี และปรับไม่เกินหนึ่งแสนบาท","1. นางต้อม: ไม่มีความผิดฐานพรากเด็กตามมาตรา 317 เพราะเป็นการชวนมาเล่นตามปกติที่เคยทำกันมา จึงไม่ใช่การพรากโดยไม่มีเหตุอันสมควร แต่การที่ต้อมโทรศัพท์ไปขู่เรียกเงิน 100,000 บาทเพื่อแลกกับเสรีภาพของเด็ก ถือเป็นความผิดฐานเรียกค่าไถ่ตามมาตรา 313 วรรคแรก ความผิดสำเร็จทันทีที่มีการกักขังและแจ้งข้อเรียกร้อง แม้นางชื่นจะปฏิเสธไม่ให้เงินก็ตาม | 2. นายอำนาจ: มีความผิดฐานกรรโชกทรัพย์โดยขู่ว่าจะฆ่าตามมาตรา 337 วรรคสอง(1) เนื่องจากเป็นการข่มขืนใจผู้อื่นให้ยอมจะให้ตนได้ประโยชน์ในลักษณะทรัพย์สิน โดยขู่ว่าจะทำอันตรายต่อชีวิต จนผู้ถูกขู่ยอมตกลงจะให้",โจทย์นี้อยู่ในหมวดเสรีภาพและเรียกค่าไถ่,"มาตราที่ควรพิจารณา: 313, 317, 337

ตัวบทมาตราเต็ม:
มาตรา 313: มาตราความผิดทางอาญา
ผู้ใดเพื่อให้ได้มาซึ่งค่าไถ่ (1) เอาตัวเด็กอายุยังไม่เกินสิบห้าปีไป (2) เอาตัวบุคคลอายุกว่าสิบห้าปีไป โดยใช้อุบายหลอกลวง ขู่เข็ญ ใช้กำลังประทุษร้าย ใช้อำนาจครอบงำผิดคลองธรรม หรือใช้วิธีข่มขืนใจด้วยประการใดๆ หรือ (3) หน่วงเหนี่ยวหรือกักขังบุคคลใด ต้องระวางโทษจำคุกตั้งแต่สิบห้าปีถึงยี่สิบปี และปรับตั้งแต่สามแสนบาทถึงสี่แสนบาท หรือจำคุกตลอดชีวิต หรือประหารชีวิต (ถ้าเป็นเหตุให้รับอันตรายสาหัสหรือถึงแก่ความตาย โทษคือประหารชีวิต)

มาตรา 317: ความผิดฐานกระทำอนาจาร
ผู้ใดโดยปราศจากเหตุอันสมควร พรากเด็กอายุยังไม่เกินสิบห้าปีไปเสียจากบิดามารดา ผู้ปกครอง หรือผู้ดูแล ต้องระวางโทษจำคุกตั้งแต่สามปีถึงสิบห้าปี และปรับตั้งแต่หกหมื่นบาทถึงสามแสนบาท ผู้ใดเพื่อหากำไร หรือเพื่อการอนาจาร ซื้อ จำหน่าย หรือรับตัวเด็กซึ่งถูกพรากตามวรรคแรก ต้องระวางโทษจำคุกตั้งแต่ห้าปีถึงยี่สิบปี และปรับตั้งแต่หนึ่งแสนบาทถึงสี่แสนบาท

มาตรา 337: ความผิดฐานกรรโชกทรัพย์
ผู้ใดขู่เข็ญผู้อื่นให้ยอมให้หรือยอมจะให้ตนหรือผู้อื่นได้ประโยชน์ในลักษณะที่เป็นทรัพย์สิน โดยใช้กำลังประทุษร้ายหรือโดยขู่เข็ญว่าจะทำอันตราย... ผู้นั้นกระทำความผิดฐานกรรโชก ต้องระวางโทษจำคุกไม่เกินห้าปี และปรับไม่เกินหนึ่งแสนบาท",แยกประเด็นเป็นข้อเท็จจริง หลักกฎหมาย การปรับบท และสรุปความรับผิดของแต่ละคน,จับประเด็นข้อเท็จจริงสำคัญ (3 คะแนน) | ระบุหลักกฎหมายและมาตราที่เกี่ยวข้องถูกต้อง (4 คะแนน) | ปรับบทกับข้อเท็จจริงครบถ้วน (6 คะแนน) | สรุปฐานความผิด เหตุยกเว้น หรือผลทางอาญาชัดเจน (2 คะแนน),นำเข้าจาก pasted-text.txt สำหรับวิชา 41216 วันที่ 2026-07-16
q-writing-41216-import-031,ready,41216,3,ความผิดเกี่ยวกับทรัพย์,คำถามที่เขียนตอบ,"59 วรรคสาม, 349, 357, 364, 365",บุกรุก ลักทรัพย์ และรับของโจรที่ขาดมูลฐาน,นายกล้าแอบเข้าไปในบ้านของนายมั่งเจ้าหนี้ในเวลากลางคืนเพื่อลักทรัพย์ ได้สร้อยคอทองคำบนหัวเตียงมาแล้วนำไปแลกกับรถจักรยานยนต์ของนายมืดนักค้าของเก่าในคืนนั้น โดยนายมืดรู้เรื่องทั้งหมด ภายหลังปรากฏว่าสร้อยคอทองคำคันนั้นเป็นของนายกล้าเองที่นำมาจำนำไว้แต่นายกล้ารีบร้อนไม่ได้ดูให้ดี,วินิจฉัยความรับผิดของกล้าและมืด,"1. นายกล้า: มีความผิดฐานบุกรุกเคหสถานในเวลากลางคืนตามมาตรา 365(3) ประกอบมาตรา 364 เนื่องจากเข้าไปในบ้านผู้อื่นโดยไม่มีเหตุอันสมควร แต่ไม่มีความผิดฐานลักทรัพย์ตามมาตรา 334 เพราะสร้อยเป็นกรรมสิทธิ์ของตนเอง และไม่มีความผิดฐานโกงเจ้าหนี้ตามมาตรา 349 เนื่องจากนายกล้าไม่รู้ข้อเท็จจริงว่าสร้อยเป็นของตนเองที่จำนำไว้ ขาดเจตนาพิเศษในการกระทำเพื่อเกิดความเสียหายแก่ผู้รับจำนำตามมาตรา 59 วรรคสาม
2. นายมืด: ไม่มีความผิดฐานรับของโจรตามมาตรา 357 แม้จะรู้พฤติการณ์แต่เนื่องจากสร้อยคอทองคำชิ้นนี้ไม่ได้มาจากการกระทำความผิดฐานลักทรัพย์หรือความผิดตามมูลฐานของกฎหมายรับของโจร ทรัพย์นี้จึงไม่ใช่ของโจร มืดจึงขาดองค์ประกอบความผิดภายนอก

ตัวบทมาตราเต็ม:
มาตรา 59 วรรคสาม: หลักเรื่องเจตนาและความประมาท
ถ้าผู้กระทำมิได้รู้ข้อเท็จจริงอันเป็นองค์ประกอบของความผิด จะถือว่าผู้กระทำประสงค์ต่อผล หรือย่อมเล็งเห็นผลของการกระทำนั้นมิได้

มาตรา 349: มาตราความผิดทางอาญา
ผู้ใดเอาไป เสียหาย ทำลาย ทำให้เสื่อมค่าหรือทำให้ไร้ประโยชน์ซึ่งทรัพย์อันเป็นจำนำ ถ้าได้กระทำเพื่อให้เกิดความเสียหายแก่ผู้รับจำนำ ต้องระวางโทษจำคุกไม่เกินสองปี หรือปรับไม่เกินสี่หมื่นบาท หรือทั้งจำทั้งปรับ

มาตรา 357: ความผิดฐานรับของโจร
ผู้ใดช่วยซ่อนเร้น ช่วยจำหน่าย ช่วยพาเอาไปเสีย ซื้อ รับจำนำหรือรับไว้โดยประการใดซึ่งทรัพย์อันได้มาโดยการกระทำความผิด... ผู้นั้นกระทำความผิดฐานรับของโจร ต้องระวางโทษจำคุกไม่เกินห้าปี หรือปรับไม่เกินหนึ่งแสนบาท หรือทั้งจำทั้งปรับ

มาตรา 364: มาตราความผิดทางอาญา
ผู้ใดโดยไม่มีเหตุอันสมควร เข้าไปหรือซ่อนตัวอยู่ในเคหสถาน อาคารเก็บรักษาทรัพย์หรือสำนักงานในความครอบครองของผู้อื่น... ต้องระวางโทษจำคุกไม่เกินหนึ่งปี หรือปรับไม่เกินสองหมื่นบาท หรือทั้งจำทั้งปรับ

มาตรา 365: มาตราความผิดทางอาญา
ถ้าการกระทำความผิดตามมาตรา 362 มาตรา 363 หรือมาตรา 364 ได้กระทำโดยใช้กำลังประทุษร้าย, มีอาวุธ/ร่วมกันตั้งแต่สองคนขึ้นไป หรือในเวลากลางคืน ต้องระวางโทษจำคุกไม่เกินห้าปี หรือปรับไม่เกินหนึ่งแสนบาท หรือทั้งจำทั้งปรับ",1. นายกล้า: มีความผิดฐานบุกรุกเคหสถานในเวลากลางคืนตามมาตรา 365(3) ประกอบมาตรา 364 เนื่องจากเข้าไปในบ้านผู้อื่นโดยไม่มีเหตุอันสมควร แต่ไม่มีความผิดฐานลักทรัพย์ตามมาตรา 334 เพราะสร้อยเป็นกรรมสิทธิ์ของตนเอง และไม่มีความผิดฐานโกงเจ้าหนี้ตามมาตรา 349 เนื่องจากนายกล้าไม่รู้ข้อเท็จจริงว่าสร้อยเป็นของตนเองที่จำนำไว้ ขาดเจตนาพิเศษในการกระทำเพื่อเกิดความเสียหายแก่ผู้รับจำนำตามมาตรา 59 วรรคสาม | 2. นายมืด: ไม่มีความผิดฐานรับของโจรตามมาตรา 357 แม้จะรู้พฤติการณ์แต่เนื่องจากสร้อยคอทองคำชิ้นนี้ไม่ได้มาจากการกระทำความผิดฐานลักทรัพย์หรือความผิดตามมูลฐานของกฎหมายรับของโจร ทรัพย์นี้จึงไม่ใช่ของโจร มืดจึงขาดองค์ประกอบความผิดภายนอก,โจทย์นี้อยู่ในหมวดความผิดเกี่ยวกับทรัพย์,"มาตราที่ควรพิจารณา: 59 วรรคสาม, 349, 357, 364, 365

ตัวบทมาตราเต็ม:
มาตรา 59 วรรคสาม: หลักเรื่องเจตนาและความประมาท
ถ้าผู้กระทำมิได้รู้ข้อเท็จจริงอันเป็นองค์ประกอบของความผิด จะถือว่าผู้กระทำประสงค์ต่อผล หรือย่อมเล็งเห็นผลของการกระทำนั้นมิได้

มาตรา 349: มาตราความผิดทางอาญา
ผู้ใดเอาไป เสียหาย ทำลาย ทำให้เสื่อมค่าหรือทำให้ไร้ประโยชน์ซึ่งทรัพย์อันเป็นจำนำ ถ้าได้กระทำเพื่อให้เกิดความเสียหายแก่ผู้รับจำนำ ต้องระวางโทษจำคุกไม่เกินสองปี หรือปรับไม่เกินสี่หมื่นบาท หรือทั้งจำทั้งปรับ

มาตรา 357: ความผิดฐานรับของโจร
ผู้ใดช่วยซ่อนเร้น ช่วยจำหน่าย ช่วยพาเอาไปเสีย ซื้อ รับจำนำหรือรับไว้โดยประการใดซึ่งทรัพย์อันได้มาโดยการกระทำความผิด... ผู้นั้นกระทำความผิดฐานรับของโจร ต้องระวางโทษจำคุกไม่เกินห้าปี หรือปรับไม่เกินหนึ่งแสนบาท หรือทั้งจำทั้งปรับ

มาตรา 364: มาตราความผิดทางอาญา
ผู้ใดโดยไม่มีเหตุอันสมควร เข้าไปหรือซ่อนตัวอยู่ในเคหสถาน อาคารเก็บรักษาทรัพย์หรือสำนักงานในความครอบครองของผู้อื่น... ต้องระวางโทษจำคุกไม่เกินหนึ่งปี หรือปรับไม่เกินสองหมื่นบาท หรือทั้งจำทั้งปรับ

มาตรา 365: มาตราความผิดทางอาญา
ถ้าการกระทำความผิดตามมาตรา 362 มาตรา 363 หรือมาตรา 364 ได้กระทำโดยใช้กำลังประทุษร้าย, มีอาวุธ/ร่วมกันตั้งแต่สองคนขึ้นไป หรือในเวลากลางคืน ต้องระวางโทษจำคุกไม่เกินห้าปี หรือปรับไม่เกินหนึ่งแสนบาท หรือทั้งจำทั้งปรับ",แยกประเด็นเป็นข้อเท็จจริง หลักกฎหมาย การปรับบท และสรุปความรับผิดของแต่ละคน,จับประเด็นข้อเท็จจริงสำคัญ (3 คะแนน) | ระบุหลักกฎหมายและมาตราที่เกี่ยวข้องถูกต้อง (4 คะแนน) | ปรับบทกับข้อเท็จจริงครบถ้วน (6 คะแนน) | สรุปฐานความผิด เหตุยกเว้น หรือผลทางอาญาชัดเจน (2 คะแนน),นำเข้าจาก pasted-text.txt สำหรับวิชา 41216 วันที่ 2026-07-16
q-writing-41216-import-032,ready,41216,3,ความผิดต่อชีวิต,คำถามที่เขียนตอบ,"59, 80, 82, 84, 89, 289(4), 296, 374",งดเว้นช่วยผู้จมน้ำและกลับใจแก้ไข,นายเอกจ้างนายโทอดีตนักว่ายน้ำให้ไปยิงนายตรีให้ตาย ระหว่างที่นายตรียังหาซื้อปืนไม่ได้ นายตรีมาว่ายน้ำในสระที่นายโทดูแล นายตรีเป็นตะคริวกำลังจะจมน้ำ นายโทเห็นเหตุการณ์แต่อยากได้เงินจ้างฆ่าจึงแกล้งหลับไม่ช่วย ในเวลาเดียวกันนายจัตวาเดินผ่านมาเห็นแต่ก็เดินผ่านไปไม่ช่วย ทั้งที่ไม่มีอันตราย ต่อมาโทเกิดสงสารจึงกระโดดลงไปช่วยนายตรีขึ้นมา นายตรีไม่ตายบาดเจ็บเล็กน้อย,วินิจฉัยความรับผิดของ เอก โท และจัตวา,"1. นายโท: การแกล้งหลับไม่ช่วยทั้งที่มีหน้าที่ดูแลความปลอดภัยโดยเฉพาะเจาะจง ถือเป็นการกระทำโดยงดเว้นตามมาตรา 59 วรรคท้าย การกระทำใกล้ชิดต่อผลถือเป็นพยายามฆ่าโดยไตร่ตรองไว้ก่อนตามมาตรา 289(4) ประกอบ 80 แต่การที่โทกระโดดลงไปช่วยจนตรีรอดชีวิต ถือเป็นการกลับใจแก้ไขไม่ให้ผลเกิดโดยสมัครใจตามมาตรา 82 โทจึงได้รับการยกเว้นโทษในฐานพยายามฆ่า แต่ต้องรับโทษในความผิดฐานทำร้ายร่างกายโดยไตร่ตรองไว้ก่อนตามมาตรา 296 ซึ่งสำเร็จไปแล้ว
2. นายเอก (ผู้ใช้): แม้โทจะได้รับการยกเว้นโทษฐานพยายามฆ่าเพราะเหตุกลับใจ แต่การกลับใจเป็นเหตุส่วนตัวตามมาตรา 89 เอกผู้ใช้จึงไม่ได้รับประโยชน์ด้วย เอกยังคงมีความผิดและต้องรับโทษฐานเป็นผู้ใช้ให้พยายามฆ่าผู้อื่นโดยไตร่ตรองไว้ก่อนตามมาตรา 289(4) ประกอบ 80 และ 84
3. นายจัตวา: ไม่มีความผิดฐานงดเว้นฆ่าคนตายเพราะไม่มีหน้าที่ตามกฎหมายหรือสัญญาป้องกันผล แต่นายจัตวาละเว้นไม่ช่วยเหลือผู้ตกอยู่ในภยันตรายแห่งชีวิตซึ่งตนช่วยได้โดยไม่ควรกลัวอันตราย นายจัตวาจึงมีความผิดสำเร็จฐานลหุโทษตามมาตรา 374

ตัวบทมาตราเต็ม:
มาตรา 59: หลักเรื่องเจตนาและความประมาท
บุคคลจะต้องรับผิดในทางอาญาก็ต่อเมื่อได้กระทำโดยเจตนา เว้นแต่จะได้กระทำโดยประมาท ในกรณีที่กฎหมายบัญญัติไว้โดยชัดแจ้งให้ต้องรับผิดเมื่อได้กระทำโดยประมาท หรือเว้นแต่ในกรณีที่กฎหมายบัญญัติไว้โดยชัดแจ้งให้ต้องรับผิดแม้ได้กระทำโดยไม่มีเจตนา
กระทำโดยเจตนา ได้แก่กระทำโดยรู้สำนึกในการที่กระทำและในขณะเดียวกันผู้กระทำประสงค์ต่อผล หรือย่อมเล็งเห็นผลของการกระทำนั้น
ถ้าผู้กระทำมิได้รู้ข้อเท็จจริงอันเป็นองค์ประกอบของความผิด จะถือว่าผู้กระทำประสงค์ต่อผล หรือย่อมเล็งเห็นผลของการกระทำนั้นมิได้
กระทำโดยประมาท ได้แก่กระทำความผิดมิใช่โดยเจตนา แต่กระทำโดยปราศจากความระมัดระวังซึ่งบุคคลในภาวะเช่นนั้นจักต้องมีตามวิสัยและพฤติการณ์ และผู้กระทำอาจใช้ความระมัดระวังเช่นนั้นได้ แต่หาได้ใช้ให้เพียงพอไม่
การกระทำ ให้หมายความรวมถึงการให้เกิดผลอันหนึ่งอันใดขึ้นโดยงดเว้นการที่จักต้องกระทำเพื่อป้องกันผลนั้นด้วย

มาตรา 80: พยายามกระทำความผิด
ผู้ใดลงมือกระทำความผิดแต่กระทำไปไม่ตลอด หรือกระทำไปตลอดแล้วแต่การกระทำนั้นไม่บรรลุผล ผู้นั้นได้ชื่อว่าพยายามกระทำความผิด
ผู้ใดพยายามกระทำความผิด ต้องระวางโทษสองในสามส่วนของโทษที่กฎหมายกำหนดไว้สำหรับความผิดนั้น

มาตรา 82: มาตราความผิดทางอาญา
ผู้ใดพยายามกระทำความผิด หากยับยั้งเสียเองไม่กระทำการไปให้ตลอด หรือกลับใจแก้ไขไม่ให้การกระทำนั้นบรรลุผล ผู้นั้นไม่ต้องรับโทษสำหรับการพยายามกระทำความผิดนั้น แต่ถ้าการที่ได้กระทำไปแล้วต้องบทกฎหมายที่บัญญัติเป็นความผิด ผู้นั้นต้องรับโทษสำหรับความผิดนั้นๆ

มาตรา 84: ผู้ใช้ให้กระทำความผิด
ผู้ใดก่อให้ผู้อื่นกระทำความผิดไม่ว่าด้วยการสั่ง บังคับ ขู่เข็ญ จ้าง วาน หรือยุยงส่งเสริม หรือด้วยวิธีอื่นใด ผู้นั้นเป็นผู้ใช้ให้กระทำความผิด ถ้าผู้ถูกใช้ได้ลงมือกระทำความผิด ผู้ใช้ต้องรับโทษเสมือนเป็นตัวการ ถ้าความผิดมิได้กระทำลง ไม่ว่าจะเป็นเพราะผู้ถูกใช้ไม่ยอมกระทำ หรือกระทำยังไม่ถึงขั้นพยายาม หรือด้วยเหตุอื่นใด ผู้ใช้ต้องระวางโทษเพียงหนึ่งในสามของโทษที่กฎหมายกำหนดไว้สำหรับความผิดนั้น

มาตรา 89: มาตราความผิดทางอาญา
ถ้ามีเหตุส่วนตัวอันควรยกเว้นโทษ ลดโทษ หรือเพิ่มโทษแก่ตัวการ ผู้ใช้ หรือผู้สนับสนุนคนใดคนหนึ่ง เหตุส่วนตัวนั้นย่อมมีผลเฉพาะแก่บุคคลนั้น จะขยายไปถึงคนอื่นด้วยมิได้

มาตรา 289(4): ความผิดฐานฆ่าผู้อื่น
(4) ฆ่าผู้อื่นโดยไตร่ตรองไว้ก่อน

มาตรา 296: ความผิดฐานทำร้ายร่างกาย
ผู้ใดกระทำความผิดฐานทำร้ายร่างกาย ถ้าความผิดนั้นมีลักษณะประการหนึ่งประการใดดังที่บัญญัติไว้ในมาตรา 289 ต้องระวางโทษจำคุกไม่เกินสามปี หรือปรับไม่เกินหกหมื่นบาท หรือทั้งจำทั้งปรับ

มาตรา 374: ลหุโทษ (มาตรา 374)
ผู้ใดเห็นผู้อื่นตกอยู่ในภยันตรายแห่งชีวิตซึ่งตนอาจช่วยได้โดยไม่ต้องกลัวอันตรายแก่ตนเองหรือผู้อื่น แต่ละเลยไม่ช่วยตามความจำเป็น ต้องระวางโทษจำคุกไม่เกินหนึ่งเดือน หรือปรับไม่เกินหนึ่งหมื่นบาท หรือทั้งจำทั้งปรับ",1. นายโท: การแกล้งหลับไม่ช่วยทั้งที่มีหน้าที่ดูแลความปลอดภัยโดยเฉพาะเจาะจง ถือเป็นการกระทำโดยงดเว้นตามมาตรา 59 วรรคท้าย การกระทำใกล้ชิดต่อผลถือเป็นพยายามฆ่าโดยไตร่ตรองไว้ก่อนตามมาตรา 289(4) ประกอบ 80 แต่การที่โทกระโดดลงไปช่วยจนตรีรอดชีวิต ถือเป็นการกลับใจแก้ไขไม่ให้ผลเกิดโดยสมัครใจตามมาตรา 82 โทจึงได้รับการยกเว้นโทษในฐานพยายามฆ่า แต่ต้องรับโทษในความผิดฐานทำร้ายร่างกายโดยไตร่ตรองไว้ก่อนตามมาตรา 296 ซึ่งสำเร็จไปแล้ว | 2. นายเอก (ผู้ใช้): แม้โทจะได้รับการยกเว้นโทษฐานพยายามฆ่าเพราะเหตุกลับใจ แต่การกลับใจเป็นเหตุส่วนตัวตามมาตรา 89 เอกผู้ใช้จึงไม่ได้รับประโยชน์ด้วย เอกยังคงมีความผิดและต้องรับโทษฐานเป็นผู้ใช้ให้พยายามฆ่าผู้อื่นโดยไตร่ตรองไว้ก่อนตามมาตรา 289(4) ประกอบ 80 และ 84 | 3. นายจัตวา: ไม่มีความผิดฐานงดเว้นฆ่าคนตายเพราะไม่มีหน้าที่ตามกฎหมายหรือสัญญาป้องกันผล แต่นายจัตวาละเว้นไม่ช่วยเหลือผู้ตกอยู่ในภยันตรายแห่งชีวิตซึ่งตนช่วยได้โดยไม่ควรกลัวอันตราย นายจัตวาจึงมีความผิดสำเร็จฐานลหุโทษตามมาตรา 374,โจทย์นี้อยู่ในหมวดความผิดต่อชีวิต,"มาตราที่ควรพิจารณา: 59, 80, 82, 84, 89, 289(4), 296, 374

ตัวบทมาตราเต็ม:
มาตรา 59: หลักเรื่องเจตนาและความประมาท
บุคคลจะต้องรับผิดในทางอาญาก็ต่อเมื่อได้กระทำโดยเจตนา เว้นแต่จะได้กระทำโดยประมาท ในกรณีที่กฎหมายบัญญัติไว้โดยชัดแจ้งให้ต้องรับผิดเมื่อได้กระทำโดยประมาท หรือเว้นแต่ในกรณีที่กฎหมายบัญญัติไว้โดยชัดแจ้งให้ต้องรับผิดแม้ได้กระทำโดยไม่มีเจตนา
กระทำโดยเจตนา ได้แก่กระทำโดยรู้สำนึกในการที่กระทำและในขณะเดียวกันผู้กระทำประสงค์ต่อผล หรือย่อมเล็งเห็นผลของการกระทำนั้น
ถ้าผู้กระทำมิได้รู้ข้อเท็จจริงอันเป็นองค์ประกอบของความผิด จะถือว่าผู้กระทำประสงค์ต่อผล หรือย่อมเล็งเห็นผลของการกระทำนั้นมิได้
กระทำโดยประมาท ได้แก่กระทำความผิดมิใช่โดยเจตนา แต่กระทำโดยปราศจากความระมัดระวังซึ่งบุคคลในภาวะเช่นนั้นจักต้องมีตามวิสัยและพฤติการณ์ และผู้กระทำอาจใช้ความระมัดระวังเช่นนั้นได้ แต่หาได้ใช้ให้เพียงพอไม่
การกระทำ ให้หมายความรวมถึงการให้เกิดผลอันหนึ่งอันใดขึ้นโดยงดเว้นการที่จักต้องกระทำเพื่อป้องกันผลนั้นด้วย

มาตรา 80: พยายามกระทำความผิด
ผู้ใดลงมือกระทำความผิดแต่กระทำไปไม่ตลอด หรือกระทำไปตลอดแล้วแต่การกระทำนั้นไม่บรรลุผล ผู้นั้นได้ชื่อว่าพยายามกระทำความผิด
ผู้ใดพยายามกระทำความผิด ต้องระวางโทษสองในสามส่วนของโทษที่กฎหมายกำหนดไว้สำหรับความผิดนั้น

มาตรา 82: มาตราความผิดทางอาญา
ผู้ใดพยายามกระทำความผิด หากยับยั้งเสียเองไม่กระทำการไปให้ตลอด หรือกลับใจแก้ไขไม่ให้การกระทำนั้นบรรลุผล ผู้นั้นไม่ต้องรับโทษสำหรับการพยายามกระทำความผิดนั้น แต่ถ้าการที่ได้กระทำไปแล้วต้องบทกฎหมายที่บัญญัติเป็นความผิด ผู้นั้นต้องรับโทษสำหรับความผิดนั้นๆ

มาตรา 84: ผู้ใช้ให้กระทำความผิด
ผู้ใดก่อให้ผู้อื่นกระทำความผิดไม่ว่าด้วยการสั่ง บังคับ ขู่เข็ญ จ้าง วาน หรือยุยงส่งเสริม หรือด้วยวิธีอื่นใด ผู้นั้นเป็นผู้ใช้ให้กระทำความผิด ถ้าผู้ถูกใช้ได้ลงมือกระทำความผิด ผู้ใช้ต้องรับโทษเสมือนเป็นตัวการ ถ้าความผิดมิได้กระทำลง ไม่ว่าจะเป็นเพราะผู้ถูกใช้ไม่ยอมกระทำ หรือกระทำยังไม่ถึงขั้นพยายาม หรือด้วยเหตุอื่นใด ผู้ใช้ต้องระวางโทษเพียงหนึ่งในสามของโทษที่กฎหมายกำหนดไว้สำหรับความผิดนั้น

มาตรา 89: มาตราความผิดทางอาญา
ถ้ามีเหตุส่วนตัวอันควรยกเว้นโทษ ลดโทษ หรือเพิ่มโทษแก่ตัวการ ผู้ใช้ หรือผู้สนับสนุนคนใดคนหนึ่ง เหตุส่วนตัวนั้นย่อมมีผลเฉพาะแก่บุคคลนั้น จะขยายไปถึงคนอื่นด้วยมิได้

มาตรา 289(4): ความผิดฐานฆ่าผู้อื่น
(4) ฆ่าผู้อื่นโดยไตร่ตรองไว้ก่อน

มาตรา 296: ความผิดฐานทำร้ายร่างกาย
ผู้ใดกระทำความผิดฐานทำร้ายร่างกาย ถ้าความผิดนั้นมีลักษณะประการหนึ่งประการใดดังที่บัญญัติไว้ในมาตรา 289 ต้องระวางโทษจำคุกไม่เกินสามปี หรือปรับไม่เกินหกหมื่นบาท หรือทั้งจำทั้งปรับ

มาตรา 374: ลหุโทษ (มาตรา 374)
ผู้ใดเห็นผู้อื่นตกอยู่ในภยันตรายแห่งชีวิตซึ่งตนอาจช่วยได้โดยไม่ต้องกลัวอันตรายแก่ตนเองหรือผู้อื่น แต่ละเลยไม่ช่วยตามความจำเป็น ต้องระวางโทษจำคุกไม่เกินหนึ่งเดือน หรือปรับไม่เกินหนึ่งหมื่นบาท หรือทั้งจำทั้งปรับ",แยกประเด็นเป็นข้อเท็จจริง หลักกฎหมาย การปรับบท และสรุปความรับผิดของแต่ละคน,จับประเด็นข้อเท็จจริงสำคัญ (3 คะแนน) | ระบุหลักกฎหมายและมาตราที่เกี่ยวข้องถูกต้อง (4 คะแนน) | ปรับบทกับข้อเท็จจริงครบถ้วน (6 คะแนน) | สรุปฐานความผิด เหตุยกเว้น หรือผลทางอาญาชัดเจน (2 คะแนน),นำเข้าจาก pasted-text.txt สำหรับวิชา 41216 วันที่ 2026-07-16
q-writing-41216-import-033,ready,41216,3,ความผิดเกี่ยวกับทรัพย์,คำถามที่เขียนตอบ,"341, 352, 357",ยักยอกพระปลอม ฉ้อโกง และรับของโจร,"นายขาวนำพระรอดลำพูนไปฝากไว้กับนายกลม ต่อมานายกลมอยากได้จึงปฏิเสธกับขาวว่าไม่เคยรับฝาก ภายหลังกลมรู้ว่าเป็นพระปลอมจึงนำไปหลอกขายให้นายซื่อในราคา 500,000 บาทอ้างว่าเป็นของแท้ เมื่อได้เงินมากลมนำเงินครึ่งหนึ่งไปให้นางสาวสวยคนรัก อีก 3 วันต่อมากลมเล่าที่มาของเงินให้สวยฟังอย่างละเอียด สวยกล่าวชื่นชม",วินิจฉัยความรับผิดของ กลม ซื่อ และสวย,"1. นายกลม: มีความผิดฐานยักยอกทรัพย์ตามมาตรา 352 วรรคหนึ่ง จากการเบียดบังพระที่รับฝากไว้ไปเป็นของตนโดยทุจริต และมีความผิดฐานฉ้อโกงตามมาตรา 341 จากการหลอกลวงแสดงข้อความเท็จขายพระปลอมเป็นพระแท้ให้แก่นายซื่อ เงิน 500,000 บาทจึงเป็นทรัพย์ที่ได้มาจากการฉ้อโกง
2. นายซื่อ: ไม่มีความผิดฐานรับของโจรตามมาตรา 357 เพราะรับซื้อพระไว้โดยสุจริตและไม่รู้ว่าเป็นทรัพย์ที่ได้มาจากการกระทำความผิด
3. นางสาวสวย: ไม่มีความผิดฐานรับของโจรตามมาตรา 357 เนื่องจากขณะที่รับมอบเงินมา สวยไม่รู้ว่าเงินนั้นได้มาจากการกระทำความผิด การมาสั่งรู้ทีหลังในอีก 3 วันต่อมาและกล่าวชื่นชม ไม่ทำให้การกระทำที่ไม่เป็นความผิดในคราแรกกลับมาเป็นความผิดอาญาได้

ตัวบทมาตราเต็ม:
มาตรา 341: ความผิดฐานฉ้อโกง
ผู้ใดโดยทุจริต หลอกลวงผู้อื่นด้วยการแสดงข้อความอันเป็นเท็จ หรือปกปิดข้อความจริงซึ่งควรบอกให้แจ้ง และโดยการหลอกลวงดังว่านั้นได้ไปซึ่งทรัพย์สินจากผู้ถูกหลอกลวง... ผู้นั้นกระทำความผิดฐานฉ้อโกง ต้องระวางโทษจำคุกไม่เกินสามปี หรือปรับไม่เกินหกหมื่นบาท หรือทั้งจำทั้งปรับ

มาตรา 352: ความผิดฐานยักยอกทรัพย์
ผู้ใดครอบครองทรัพย์ซึ่งเป็นของผู้อื่น หรือซึ่งผู้อื่นเป็นเจ้าของรวมอยู่ด้วย เบียดบังเอาทรัพย์นั้นเป็นของตนหรือบุคคลที่สามโดยทุจริต ผู้นั้นกระทำความผิดฐานยักยอก ต้องระวางโทษจำคุกไม่เกินสามปี หรือปรับไม่เกินหกหมื่นบาท หรือทั้งจำทั้งปรับ (มีโทษจำคุกไม่เกินหนึ่งปีหกเดือนในกรณีทรัพย์สินหายหรือส่งมอบโดยสำคัญผิด)

มาตรา 357: ความผิดฐานรับของโจร
ผู้ใดช่วยซ่อนเร้น ช่วยจำหน่าย ช่วยพาเอาไปเสีย ซื้อ รับจำนำหรือรับไว้โดยประการใดซึ่งทรัพย์อันได้มาโดยการกระทำความผิด... ผู้นั้นกระทำความผิดฐานรับของโจร ต้องระวางโทษจำคุกไม่เกินห้าปี หรือปรับไม่เกินหนึ่งแสนบาท หรือทั้งจำทั้งปรับ","1. นายกลม: มีความผิดฐานยักยอกทรัพย์ตามมาตรา 352 วรรคหนึ่ง จากการเบียดบังพระที่รับฝากไว้ไปเป็นของตนโดยทุจริต และมีความผิดฐานฉ้อโกงตามมาตรา 341 จากการหลอกลวงแสดงข้อความเท็จขายพระปลอมเป็นพระแท้ให้แก่นายซื่อ เงิน 500,000 บาทจึงเป็นทรัพย์ที่ได้มาจากการฉ้อโกง | 2. นายซื่อ: ไม่มีความผิดฐานรับของโจรตามมาตรา 357 เพราะรับซื้อพระไว้โดยสุจริตและไม่รู้ว่าเป็นทรัพย์ที่ได้มาจากการกระทำความผิด | 3. นางสาวสวย: ไม่มีความผิดฐานรับของโจรตามมาตรา 357 เนื่องจากขณะที่รับมอบเงินมา สวยไม่รู้ว่าเงินนั้นได้มาจากการกระทำความผิด การมาสั่งรู้ทีหลังในอีก 3 วันต่อมาและกล่าวชื่นชม ไม่ทำให้การกระทำที่ไม่เป็นความผิดในคราแรกกลับมาเป็นความผิดอาญาได้",โจทย์นี้อยู่ในหมวดความผิดเกี่ยวกับทรัพย์,"มาตราที่ควรพิจารณา: 341, 352, 357

ตัวบทมาตราเต็ม:
มาตรา 341: ความผิดฐานฉ้อโกง
ผู้ใดโดยทุจริต หลอกลวงผู้อื่นด้วยการแสดงข้อความอันเป็นเท็จ หรือปกปิดข้อความจริงซึ่งควรบอกให้แจ้ง และโดยการหลอกลวงดังว่านั้นได้ไปซึ่งทรัพย์สินจากผู้ถูกหลอกลวง... ผู้นั้นกระทำความผิดฐานฉ้อโกง ต้องระวางโทษจำคุกไม่เกินสามปี หรือปรับไม่เกินหกหมื่นบาท หรือทั้งจำทั้งปรับ

มาตรา 352: ความผิดฐานยักยอกทรัพย์
ผู้ใดครอบครองทรัพย์ซึ่งเป็นของผู้อื่น หรือซึ่งผู้อื่นเป็นเจ้าของรวมอยู่ด้วย เบียดบังเอาทรัพย์นั้นเป็นของตนหรือบุคคลที่สามโดยทุจริต ผู้นั้นกระทำความผิดฐานยักยอก ต้องระวางโทษจำคุกไม่เกินสามปี หรือปรับไม่เกินหกหมื่นบาท หรือทั้งจำทั้งปรับ (มีโทษจำคุกไม่เกินหนึ่งปีหกเดือนในกรณีทรัพย์สินหายหรือส่งมอบโดยสำคัญผิด)

มาตรา 357: ความผิดฐานรับของโจร
ผู้ใดช่วยซ่อนเร้น ช่วยจำหน่าย ช่วยพาเอาไปเสีย ซื้อ รับจำนำหรือรับไว้โดยประการใดซึ่งทรัพย์อันได้มาโดยการกระทำความผิด... ผู้นั้นกระทำความผิดฐานรับของโจร ต้องระวางโทษจำคุกไม่เกินห้าปี หรือปรับไม่เกินหนึ่งแสนบาท หรือทั้งจำทั้งปรับ",แยกประเด็นเป็นข้อเท็จจริง หลักกฎหมาย การปรับบท และสรุปความรับผิดของแต่ละคน,จับประเด็นข้อเท็จจริงสำคัญ (3 คะแนน) | ระบุหลักกฎหมายและมาตราที่เกี่ยวข้องถูกต้อง (4 คะแนน) | ปรับบทกับข้อเท็จจริงครบถ้วน (6 คะแนน) | สรุปฐานความผิด เหตุยกเว้น หรือผลทางอาญาชัดเจน (2 คะแนน),นำเข้าจาก pasted-text.txt สำหรับวิชา 41216 วันที่ 2026-07-16
q-writing-41216-import-034,ready,41216,3,ความผิดเกี่ยวกับทรัพย์,คำถามที่เขียนตอบ,"334, 335(11), 336, 352",ยักยอกสลากถูกรางวัลและทรัพย์หล่น,"นายดำดึงสลากกินแบ่งรัฐบาลไปจากมือนายขาวโดยไม่ได้รับอนุญาต แต่นายขาวเห็นว่าเป็นคนคุ้นเคยกันประกอบกับต้องรีบไปขายของให้ลูกค้าจึงยินยอมปล่อยให้เอาไปตรวจ ภายหลังนายขาวเดินไปทวงสลากคืน แต่นายดำตรวจพบว่าถูกรางวัลที่ 1 จึงแกล้งโกหกว่าไม่ถูกรางวัลและทิ้งถังขยะไปแล้ว ระหว่างนั้นนายเขียวลูกจ้างของขาวรับเงินค่าสินค้าจากลูกค้าแล้วแอบเอาใส่กระเป๋าตนเองไม่เข้าลิ้นชักร้าน และในเวลาไล่เลี่ยกันนายขาวทำเงินหล่นพื้นหน้าร้าน 1,000 บาท นายแดงเห็นจึงแอบเก็บไป",วินิจฉัยความรับผิดของ ดำ เขียว และแดง,"1. นายดำ: พฤติการณ์ตอนแรกถือเป็นการถือวิสาสะเอาไปตรวจโดยขาวไม่ได้ขัดขวางทันที จึงยังไม่เป็นความผิดฐานวิ่งราวทรัพย์ตามมาตรา 336 แต่เมื่อดำครอบครองสลากแล้วเบียดบังเอารางวัลที่ 1 ไปโดยโกหกขาว ดำจึงมีความผิดฐานยักยอกทรัพย์ตามมาตรา 352 วรรคหนึ่ง
2. นายเขียว (ลูกจ้าง): เงินค่าสินค้าที่รับจากลูกค้าถือเป็นการยึดถือไว้ชั่วคราวแทนของนายจ้าง การครอบครองยังไม่อยู่ที่เขียว การแอบเอาเงินเข้ากระเป๋าตนเองจึงเป็นการแย่งการครอบครองทรัพย์ของนายจ้าง เขียวจึงมีความผิดฐานลักทรัพย์ที่เป็นของนายจ้างตามมาตรา 335(11)
3. นายแดง: การเก็บเงิน 1,000 บาทที่ขาวทำหล่นหน้าร้านค้าในระยะเวลาและระยะทางที่ใกล้ชิดซึ่งขาวรู้ตัวทันทีและกำลังเดินกลับมาตามหา ถือว่าเงินนั้นยังอยู่ในความยึดถือครอบครองของนายขาว ไม่ใช่ทรัพย์สินหาย แดงแอบเก็บเอาไปจึงมีความผิดฐานลักทรัพย์ตามมาตรา 334 ไม่ใช่ยักยอกทรัพย์สินหาย

ตัวบทมาตราเต็ม:
มาตรา 334: ความผิดฐานลักทรัพย์
ผู้ใดเอาทรัพย์ของผู้อื่น หรือที่ผู้อื่นเป็นเจ้าของรวมอยู่ด้วยไปโดยทุจริต ผู้นั้นกระทำความผิดฐานลักทรัพย์ ต้องระวางโทษจำคุกไม่เกินสามปี และปรับไม่เกินหกหมื่นบาท

มาตรา 335(11): ความผิดฐานลักทรัพย์
ผู้ใดลักทรัพย์ในเวลากลางคืน, ในที่อุกฉกรรจ์, โดยแปลงตัว, หรือมีเหตุฉกรรจ์อื่นๆ ตาม (1) ถึง (12) ต้องระวางโทษจำคุกตั้งแต่หนึ่งปีถึงห้าปี และปรับตั้งแต่สองหมื่นบาทถึงหนึ่งแสนบาท

มาตรา 336: ความผิดฐานลักทรัพย์
ผู้ใดลักทรัพย์โดยฉกฉวยเอาไปซึ่งหน้า ผู้นั้นกระทำความผิดฐานวิ่งราวทรัพย์ ต้องระวางโทษจำคุกไม่เกินห้าปี และปรับไม่เกินหนึ่งแสนบาท

มาตรา 352: ความผิดฐานยักยอกทรัพย์
ผู้ใดครอบครองทรัพย์ซึ่งเป็นของผู้อื่น หรือซึ่งผู้อื่นเป็นเจ้าของรวมอยู่ด้วย เบียดบังเอาทรัพย์นั้นเป็นของตนหรือบุคคลที่สามโดยทุจริต ผู้นั้นกระทำความผิดฐานยักยอก ต้องระวางโทษจำคุกไม่เกินสามปี หรือปรับไม่เกินหกหมื่นบาท หรือทั้งจำทั้งปรับ (มีโทษจำคุกไม่เกินหนึ่งปีหกเดือนในกรณีทรัพย์สินหายหรือส่งมอบโดยสำคัญผิด)","1. นายดำ: พฤติการณ์ตอนแรกถือเป็นการถือวิสาสะเอาไปตรวจโดยขาวไม่ได้ขัดขวางทันที จึงยังไม่เป็นความผิดฐานวิ่งราวทรัพย์ตามมาตรา 336 แต่เมื่อดำครอบครองสลากแล้วเบียดบังเอารางวัลที่ 1 ไปโดยโกหกขาว ดำจึงมีความผิดฐานยักยอกทรัพย์ตามมาตรา 352 วรรคหนึ่ง | 2. นายเขียว (ลูกจ้าง): เงินค่าสินค้าที่รับจากลูกค้าถือเป็นการยึดถือไว้ชั่วคราวแทนของนายจ้าง การครอบครองยังไม่อยู่ที่เขียว การแอบเอาเงินเข้ากระเป๋าตนเองจึงเป็นการแย่งการครอบครองทรัพย์ของนายจ้าง เขียวจึงมีความผิดฐานลักทรัพย์ที่เป็นของนายจ้างตามมาตรา 335(11) | 3. นายแดง: การเก็บเงิน 1,000 บาทที่ขาวทำหล่นหน้าร้านค้าในระยะเวลาและระยะทางที่ใกล้ชิดซึ่งขาวรู้ตัวทันทีและกำลังเดินกลับมาตามหา ถือว่าเงินนั้นยังอยู่ในความยึดถือครอบครองของนายขาว ไม่ใช่ทรัพย์สินหาย แดงแอบเก็บเอาไปจึงมีความผิดฐานลักทรัพย์ตามมาตรา 334 ไม่ใช่ยักยอกทรัพย์สินหาย",โจทย์นี้อยู่ในหมวดความผิดเกี่ยวกับทรัพย์,"มาตราที่ควรพิจารณา: 334, 335(11), 336, 352

ตัวบทมาตราเต็ม:
มาตรา 334: ความผิดฐานลักทรัพย์
ผู้ใดเอาทรัพย์ของผู้อื่น หรือที่ผู้อื่นเป็นเจ้าของรวมอยู่ด้วยไปโดยทุจริต ผู้นั้นกระทำความผิดฐานลักทรัพย์ ต้องระวางโทษจำคุกไม่เกินสามปี และปรับไม่เกินหกหมื่นบาท

มาตรา 335(11): ความผิดฐานลักทรัพย์
ผู้ใดลักทรัพย์ในเวลากลางคืน, ในที่อุกฉกรรจ์, โดยแปลงตัว, หรือมีเหตุฉกรรจ์อื่นๆ ตาม (1) ถึง (12) ต้องระวางโทษจำคุกตั้งแต่หนึ่งปีถึงห้าปี และปรับตั้งแต่สองหมื่นบาทถึงหนึ่งแสนบาท

มาตรา 336: ความผิดฐานลักทรัพย์
ผู้ใดลักทรัพย์โดยฉกฉวยเอาไปซึ่งหน้า ผู้นั้นกระทำความผิดฐานวิ่งราวทรัพย์ ต้องระวางโทษจำคุกไม่เกินห้าปี และปรับไม่เกินหนึ่งแสนบาท

มาตรา 352: ความผิดฐานยักยอกทรัพย์
ผู้ใดครอบครองทรัพย์ซึ่งเป็นของผู้อื่น หรือซึ่งผู้อื่นเป็นเจ้าของรวมอยู่ด้วย เบียดบังเอาทรัพย์นั้นเป็นของตนหรือบุคคลที่สามโดยทุจริต ผู้นั้นกระทำความผิดฐานยักยอก ต้องระวางโทษจำคุกไม่เกินสามปี หรือปรับไม่เกินหกหมื่นบาท หรือทั้งจำทั้งปรับ (มีโทษจำคุกไม่เกินหนึ่งปีหกเดือนในกรณีทรัพย์สินหายหรือส่งมอบโดยสำคัญผิด)",แยกประเด็นเป็นข้อเท็จจริง หลักกฎหมาย การปรับบท และสรุปความรับผิดของแต่ละคน,จับประเด็นข้อเท็จจริงสำคัญ (3 คะแนน) | ระบุหลักกฎหมายและมาตราที่เกี่ยวข้องถูกต้อง (4 คะแนน) | ปรับบทกับข้อเท็จจริงครบถ้วน (6 คะแนน) | สรุปฐานความผิด เหตุยกเว้น หรือผลทางอาญาชัดเจน (2 คะแนน),นำเข้าจาก pasted-text.txt สำหรับวิชา 41216 วันที่ 2026-07-16
q-writing-41216-import-035,ready,41216,3,เสรีภาพและเรียกค่าไถ่,คำถามที่เขียนตอบ,"80, 297, 312 ทวิ, 313, 318",เรียกค่าไถ่และทำร้ายจนตาพร่ามัวถาวร,"นายแสบใช้อุบายหลอกลวงนางสาวยิ้มอายุ 16 ปีไปควบคุมไว้ที่บ้าน จากนั้นบังคับให้นางสาวยิ้มโทรหาบิดาเพื่อเรียกเงิน 1,000,000 บาทเพื่อแลกกับการปล่อยตัว แต่นางสาวยิ้มไม่ยอมทำตาม แสบจึงใช้กำลังชกต่อยที่ดวงตาทั้งสองข้างของนางสาวยิ้มอย่างรุนแรงหลายครั้ง ต่อมานางสาวยิ้มหนีออกมาได้ แพทย์ลงความเห็นว่าดวงตาของนางสาวยิ้มจะพร่ามัวมองไม่ชัดไปตลอดชีวิต",วินิจฉัยความรับผิดของนายแสบ,"นายแสบมีความผิดตามฐานกฎหมายดังต่อไปนี้
1. ฐานพรากผู้เยาว์อายุเกินกว่า 15 ปีแต่ยังไม่เกิน 18 ปีไปเสียจากบิดามารดาเพื่อหากำไรหรือเพื่อการอนาจารตามมาตรา 318 วรรคสาม
2. ฐานเอาตัวบุคคลไปกักขังเรียกค่าไถ่เป็นเหตุให้ผู้ถูกเอาตัวไปได้รับอันตรายสาหัสตามมาตรา 313 วรรคสอง
3. ฐานทำร้ายร่างกายผู้อื่นจนเป็นเหตุให้ได้รับอันตรายสาหัส (ดวงตาพร่ามัวตลอดชีวิต/ทุพพลภาพเรื้อรัง) ตามมาตรา 297(7)
4. ฐานพยายามหน่วงเหนี่ยวกักขังผู้อื่นเพื่อให้กระทำการใดให้แก่ผู้กระทำ โดยใช้กำลังประทุษร้ายจนได้รับอันตรายสาหัสตามมาตรา 312 ทวิ วรรคสอง(2) ประกอบมาตรา 80

ตัวบทมาตราเต็ม:
มาตรา 80: พยายามกระทำความผิด
ผู้ใดลงมือกระทำความผิดแต่กระทำไปไม่ตลอด หรือกระทำไปตลอดแล้วแต่การกระทำนั้นไม่บรรลุผล ผู้นั้นได้ชื่อว่าพยายามกระทำความผิด
ผู้ใดพยายามกระทำความผิด ต้องระวางโทษสองในสามส่วนของโทษที่กฎหมายกำหนดไว้สำหรับความผิดนั้น

มาตรา 297: ทำร้ายร่างกายสาหัส
ผู้ใดกระทำความผิดฐานทำร้ายร่างกาย จนเป็นเหตุให้ผู้ถูกกระทำร้ายรับอันตรายสาหัส ต้องระวางโทษจำคุกตั้งแต่หกเดือนถึงสิบปี และปรับตั้งแต่หนึ่งหมื่นบาทถึงสองแสนบาท อันตรายสาหัสนั้น คือ (1) ตาบอด หูหนวก ลิ้นขาด หรือเสียฆานประสาท (2) เสียอวัยวะสืบพันธุ์ หรือความสามารถสืบพันธุ์ (3) เสียแขน ขา มือ เท้า นิ้วหรืออวัยวะอื่นใด (4) หน้าเสียโฉมอย่างติดตัว (5) แท้งลูก (6) จิตพิการอย่างติดตัว (7) ทุพพลภาพ หรือเจ็บป่วยเรื้อรังซึ่งอาจถึงตลอดชีวิต (8) ทุพพลภาพหรือเจ็บป่วยด้วยอาการทุกขเวทนาเกินกว่ายี่สิบวัน หรือจนประกอบภารกิจตามปกติไม่ได้เกินกว่ายี่สิบวัน

มาตรา 312 ทวิ: มาตราความผิดทางอาญา
ถ้าการกระทำความผิดตามมาตรา 310 ทวิ หรือมาตรา 312 เป็นการกระทำแก่เด็กอายุยังไม่เกินสิบห้าปี ผู้กระทำต้องระวางโทษจำคุกตั้งแต่ห้าปีถึงยี่สิบปี และปรับตั้งแต่หนึ่งแสนบาทถึงสี่แสนบาท

มาตรา 313: มาตราความผิดทางอาญา
ผู้ใดเพื่อให้ได้มาซึ่งค่าไถ่ (1) เอาตัวเด็กอายุยังไม่เกินสิบห้าปีไป (2) เอาตัวบุคคลอายุกว่าสิบห้าปีไป โดยใช้อุบายหลอกลวง ขู่เข็ญ ใช้กำลังประทุษร้าย ใช้อำนาจครอบงำผิดคลองธรรม หรือใช้วิธีข่มขืนใจด้วยประการใดๆ หรือ (3) หน่วงเหนี่ยวหรือกักขังบุคคลใด ต้องระวางโทษจำคุกตั้งแต่สิบห้าปีถึงยี่สิบปี และปรับตั้งแต่สามแสนบาทถึงสี่แสนบาท หรือจำคุกตลอดชีวิต หรือประหารชีวิต (ถ้าเป็นเหตุให้รับอันตรายสาหัสหรือถึงแก่ความตาย โทษคือประหารชีวิต)

มาตรา 318: ความผิดฐานกระทำอนาจาร
ผู้ใดพรากผู้เยาว์อายุกว่าสิบห้าปีแต่ยังไม่เกินสิบแปดปีไปเสียจากบิดามารดา ผู้ปกครอง หรือผู้ดูแล โดยผู้เยาว์นั้นไม่เต็มใจไปด้วย ต้องระวางโทษจำคุกตั้งแต่สองปีถึงสิบปี และปรับตั้งแต่สี่หมื่นบาทถึงสองแสนบาท (หากกระทำเพื่อหากำไรหรือเพื่อการอนาจาร โทษจะสูงขึ้นตามวรรคสาม)",นายแสบมีความผิดตามฐานกฎหมายดังต่อไปนี้ | 1. ฐานพรากผู้เยาว์อายุเกินกว่า 15 ปีแต่ยังไม่เกิน 18 ปีไปเสียจากบิดามารดาเพื่อหากำไรหรือเพื่อการอนาจารตามมาตรา 318 วรรคสาม | 2. ฐานเอาตัวบุคคลไปกักขังเรียกค่าไถ่เป็นเหตุให้ผู้ถูกเอาตัวไปได้รับอันตรายสาหัสตามมาตรา 313 วรรคสอง | 3. ฐานทำร้ายร่างกายผู้อื่นจนเป็นเหตุให้ได้รับอันตรายสาหัส (ดวงตาพร่ามัวตลอดชีวิต/ทุพพลภาพเรื้อรัง) ตามมาตรา 297(7) | 4. ฐานพยายามหน่วงเหนี่ยวกักขังผู้อื่นเพื่อให้กระทำการใดให้แก่ผู้กระทำ โดยใช้กำลังประทุษร้ายจนได้รับอันตรายสาหัสตามมาตรา 312 ทวิ วรรคสอง(2) ประกอบมาตรา 80,โจทย์นี้อยู่ในหมวดเสรีภาพและเรียกค่าไถ่,"มาตราที่ควรพิจารณา: 80, 297, 312 ทวิ, 313, 318

ตัวบทมาตราเต็ม:
มาตรา 80: พยายามกระทำความผิด
ผู้ใดลงมือกระทำความผิดแต่กระทำไปไม่ตลอด หรือกระทำไปตลอดแล้วแต่การกระทำนั้นไม่บรรลุผล ผู้นั้นได้ชื่อว่าพยายามกระทำความผิด
ผู้ใดพยายามกระทำความผิด ต้องระวางโทษสองในสามส่วนของโทษที่กฎหมายกำหนดไว้สำหรับความผิดนั้น

มาตรา 297: ทำร้ายร่างกายสาหัส
ผู้ใดกระทำความผิดฐานทำร้ายร่างกาย จนเป็นเหตุให้ผู้ถูกกระทำร้ายรับอันตรายสาหัส ต้องระวางโทษจำคุกตั้งแต่หกเดือนถึงสิบปี และปรับตั้งแต่หนึ่งหมื่นบาทถึงสองแสนบาท อันตรายสาหัสนั้น คือ (1) ตาบอด หูหนวก ลิ้นขาด หรือเสียฆานประสาท (2) เสียอวัยวะสืบพันธุ์ หรือความสามารถสืบพันธุ์ (3) เสียแขน ขา มือ เท้า นิ้วหรืออวัยวะอื่นใด (4) หน้าเสียโฉมอย่างติดตัว (5) แท้งลูก (6) จิตพิการอย่างติดตัว (7) ทุพพลภาพ หรือเจ็บป่วยเรื้อรังซึ่งอาจถึงตลอดชีวิต (8) ทุพพลภาพหรือเจ็บป่วยด้วยอาการทุกขเวทนาเกินกว่ายี่สิบวัน หรือจนประกอบภารกิจตามปกติไม่ได้เกินกว่ายี่สิบวัน

มาตรา 312 ทวิ: มาตราความผิดทางอาญา
ถ้าการกระทำความผิดตามมาตรา 310 ทวิ หรือมาตรา 312 เป็นการกระทำแก่เด็กอายุยังไม่เกินสิบห้าปี ผู้กระทำต้องระวางโทษจำคุกตั้งแต่ห้าปีถึงยี่สิบปี และปรับตั้งแต่หนึ่งแสนบาทถึงสี่แสนบาท

มาตรา 313: มาตราความผิดทางอาญา
ผู้ใดเพื่อให้ได้มาซึ่งค่าไถ่ (1) เอาตัวเด็กอายุยังไม่เกินสิบห้าปีไป (2) เอาตัวบุคคลอายุกว่าสิบห้าปีไป โดยใช้อุบายหลอกลวง ขู่เข็ญ ใช้กำลังประทุษร้าย ใช้อำนาจครอบงำผิดคลองธรรม หรือใช้วิธีข่มขืนใจด้วยประการใดๆ หรือ (3) หน่วงเหนี่ยวหรือกักขังบุคคลใด ต้องระวางโทษจำคุกตั้งแต่สิบห้าปีถึงยี่สิบปี และปรับตั้งแต่สามแสนบาทถึงสี่แสนบาท หรือจำคุกตลอดชีวิต หรือประหารชีวิต (ถ้าเป็นเหตุให้รับอันตรายสาหัสหรือถึงแก่ความตาย โทษคือประหารชีวิต)

มาตรา 318: ความผิดฐานกระทำอนาจาร
ผู้ใดพรากผู้เยาว์อายุกว่าสิบห้าปีแต่ยังไม่เกินสิบแปดปีไปเสียจากบิดามารดา ผู้ปกครอง หรือผู้ดูแล โดยผู้เยาว์นั้นไม่เต็มใจไปด้วย ต้องระวางโทษจำคุกตั้งแต่สองปีถึงสิบปี และปรับตั้งแต่สี่หมื่นบาทถึงสองแสนบาท (หากกระทำเพื่อหากำไรหรือเพื่อการอนาจาร โทษจะสูงขึ้นตามวรรคสาม)",แยกประเด็นเป็นข้อเท็จจริง หลักกฎหมาย การปรับบท และสรุปความรับผิดของแต่ละคน,จับประเด็นข้อเท็จจริงสำคัญ (3 คะแนน) | ระบุหลักกฎหมายและมาตราที่เกี่ยวข้องถูกต้อง (4 คะแนน) | ปรับบทกับข้อเท็จจริงครบถ้วน (6 คะแนน) | สรุปฐานความผิด เหตุยกเว้น หรือผลทางอาญาชัดเจน (2 คะแนน),นำเข้าจาก pasted-text.txt สำหรับวิชา 41216 วันที่ 2026-07-16

